dataSet,num_nodes,num_edges,spmm_tcu,spmm_cuda,1,2,3,4,5,6,7,8,density,speedup
144,144650,1074393,0.1993,0.2457,0.2022,0.2832,0.2503,0.2476,0.2462,0.2465,0.2465,0.247,0,0.99
2D_27628_bjtcai,27629,442898,0.0265,0.0437,0.0279,0.0263,0.0294,0.0376,0.0376,0.0386,0.0441,0.0443,2,1.01
2D_54019_highK,54020,996414,0.0484,0.0954,0.0508,0.049,0.0549,0.0695,0.0729,0.0779,0.0909,0.0916,0,0.99
333SP,3712816,11108633,5.979,8.0922,5.9786,11.6987,8.664,8.1023,8.0916,8.0887,8.0899,8.0899,1,1.0
3D_28984_Tetra,28985,599170,0.0323,0.0536,0.0335,0.0327,0.0327,0.0466,0.0482,0.0499,0.0548,0.0549,0,0.99
3D_51448_3D,51449,1056610,0.056,0.0961,0.0556,0.0524,0.0581,0.0818,0.0851,0.0893,0.0975,0.0966,2,1.07
3Dspectralwave,680944,17165766,1.4633,1.8007,1.4419,2.3074,2.4284,2.4309,2.1868,1.9411,1.8557,1.8373,1,1.01
3Dspectralwave2,292009,7307376,0.6178,0.773,0.6196,0.9813,1.0368,1.052,0.9246,0.8152,0.7922,0.7857,0,1.0
3dtube,45331,1629474,0.06,0.1486,0.0606,0.0614,0.0654,0.081,0.0843,0.1081,0.1255,0.1343,0,0.99
598a,110972,741934,0.1322,0.1798,0.1351,0.1838,0.177,0.1788,0.1762,0.1744,0.1759,0.1764,0,0.98
a0nsdsil,80017,200021,0.0335,0.038,0.0368,0.0466,0.0459,0.0466,0.0458,0.046,0.0458,0.0458,0,0.91
a2nnsnsl,80017,196115,0.033,0.038,0.036,0.0458,0.0458,0.0458,0.0458,0.045,0.0441,0.0434,0,0.92
a5esindl,60009,145004,0.0259,0.029,0.0278,0.0351,0.0351,0.0351,0.0351,0.0351,0.0351,0.0351,0,0.93
adaptive,6815745,13624320,8.8913,12.6918,9.2807,18.8928,14.5966,12.6904,12.6908,12.6909,12.6909,12.6911,0,0.96
af_0_k101,503626,9027150,0.6134,0.9709,0.6262,0.9212,1.173,1.4125,1.5944,1.7252,1.6655,1.555,0,0.98
af_1_k101,503626,9027150,0.6133,0.9505,0.6258,0.9228,1.1726,1.4118,1.5941,1.7251,1.6654,1.5546,0,0.98
af_2_k101,503626,9027150,0.6134,0.9713,0.6269,0.9211,1.1731,1.4126,1.5945,1.7258,1.6648,1.555,0,0.98
af_3_k101,503626,9027150,0.6134,0.9503,0.6298,0.923,1.1723,1.4121,1.5948,1.7256,1.6664,1.5551,0,0.97
af_4_k101,503626,9027150,0.6135,0.9505,0.6254,0.9214,1.1725,1.4123,1.5945,1.7255,1.6656,1.5541,0,0.98
af_5_k101,503626,9027150,0.6133,0.9504,0.6253,0.9224,1.1732,1.4121,1.5945,1.726,1.6661,1.5553,0,0.98
af_shell1,504856,9046865,0.6168,0.9395,0.6288,0.8819,1.1627,1.3407,1.5486,1.7014,1.6691,1.5686,0,0.98
af_shell10,1508066,27090195,1.8301,2.7832,1.8717,2.6584,3.5348,4.0292,4.6527,4.9771,4.9807,4.6937,0,0.98
af_shell2,504856,9046865,0.6167,0.9398,0.6292,0.8816,1.1619,1.3408,1.5484,1.7011,1.669,1.57,0,0.98
af_shell3,504856,9046865,0.6168,0.9394,0.6291,0.8819,1.1623,1.3406,1.5488,1.7012,1.669,1.5698,0,0.98
af_shell4,504856,9046865,0.6166,0.9395,0.6334,0.882,1.1629,1.341,1.5485,1.701,1.6689,1.5688,0,0.97
af_shell5,504856,9046865,0.6166,0.9391,0.6295,0.8817,1.1624,1.3407,1.5486,1.7013,1.6692,1.5687,0,0.98
af_shell6,504856,9046865,0.6167,0.9396,0.6289,0.8816,1.1629,1.3408,1.5487,1.7008,1.6689,1.5696,0,0.98
af_shell7,504856,9046865,0.6165,0.9397,0.6332,0.8806,1.1629,1.3406,1.549,1.7009,1.6688,1.5687,0,0.97
af_shell8,504856,9046865,0.6169,0.9399,0.6336,0.8814,1.1625,1.3406,1.5489,1.701,1.6695,1.5688,0,0.97
af_shell9,504856,9046865,0.6166,0.9397,0.629,0.8815,1.1632,1.3413,1.5491,1.7011,1.6692,1.5691,0,0.98
ak2010,45293,108549,0.0229,0.0217,0.027,0.0286,0.023,0.0213,0.0213,0.0224,0.022,0.0213,4,1.02
Andrews,60001,410077,0.0607,0.0511,0.0621,0.0531,0.0515,0.0515,0.0515,0.0515,0.0516,0.0516,9,0.99
AS365,3799276,11368076,7.1108,9.2958,7.2179,12.2812,9.544,9.3074,9.296,9.2966,9.2969,9.2965,0,0.99
as-caida,31380,106762,0.0209,0.0192,0.0229,0.0253,0.0213,0.0205,0.0204,0.0204,0.0197,0.0204,9,0.97
ASIC_680k,682863,3871773,1.3895,1.9653,1.3566,2.6746,2.7355,2.7403,2.7405,2.7409,2.742,2.7396,1,1.02
as-Skitter,1696416,11095298,2.2092,3.2022,2.2686,4.0411,4.0632,3.9922,3.9259,3.8717,3.8332,3.8085,0,0.97
astro-ph,16707,121251,0.0143,0.0158,0.0156,0.0163,0.0147,0.0139,0.0138,0.0147,0.0147,0.0146,5,1.04
audikw_1,943696,39297771,1.8432,3.991,1.8407,2.5307,3.1707,3.7585,3.9213,4.1792,4.4887,4.4123,1,1.0
auto,448696,3314611,0.67,0.9321,0.6738,1.1561,1.0293,0.9589,0.9447,0.9339,0.9301,0.9326,0,0.99
barrier2-1,113077,3805068,0.3618,0.3896,0.3631,0.4379,0.4711,0.3951,0.4271,0.4253,0.424,0.424,0,1.0
barrier2-10,115626,3897557,0.3834,0.4335,0.3848,0.4814,0.502,0.4362,0.4387,0.4352,0.4352,0.4344,0,1.0
barrier2-11,115626,3897557,0.3834,0.4332,0.385,0.4812,0.5021,0.4379,0.4378,0.4365,0.4349,0.4346,0,1.0
barrier2-12,115626,3897557,0.3836,0.4341,0.3849,0.4825,0.5019,0.436,0.439,0.436,0.4345,0.4348,0,1.0
barrier2-2,113077,3805068,0.3724,0.4228,0.3743,0.4449,0.4847,0.4242,0.4272,0.4255,0.4243,0.4241,0,0.99
barrier2-3,113077,3805068,0.3726,0.423,0.3742,0.4439,0.484,0.426,0.4271,0.4249,0.4238,0.4237,0,1.0
barrier2-4,113077,3805068,0.3724,0.4232,0.3736,0.4437,0.4828,0.426,0.4268,0.4251,0.4241,0.4235,0,1.0
barrier2-9,115626,3897557,0.3835,0.433,0.3849,0.4813,0.5046,0.4374,0.4388,0.4358,0.4349,0.4346,0,1.0
bauru5727,40367,145019,0.0214,0.0242,0.0236,0.0328,0.0302,0.0261,0.0253,0.0253,0.0252,0.0253,0,0.91
bbmat,38745,1771722,0.0704,0.1708,0.072,0.0761,0.0736,0.0754,0.0868,0.0926,0.1646,0.1729,0,0.98
bcsstk17,10975,219812,0.0128,0.0216,0.0148,0.0147,0.0155,0.0171,0.018,0.0172,0.0197,0.022,0,0.87
bcsstk18,11949,80519,0.0108,0.0135,0.0122,0.0139,0.0138,0.0131,0.0132,0.0131,0.0131,0.0132,0,0.89
bcsstk25,15440,133840,0.0122,0.0175,0.014,0.0171,0.018,0.0171,0.0172,0.018,0.018,0.018,0,0.87
bcsstk29,13993,316740,0.0159,0.0297,0.0171,0.0172,0.0187,0.0188,0.0196,0.022,0.0238,0.0278,0,0.93
bcsstk30,28925,1036208,0.0375,0.1026,0.0392,0.0401,0.0425,0.0491,0.0549,0.0679,0.0763,0.0859,0,0.96
bcsstk31,35589,608502,0.0308,0.061,0.0326,0.0368,0.0421,0.0467,0.0499,0.0524,0.0549,0.0582,0,0.94
bcsstk32,44610,1029655,0.0395,0.0946,0.0417,0.0442,0.0492,0.054,0.0597,0.0654,0.0729,0.0779,0,0.95
bcsstk35,30238,740200,0.0281,0.0675,0.0296,0.0318,0.0335,0.0369,0.0385,0.0459,0.0491,0.0557,0,0.95
bcsstk36,23053,583096,0.0226,0.0535,0.0246,0.0254,0.027,0.0294,0.0318,0.0336,0.0376,0.0409,0,0.92
bcsstk37,25504,583240,0.0223,0.0544,0.0245,0.0255,0.0279,0.0286,0.0321,0.0352,0.0384,0.0425,0,0.91
bcsstk39,46773,1068033,0.0435,0.0995,0.0458,0.0491,0.054,0.0671,0.0745,0.0909,0.0941,0.0958,0,0.95
bcsstm36,23053,166389,0.0146,0.0192,0.0164,0.018,0.0195,0.018,0.018,0.0197,0.0196,0.0197,0,0.89
belgium_osm,1441296,1549970,1.4587,2.3195,1.6063,2.5134,2.3214,2.3205,2.3206,2.32,2.3205,2.3197,0,0.91
BenElechi1,245875,6698185,0.3286,0.5621,0.3287,0.4888,0.4895,0.7152,0.7158,0.8106,0.8103,0.8537,0,1.0
blockqp1,60013,340022,0.0353,0.0445,0.0367,0.0565,0.0491,0.0491,0.0491,0.0491,0.0491,0.0491,0,0.96
bloweya,30005,80005,0.016,0.0183,0.0171,0.0228,0.0245,0.0196,0.0197,0.0195,0.0196,0.0196,0,0.94
bloweybl,30004,70001,0.0145,0.0191,0.0171,0.0226,0.0229,0.0196,0.0196,0.0197,0.0197,0.0196,0,0.85
bmw3_2,227363,5757996,0.3165,0.5868,0.3227,0.4108,0.5614,0.65,0.6907,0.6871,0.6778,0.6699,0,0.98
bmw7st_1,141348,3740507,0.199,0.3722,0.2017,0.233,0.3114,0.3648,0.404,0.4138,0.4227,0.4177,0,0.99
bmwcra_1,148771,5396386,0.2457,0.556,0.2474,0.3085,0.3936,0.4642,0.4947,0.515,0.5574,0.5702,0,0.99
bone010,986704,36326514,1.4954,3.8028,1.5236,2.0796,2.8006,3.0526,3.4866,3.4252,3.5897,3.8058,0,0.98
boneS01,127225,3421188,0.1794,0.3266,0.1812,0.2312,0.3137,0.3633,0.3994,0.402,0.3772,0.362,0,0.99
boneS10,914899,28191660,1.3235,2.7738,1.3289,1.9177,2.5269,2.8132,3.1033,3.029,3.0046,3.0309,0,1.0
boyd1,93280,652246,0.1175,0.2077,0.1226,0.1577,0.1695,0.1776,0.1933,0.2038,0.2085,0.2076,0,0.96
boyd2,466317,890091,0.5529,0.8835,0.6303,1.0878,1.0821,1.0816,1.0827,1.0818,1.0821,1.082,0,0.88
brack2,62632,366559,0.0372,0.0445,0.0392,0.0532,0.0571,0.0555,0.0515,0.0473,0.0461,0.0457,0,0.95
brainpc2,27608,96601,0.0119,0.0158,0.013,0.0202,0.0203,0.0203,0.0204,0.0203,0.0204,0.0204,0,0.92
bratu3d,27793,88627,0.0132,0.0134,0.0146,0.0154,0.0154,0.0139,0.0138,0.0137,0.0138,0.0138,0,0.96
Bump_2911,2911420,65320659,3.8707,6.0851,3.935,5.7581,7.9243,9.2882,9.5183,9.3822,6.6871,6.5239,0,0.98
bundle1,10582,390741,0.0129,0.024,0.0147,0.0154,0.0163,0.017,0.0171,0.0171,0.017,0.0161,0,0.88
bundle_adj,513352,10360701,0.6407,0.9502,0.6631,1.0586,1.2954,1.4435,1.4537,1.4661,1.4726,1.4761,0,0.97
c-42,10472,60378,0.0108,0.0101,0.0122,0.0097,0.0098,0.0097,0.0089,0.009,0.0089,0.009,5,1.13
c-43,11126,67400,0.0094,0.0093,0.0114,0.0105,0.0098,0.0097,0.0098,0.0097,0.0097,0.0098,9,0.96
c-45,13207,93829,0.0083,0.0102,0.0097,0.0114,0.0113,0.0113,0.0114,0.0113,0.0114,0.0114,0,0.86
c-46,14914,72655,0.0109,0.0109,0.0122,0.013,0.0122,0.0122,0.0122,0.0121,0.0122,0.0113,9,0.96
c-47,15344,113372,0.0156,0.0142,0.017,0.0162,0.0146,0.0154,0.0154,0.0147,0.0152,0.0154,9,0.97
c-48,18355,92217,0.0133,0.0134,0.0146,0.0146,0.0146,0.0146,0.0146,0.0147,0.0146,0.0146,0,0.91
c-49,21133,89087,0.0144,0.015,0.0155,0.0155,0.0154,0.0154,0.0154,0.0154,0.0154,0.0154,0,0.94
c-50,22402,108013,0.0147,0.0166,0.0162,0.0171,0.017,0.017,0.0171,0.0172,0.017,0.017,0,0.91
c-51,23197,113123,0.0153,0.0166,0.017,0.0178,0.017,0.0171,0.0169,0.017,0.017,0.017,0,0.91
c-52,23949,113332,0.0155,0.0174,0.017,0.0178,0.0171,0.0194,0.0188,0.0187,0.0187,0.0187,0,0.91
c-53,30236,201224,0.0201,0.0232,0.022,0.0261,0.0253,0.0253,0.0246,0.0244,0.0244,0.0244,0,0.91
c-54,31794,211743,0.0217,0.029,0.0236,0.0268,0.0268,0.0269,0.026,0.026,0.0268,0.0269,0,0.92
c-55,32781,218115,0.0268,0.0322,0.0285,0.0293,0.0301,0.031,0.0309,0.0302,0.0309,0.031,0,0.94
c-56,35911,208405,0.0231,0.029,0.0253,0.0301,0.0294,0.0293,0.0294,0.0294,0.0293,0.0294,0,0.91
c-57,37834,221515,0.0217,0.0265,0.0244,0.0309,0.031,0.0301,0.0301,0.0302,0.0293,0.0293,0,0.89
c-58,37596,295076,0.0369,0.0418,0.0391,0.0384,0.0391,0.0405,0.0408,0.0407,0.0407,0.0411,0,0.96
c-59,41283,260909,0.0312,0.038,0.0386,0.0367,0.036,0.0375,0.0367,0.0378,0.0367,0.0368,0,0.87
c-60,43641,171109,0.025,0.0298,0.0285,0.0342,0.0334,0.0334,0.0327,0.0326,0.0317,0.0318,0,0.88
c-61,43619,176817,0.0269,0.0306,0.0291,0.0342,0.0326,0.0326,0.0318,0.0309,0.0309,0.0313,0,0.92
c-62,41732,300537,0.0356,0.0428,0.0383,0.0391,0.0408,0.0409,0.041,0.041,0.0417,0.0417,0,0.93
c-62ghs,41732,300537,0.0358,0.0429,0.0382,0.0391,0.0409,0.0409,0.0408,0.0409,0.0416,0.0416,0,0.94
c-63,44235,239469,0.0289,0.0363,0.0311,0.0367,0.0358,0.0358,0.0352,0.0358,0.035,0.0359,0,0.93
c-64,51036,384438,0.0304,0.0404,0.0335,0.0425,0.0408,0.0408,0.0408,0.0407,0.0408,0.0399,0,0.91
c-64b,51036,384438,0.0305,0.0404,0.0334,0.0425,0.0416,0.0408,0.0408,0.0408,0.0408,0.0407,0,0.91
c-65,48067,204297,0.0286,0.0338,0.031,0.0375,0.0358,0.0359,0.0351,0.035,0.0342,0.0342,0,0.92
c-66,49990,274498,0.0307,0.0412,0.0334,0.0408,0.04,0.0407,0.04,0.0399,0.0398,0.04,0,0.92
c-66b,49990,274498,0.0307,0.0413,0.0334,0.0408,0.04,0.0407,0.04,0.04,0.04,0.0399,0,0.92
c-67b,57976,294955,0.0295,0.0397,0.0325,0.0457,0.044,0.044,0.0432,0.0432,0.0432,0.0433,0,0.91
c-68,64811,315408,0.0407,0.051,0.0432,0.0539,0.0538,0.0539,0.0539,0.0531,0.0522,0.0516,0,0.94
c-69,67459,345714,0.0409,0.053,0.0442,0.0556,0.0541,0.0548,0.054,0.0542,0.0531,0.0536,0,0.93
c-70,68925,363955,0.0429,0.0579,0.0473,0.064,0.0633,0.0629,0.0609,0.0603,0.0601,0.0593,0,0.91
c-71,76639,468096,0.0712,0.1148,0.0765,0.1122,0.1117,0.1124,0.1098,0.1114,0.1112,0.1116,0,0.93
c-73,169423,724348,0.2366,0.3341,0.2445,0.3524,0.345,0.3416,0.3416,0.3433,0.3432,0.3451,0,0.97
c-73b,169423,724348,0.2366,0.3338,0.2446,0.3519,0.3444,0.3432,0.3436,0.3467,0.3437,0.3446,0,0.97
ca-AstroPh,18773,198110,0.0334,0.0274,0.0343,0.0284,0.0277,0.0276,0.0277,0.0277,0.0285,0.0277,9,0.99
ca-CondMat,23134,93497,0.021,0.0158,0.022,0.0179,0.0162,0.0162,0.0161,0.0162,0.0162,0.0163,9,0.98
cage14,1505786,27130349,4.8634,5.1814,4.9421,7.6318,6.4392,5.3571,5.1819,5.206,5.1823,5.1811,0,0.98
cage15,5154860,99199551,21.0214,22.1634,21.1695,30.6914,26.4162,22.7337,22.1685,22.1593,22.1607,22.1594,0,0.99
ca-HepPh,12009,118521,0.0198,0.0158,0.0211,0.0195,0.0178,0.0162,0.017,0.0171,0.017,0.017,9,0.98
caidaRouterLevel,192245,609066,0.1803,0.2729,0.1867,0.3612,0.2798,0.2753,0.2732,0.2709,0.2713,0.2753,0,0.97
cant,62452,2034917,0.0754,0.2035,0.0774,0.0807,0.0901,0.1004,0.1159,0.1391,0.1659,0.1802,0,0.97
case39,40217,526139,0.0225,0.0404,0.0261,0.0269,0.0276,0.0293,0.0301,0.0309,0.031,0.0334,0,0.86
case9,14455,75801,0.0079,0.0101,0.0089,0.0121,0.0105,0.0105,0.0113,0.0114,0.0114,0.0113,0,0.89
c-big,345242,1343126,0.5031,0.7145,0.5354,0.831,0.826,0.8135,0.7827,0.7613,0.7541,0.7395,0,0.94
cbuckle,13682,345098,0.0163,0.0321,0.0179,0.0146,0.0162,0.017,0.017,0.0178,0.0194,0.0235,2,1.12
ccc,49153,73728,0.0166,0.0248,0.0186,0.0253,0.0254,0.0253,0.0253,0.0253,0.0253,0.0254,0,0.89
cfd1,70657,949510,0.078,0.1128,0.0811,0.086,0.1043,0.103,0.1053,0.1066,0.1112,0.1119,0,0.96
Chebyshev4,68122,5377761,0.29,0.6359,0.293,0.294,0.3594,0.4341,0.6273,0.6342,0.6374,0.6371,0,0.99
circuit_4,80210,307604,0.0915,0.1183,0.0916,0.1069,0.1161,0.1209,0.1141,0.1164,0.117,0.1178,0,1.0
circuit5M,5558327,59524291,16.59,21.8956,16.8758,25.9493,27.7981,27.8361,27.8474,27.8401,27.8393,27.832,0,0.98
circuit5M_dc,3523318,19194193,6.8032,8.9571,6.9605,11.9697,10.6743,9.1419,8.9937,8.9794,8.9694,8.9682,0,0.98
citationCiteseer,268496,1156647,0.3301,0.4226,0.3349,0.4227,0.4221,0.4179,0.421,0.4182,0.4176,0.4215,0,0.99
cit-Patents,3774769,16518948,8.7582,9.8995,8.8703,10.2874,9.9165,9.9,9.897,9.8977,9.8967,9.8972,0,0.99
ckt11752_dc_1,49703,333029,0.0307,0.0339,0.0325,0.0449,0.0449,0.0407,0.0392,0.0384,0.0383,0.0375,0,0.94
ckt11752_tr_0,49703,333029,0.0307,0.0339,0.0326,0.045,0.0449,0.0408,0.039,0.0383,0.0383,0.0374,0,0.94
cnr-2000,325558,3216152,0.3772,0.5536,0.3848,0.6905,0.7041,0.6983,0.6859,0.6765,0.6671,0.6531,0,0.98
CO,221120,3943588,0.4001,0.4534,0.4027,0.7535,0.7547,0.7533,0.7485,0.689,0.6766,0.4545,0,0.99
coAuthorsCiteseer,227321,814134,0.221,0.3533,0.2269,0.4623,0.4724,0.4385,0.4084,0.3825,0.3755,0.3706,0,0.97
coAuthorsDBLP,299068,977676,0.2927,0.4686,0.3001,0.6453,0.6422,0.5942,0.5453,0.5176,0.4953,0.4859,0,0.98
cond-mat-2003,31164,120029,0.0185,0.0199,0.0203,0.0277,0.0246,0.022,0.0212,0.0213,0.0205,0.0208,0,0.91
cond-mat-2005,40422,175693,0.0256,0.0273,0.027,0.0367,0.0334,0.0302,0.0286,0.0285,0.0285,0.0286,0,0.95
conf5_4-8x8-05,49153,1916928,0.0894,0.1977,0.0908,0.0915,0.0989,0.1465,0.1678,0.176,0.1986,0.1982,0,0.98
conf5_4-8x8-10,49153,1916928,0.0893,0.1979,0.0907,0.0907,0.099,0.1465,0.1677,0.1759,0.1983,0.1982,0,0.98
conf5_4-8x8-15,49153,1916928,0.0893,0.1977,0.0908,0.0915,0.0991,0.1465,0.1678,0.1759,0.1989,0.1979,0,0.98
conf5_4-8x8-20,49153,1916928,0.0895,0.1977,0.0908,0.0907,0.099,0.1465,0.1678,0.1759,0.1984,0.1981,0,0.99
conf6_0-8x8-20,49153,1916928,0.0892,0.1977,0.0907,0.0916,0.0989,0.1465,0.1678,0.1761,0.1978,0.1983,0,0.98
conf6_0-8x8-30,49153,1916928,0.0894,0.1977,0.0908,0.0915,0.099,0.1465,0.1678,0.1761,0.198,0.1983,0,0.98
conf6_0-8x8-80,49153,1916928,0.0895,0.1978,0.0907,0.0907,0.099,0.1465,0.1679,0.176,0.1981,0.1986,0,0.99
consph,83335,3046907,0.1356,0.3203,0.1375,0.1416,0.1798,0.2058,0.245,0.2653,0.288,0.2903,0,0.99
cont-201,80596,239596,0.0342,0.0462,0.0374,0.0621,0.0621,0.0465,0.0466,0.0465,0.0465,0.0465,0,0.91
cont-300,180896,539396,0.1869,0.2818,0.1957,0.4286,0.4279,0.2829,0.2827,0.2836,0.284,0.2831,0,0.96
coPapersCiteseer,434103,16036720,0.7631,1.6234,0.7828,1.1231,1.2633,1.3337,1.3717,1.4266,1.4498,1.5806,0,0.97
coPapersDBLP,540487,15245729,0.9157,1.7048,0.9432,1.4748,1.6173,1.6854,1.7029,1.7089,1.7338,1.8297,0,0.97
copter1,17223,114143,0.013,0.0142,0.0137,0.0163,0.0195,0.0146,0.0146,0.0154,0.0146,0.0146,0,0.95
CoupCons3D,416801,22322336,1.0344,2.1916,1.0539,1.7141,1.7171,2.0002,2.1188,2.1924,2.193,2.5689,0,0.98
crankseg_1,52805,5333507,0.1793,0.5002,0.1804,0.1751,0.1867,0.2508,0.2786,0.3366,0.3993,0.4336,2,1.02
crankseg_2,63839,7106348,0.2478,0.7285,0.2492,0.2425,0.2657,0.3442,0.3854,0.4567,0.5405,0.5817,2,1.02
crplat2,18011,489478,0.0183,0.0461,0.0195,0.0203,0.0203,0.022,0.022,0.0261,0.026,0.0334,0,0.94
crystk02,13966,491274,0.0199,0.0486,0.0211,0.0203,0.0228,0.022,0.0268,0.0285,0.0334,0.0408,0,0.98
crystk03,24697,887937,0.0321,0.087,0.0334,0.0333,0.0351,0.0391,0.0465,0.0514,0.0613,0.0711,0,0.96
crystm02,13966,168435,0.0179,0.0224,0.0187,0.0195,0.022,0.0228,0.0228,0.0228,0.0228,0.0228,0,0.96
crystm03,24697,304233,0.0286,0.0379,0.0293,0.0318,0.0391,0.0383,0.0384,0.0383,0.0383,0.0383,0,0.98
ct2010,67579,168176,0.0338,0.033,0.0358,0.0481,0.0351,0.0334,0.0335,0.0334,0.0335,0.0334,9,0.99
ct20stif,52330,1375396,0.0501,0.1322,0.053,0.0555,0.0605,0.0694,0.0761,0.0892,0.0997,0.1105,0,0.95
Cube_Coup_dt0,2164761,64685452,3.2016,5.9453,3.2248,5.6335,5.8316,6.6459,7.1795,7.1838,7.1842,6.173,0,0.99
Cube_Coup_dt6,2164761,64685452,3.2024,5.9578,3.1867,5.6327,5.8311,6.6462,7.1797,7.1831,7.1833,6.1737,1,1.0
CurlCurl_0,11084,62213,0.0072,0.0093,0.0081,0.0105,0.0113,0.0097,0.0096,0.0097,0.0097,0.0097,0,0.89
CurlCurl_4,2380516,14448191,2.8861,4.6726,2.7773,5.4907,7.4703,4.7731,4.6887,4.6721,4.6728,4.6722,1,1.04
cvxqp3,17501,69981,0.0123,0.0118,0.0138,0.0121,0.0122,0.0122,0.0122,0.0122,0.0123,0.0122,9,0.98
cyl6,13682,363961,0.0156,0.0305,0.0163,0.0154,0.0154,0.017,0.0169,0.0179,0.0171,0.022,2,1.01
darcy003,389875,1167685,0.5961,0.8583,0.618,1.1005,1.0049,0.8695,0.8584,0.8578,0.8578,0.859,0,0.96
dawson5,51538,531157,0.0365,0.0527,0.0383,0.0465,0.0539,0.0534,0.0546,0.0531,0.053,0.0531,0,0.95
dblp-2010,326187,807700,0.3238,0.4628,0.3415,0.5703,0.579,0.5373,0.4999,0.4794,0.4731,0.4669,0,0.95
dc3,116836,766396,0.1625,0.2236,0.1666,0.3471,0.3637,0.37,0.3693,0.3645,0.3607,0.3583,0,0.98
de2010,24116,58028,0.0145,0.0128,0.0162,0.0178,0.0138,0.013,0.013,0.013,0.013,0.013,9,0.98
debr,1048577,2097149,1.4498,2.0209,1.4461,2.7252,2.0226,2.0218,2.022,2.0226,2.0223,2.022,1,1.0
delaunay_n15,32769,98274,0.0142,0.0159,0.0153,0.0236,0.0252,0.0219,0.0179,0.0162,0.0162,0.0162,0,0.93
delaunay_n16,65537,196575,0.0264,0.0298,0.0284,0.0449,0.0473,0.0415,0.0325,0.031,0.0311,0.0307,0,0.93
delaunay_n17,131073,393176,0.1424,0.2108,0.1474,0.2698,0.2788,0.2368,0.2142,0.2163,0.2134,0.2131,0,0.97
delaunay_n18,262145,786396,0.2931,0.4709,0.3012,0.6131,0.6765,0.6085,0.4895,0.4714,0.4709,0.4701,0,0.97
delaunay_n19,524289,1572823,0.5948,0.9661,0.612,1.2467,1.3782,1.2536,1.0449,0.9738,0.9662,0.9654,0,0.97
delaunay_n20,1048577,3145686,1.1902,1.9372,1.2213,2.5266,2.7675,2.4854,2.0758,1.9516,1.9369,1.9361,0,0.97
delaunay_n21,2097153,6291408,2.3837,3.9228,2.4466,5.0402,5.5502,5.0575,4.2368,3.9543,3.922,3.9191,0,0.97
delaunay_n22,4194305,12582869,4.7605,7.7683,4.8808,10.1276,11.0831,9.9649,8.3474,7.8373,7.7707,7.7658,0,0.98
denormal,89401,622812,0.1039,0.1568,0.1115,0.2981,0.2321,0.1566,0.157,0.157,0.1567,0.1568,0,0.93
dictionary28,52653,89038,0.0199,0.019,0.0211,0.0269,0.0219,0.0203,0.0194,0.0195,0.0195,0.0212,9,0.98
dielFilterV2clx,607233,12958252,1.0342,1.3885,1.0238,2.0001,2.1674,2.1,1.9464,1.8024,1.7163,1.6409,1,1.01
dielFilterV2real,1157457,24848204,1.978,2.8529,1.9937,3.8591,4.1411,3.976,3.7237,3.4108,3.4043,3.2302,0,0.99
dielFilterV3clx,420409,16653308,0.9544,1.6742,0.9602,1.4149,1.5888,1.6905,1.7628,1.7948,1.8163,1.8088,0,0.99
Dubcova1,16130,134569,0.0125,0.0158,0.0137,0.017,0.0178,0.017,0.0154,0.0154,0.0161,0.0162,0,0.91
Dubcova3,146690,1891669,0.2185,0.3011,0.2212,0.2947,0.433,0.4338,0.4415,0.4397,0.3983,0.4014,0,0.99
e40r0100,17282,553562,0.0343,0.0585,0.0351,0.0335,0.0343,0.0392,0.045,0.0498,0.054,0.058,2,1.02
EAT_RS,23220,325592,0.0507,0.0429,0.0523,0.0473,0.0441,0.0432,0.0433,0.0432,0.0433,0.0433,9,0.99
ecology1,1000001,2998000,1.1409,1.6865,1.1412,3.0523,1.6881,1.6879,1.6883,1.6881,1.6881,1.6876,0,1.0
ecology2,1000000,2997995,1.1396,1.6871,1.1404,3.053,1.6881,1.6879,1.6877,1.6877,1.6884,1.6883,0,1.0
email-Enron,36693,183831,0.0245,0.0273,0.0261,0.0301,0.0309,0.0309,0.031,0.0301,0.0301,0.0301,0,0.94
Emilia_923,923137,20964171,1.3023,2.019,1.2953,2.0511,2.693,3.0299,2.9348,2.6943,2.2119,2.0445,1,1.01
engine,143572,2424822,0.2382,0.3097,0.2442,0.308,0.3864,0.4192,0.4165,0.3816,0.3176,0.3162,0,0.98
enron,69245,276143,0.0376,0.0355,0.0392,0.0341,0.0334,0.0342,0.0335,0.0342,0.0343,0.0351,3,1.06
eu-2005,862665,19235140,1.4421,2.0372,1.4261,2.4646,2.5576,2.569,2.5481,2.5244,2.4853,2.4322,1,1.01
ex11,16615,1096948,0.0376,0.1027,0.0383,0.0367,0.0383,0.0398,0.0474,0.0582,0.0744,0.0884,2,1.02
ex19,12006,259879,0.0167,0.0273,0.0178,0.0187,0.0194,0.0202,0.0277,0.0276,0.0276,0.0278,0,0.94
F1,343792,13590452,0.8674,1.3932,0.8665,1.1161,1.3255,1.518,1.5008,1.4549,1.4049,1.3956,1,1.0
F2,71506,2682895,0.1229,0.265,0.124,0.1275,0.139,0.1935,0.203,0.2155,0.2291,0.2551,0,0.99
Fault_639,638803,14626683,0.8916,1.3361,0.8875,1.3628,1.8203,2.1411,2.1092,1.9762,1.5936,1.5001,1,1.0
fcondp2,201823,5748069,0.2801,0.5185,0.2829,0.3479,0.453,0.5516,0.6111,0.6542,0.6823,0.6762,0,0.99
fem_hifreq_circuit,491101,20239237,1.5674,1.9924,1.5622,2.1766,2.7044,2.5743,2.4494,2.2749,2.1982,2.071,1,1.0
filter3D,106438,1406808,0.1534,0.193,0.1553,0.2803,0.2888,0.2609,0.1929,0.1914,0.1933,0.193,0,0.99
finance256,37377,167936,0.0214,0.0248,0.0236,0.0317,0.0276,0.0294,0.0276,0.0277,0.0277,0.0277,0,0.91
Flan_1565,1564795,59485419,2.4431,5.8682,2.4926,3.4288,4.5204,4.9917,5.4865,5.3117,5.6691,5.8252,0,0.98
flickr,820879,9837214,1.8399,1.8646,1.8644,2.1798,2.1246,2.0427,1.9813,1.9336,1.8965,1.8664,0,0.99
foldoc,13357,120238,0.0137,0.0166,0.0146,0.0154,0.0162,0.0163,0.017,0.017,0.0171,0.017,0,0.94
Freescale1,3428756,18920347,7.8535,10.0013,8.0651,12.3807,11.5069,10.1444,10.0381,10.0195,10.0128,10.0104,0,0.97
fullb,199188,5953632,0.301,0.5602,0.3089,0.3299,0.4957,0.5195,0.6396,0.6477,0.6857,0.6852,0,0.97
FullChip,2987013,26621990,6.8267,9.327,6.906,11.4637,13.6312,13.7198,13.6774,13.4569,12.409,10.9773,0,0.99
fxm4_6,18893,258368,0.0197,0.0281,0.0211,0.0187,0.0203,0.0218,0.0237,0.0245,0.0252,0.026,2,1.05
G2_circuit,150103,438388,0.175,0.2623,0.1764,0.4414,0.2617,0.262,0.2613,0.2616,0.2617,0.259,0,0.99
G3_circuit,1585479,4623152,2.0496,3.0781,2.0529,4.6886,3.0782,3.0786,3.077,3.0782,3.0785,3.0771,0,1.0
Ga10As10H30,113082,3114357,0.2353,0.3316,0.237,0.3897,0.3918,0.3917,0.4012,0.4078,0.4234,0.3488,0,0.99
Ga19As19H42,133124,4508981,0.3117,0.5133,0.3146,0.4677,0.4679,0.4868,0.5301,0.5469,0.5862,0.5023,0,0.99
Ga3As3H12,61350,3016148,0.1693,0.3374,0.171,0.1684,0.1752,0.193,0.2121,0.246,0.2736,0.3016,2,1.01
Ga41As41H72,268097,9378286,0.6387,1.0623,0.6422,0.9559,0.9518,1.0128,1.0881,1.1373,1.203,1.0117,0,0.99
GaAsH6,61350,1721579,0.1187,0.1806,0.1207,0.1186,0.1214,0.1308,0.1383,0.153,0.1623,0.1701,2,1.0
gas_sensor,66918,885141,0.0638,0.0871,0.0663,0.0716,0.0864,0.0867,0.0932,0.094,0.0932,0.0923,0,0.96
Ge87H76,112986,4002590,0.2778,0.4567,0.279,0.3991,0.3986,0.426,0.466,0.4949,0.5197,0.4541,0,1.0
Ge99H100,112986,4282190,0.2871,0.484,0.2895,0.4021,0.4015,0.4369,0.4813,0.5156,0.5463,0.483,0,0.99
gearbox,153747,4617075,0.2349,0.4537,0.2393,0.3093,0.4073,0.4799,0.4932,0.4913,0.4907,0.485,0,0.98
Geo_1438,1437961,32297325,2.0042,3.001,2.0019,3.1331,4.1521,4.7412,4.6186,4.2634,3.3594,3.2316,1,1.0
gridgena,48963,280523,0.023,0.0281,0.0253,0.0375,0.0424,0.0391,0.0285,0.0286,0.0284,0.0289,0,0.91
gsm_106857,589447,11174185,3.1583,3.446,3.1896,4.2466,4.0219,3.81,3.6216,3.5253,3.4734,3.4486,0,0.99
gupta1,31803,1098006,0.048,0.0617,0.0482,0.0473,0.0448,0.0466,0.0474,0.0489,0.0523,0.058,3,1.07
gupta2,62065,2155175,0.0964,0.1224,0.0964,0.0957,0.0921,0.0941,0.0973,0.1065,0.1151,0.1273,3,1.05
gupta3,16784,4670105,0.1184,0.5032,0.1203,0.1177,0.1219,0.1276,0.1465,0.1702,0.2013,0.226,2,1.01
gyro,17362,519260,0.0238,0.051,0.0254,0.0254,0.0271,0.031,0.0327,0.0358,0.0399,0.0432,0,0.94
gyro_k,17362,519260,0.0237,0.051,0.0253,0.0255,0.0268,0.0309,0.0326,0.0358,0.04,0.0426,0,0.94
gyro_m,17362,178896,0.0211,0.0248,0.0228,0.022,0.0237,0.0253,0.0254,0.0254,0.0253,0.0253,0,0.96
H2O,67025,1141880,0.1126,0.1282,0.1145,0.1247,0.1272,0.1305,0.1306,0.1339,0.1325,0.1285,0,0.98
halfb,224618,6306219,0.3327,0.6158,0.3373,0.4302,0.5202,0.6417,0.7033,0.746,0.7602,0.7541,0,0.99
Hamrle3,1447361,5514242,2.2291,3.2277,2.4349,4.7905,4.789,4.4094,3.2264,3.2284,3.2287,3.2261,0,0.92
hangGlider_4,15562,79088,0.0114,0.0109,0.0129,0.0122,0.013,0.013,0.0129,0.013,0.0122,0.013,9,0.89
hangGlider_5,16012,82070,0.0116,0.0109,0.013,0.0138,0.0131,0.0129,0.0129,0.0131,0.0129,0.0129,9,0.84
helm2d03,392258,1567096,0.4926,0.7753,0.511,1.1376,1.179,1.1335,0.927,0.8273,0.7762,0.7769,0,0.96
helm3d01,32227,230335,0.0242,0.0272,0.0252,0.0334,0.0333,0.0318,0.0302,0.0293,0.0285,0.0277,0,0.96
hi2010,25017,62063,0.0141,0.0126,0.0154,0.0178,0.0138,0.0129,0.013,0.0129,0.0132,0.0126,9,1.0
hollywood-2009,1139906,57515616,5.2089,6.9331,5.2327,5.8187,6.1072,6.3237,6.3708,6.3931,6.376,6.5217,0,1.0
hood,220543,5494489,0.2986,0.5566,0.3023,0.4115,0.529,0.6205,0.6373,0.6445,0.6465,0.6344,0,0.99
Hook_1498,1498024,31207734,2.0153,2.9444,2.0166,3.1659,4.1972,5.0193,4.9158,4.5886,4.1202,3.8031,0,1.0
HTC_336_4438,226341,565431,0.3299,0.4696,0.3586,0.4711,0.4712,0.4711,0.4665,0.4655,0.4714,0.4651,0,0.92
HTC_336_9129,226341,554881,0.3296,0.4706,0.3587,0.4718,0.4715,0.4668,0.4667,0.4704,0.4652,0.4643,0,0.92
hugetric-00000,5824555,8733523,7.1453,9.6572,7.2744,13.9861,9.6599,9.6588,9.6587,9.6584,9.659,9.6582,0,0.98
human_gene1,22284,12345963,0.92,1.2939,0.9793,0.8595,0.9778,1.1212,1.2456,1.326,1.3717,1.4041,2,1.07
human_gene2,14341,9041364,0.6218,0.9891,0.6226,0.5551,0.6307,0.7326,0.8308,0.9039,0.9618,0.9825,2,1.12
HV15R,2017170,283073458,9.5909,27.776,9.6133,10.0162,10.2082,11.7321,13.7559,18.4065,22.7983,24.773,0,1.0
ibm_matrix_2,51449,1056610,0.0552,0.0961,0.0563,0.0523,0.058,0.0817,0.085,0.0891,0.0973,0.0973,2,1.06
igbt3,10939,234006,0.022,0.0231,0.0228,0.0202,0.0195,0.0237,0.0237,0.0236,0.0237,0.0235,3,1.13
in-2004,1382909,16917053,1.6322,2.4527,1.643,2.8493,3.0072,3.0402,3.0261,2.9953,2.9542,2.8982,0,0.99
inlet,11731,328323,0.0143,0.0306,0.0155,0.017,0.0162,0.017,0.0178,0.0203,0.0228,0.0252,0,0.92
inline_1,503713,18660027,0.9207,1.8346,0.9282,1.2538,1.564,1.8728,1.8878,1.9487,2.0093,2.0238,0,0.99
ins2,309413,1530448,0.7524,0.9796,0.8126,0.9132,0.9794,0.9826,0.9787,0.9791,0.9829,0.979,0,0.93
italy_osm,6686494,7013978,6.5928,10.9089,7.4821,11.4988,10.9208,10.9087,10.9086,10.9035,10.9072,10.9078,0,0.88
jan99jac120sc,41375,260202,0.0278,0.0314,0.0312,0.0391,0.0391,0.0376,0.0358,0.035,0.0342,0.0334,0,0.89
juba40k,40338,144945,0.0193,0.0223,0.0212,0.0293,0.0277,0.0243,0.0229,0.0228,0.0228,0.0228,0,0.91
k3plates,11108,378927,0.0146,0.0338,0.0154,0.0153,0.0162,0.0178,0.0178,0.0236,0.0252,0.0261,0,0.95
kim1,38416,933195,0.0377,0.0805,0.04,0.0482,0.049,0.0556,0.0628,0.0891,0.0892,0.0892,0,0.94
kkt_power,2063495,8130343,2.8847,4.3093,3.0984,4.484,4.3259,4.3109,4.3095,4.3133,4.3098,4.3095,0,0.93
kron_g500-logn16,65537,2456398,0.3222,0.2582,0.324,0.2638,0.2659,0.2601,0.2593,0.2585,0.2585,0.2831,9,1.0
kron_g500-logn17,131073,5114375,0.7321,0.6137,0.7356,0.6538,0.632,0.6181,0.6146,0.6149,0.6143,0.6144,9,1.0
kron_g500-logn18,262145,10583222,1.5345,1.1686,1.4485,1.2985,1.218,1.1777,1.1695,1.1686,1.1693,1.1685,8,1.0
kron_g500-logn19,524289,21781478,3.2248,2.6399,3.2251,2.8758,2.739,2.652,2.6421,2.6418,2.64,2.6403,9,1.0
kron_g500-logn20,1048577,44620272,6.825,5.2841,6.8619,5.6841,5.3864,5.397,5.615,5.2949,5.3086,5.4224,9,1.0
laminar_duct3D,67174,3833077,0.1522,0.3788,0.1542,0.1524,0.1631,0.1715,0.1958,0.2522,0.3124,0.3632,0,1.0
language,399131,1216334,0.6131,0.8134,0.6138,1.1661,0.9207,0.8787,0.8627,0.8434,0.8349,0.8326,0,1.0
largebasis,440021,5560100,0.9975,1.262,1.0044,1.833,1.7947,1.8056,1.9089,1.2629,1.2628,1.2623,0,0.99
ldoor,952204,23737339,1.3734,2.5846,1.4038,1.9913,2.5181,2.9068,2.9933,3.0072,3.0015,2.9573,0,0.98
lhr34,35153,764014,0.0347,0.0764,0.0373,0.0389,0.0449,0.0466,0.076,0.0768,0.0768,0.0769,0,0.93
lhr34c,35153,764014,0.0348,0.0764,0.0368,0.04,0.045,0.0465,0.0761,0.077,0.0769,0.0762,0,0.95
lhr71,70305,1528092,0.0853,0.1603,0.092,0.0922,0.1118,0.116,0.1837,0.1738,0.1741,0.1739,0,0.93
lhr71c,70305,1528092,0.0871,0.1739,0.0951,0.0954,0.1123,0.1158,0.1839,0.1739,0.1738,0.1744,0,0.92
li,22696,1350309,0.0663,0.1428,0.0678,0.0621,0.0672,0.0801,0.0965,0.1146,0.1335,0.144,2,1.07
ljournal-2008,5363261,79023142,16.338,19.3069,16.4339,24.0383,23.1873,22.1097,21.2592,20.5932,20.0743,19.6852,0,0.99
Long_Coup_dt0,1470153,44279572,2.2344,4.0801,2.2374,3.8733,4.1573,4.6796,4.8555,4.6764,4.8092,4.3566,0,1.0
Long_Coup_dt6,1470153,44279572,2.2364,4.1883,2.2104,3.8721,4.1552,4.6784,4.8565,4.7452,4.6774,4.39,1,1.01
lowThrust_10,18261,116074,0.0141,0.015,0.0153,0.0154,0.0154,0.0154,0.0163,0.0162,0.0171,0.0171,0,0.92
lowThrust_11,18369,117002,0.0141,0.0158,0.0155,0.0154,0.0153,0.0154,0.0163,0.0171,0.0171,0.017,0,0.92
lowThrust_12,18459,117423,0.0141,0.0157,0.0154,0.0154,0.0154,0.0154,0.0162,0.0163,0.017,0.0171,0,0.92
lowThrust_13,18477,117580,0.0141,0.0158,0.0154,0.0154,0.0155,0.0162,0.0162,0.017,0.0171,0.017,0,0.92
lowThrust_4,13563,84240,0.0114,0.0117,0.0122,0.0122,0.012,0.0122,0.0123,0.0129,0.0129,0.013,0,0.95
lowThrust_5,16263,103701,0.0129,0.0142,0.0146,0.0137,0.0137,0.0146,0.0145,0.0153,0.0154,0.0155,0,0.94
lowThrust_6,16929,108376,0.0132,0.0142,0.0146,0.0146,0.0146,0.0145,0.0154,0.0154,0.0162,0.0154,0,0.91
lowThrust_7,17379,110607,0.0136,0.015,0.0146,0.0146,0.0146,0.0154,0.0154,0.0162,0.0162,0.0162,0,0.93
lowThrust_8,17703,113139,0.0138,0.0158,0.0162,0.0162,0.0163,0.0162,0.0172,0.0179,0.0179,0.0179,0,0.85
lowThrust_9,18045,114806,0.0153,0.0166,0.0162,0.017,0.0163,0.0171,0.017,0.0179,0.0179,0.0179,0,0.94
lp1,534389,1088904,0.61,0.898,0.611,1.1825,1.281,1.2169,0.9143,0.901,0.901,0.8992,0,1.0
luxembourg_osm,114600,119666,0.1123,0.1838,0.1266,0.1825,0.1841,0.184,0.1842,0.1841,0.1838,0.184,0,0.89
m14b,214766,1679018,0.3005,0.4033,0.3086,0.5921,0.4889,0.4159,0.4112,0.4078,0.4051,0.4042,0,0.97
mario001,38435,114643,0.0198,0.0216,0.0211,0.0327,0.0277,0.0228,0.022,0.0221,0.0221,0.0221,0,0.94
mario002,389875,1167685,0.5961,0.8586,0.6175,1.0996,1.0055,0.8694,0.8592,0.8591,0.8596,0.859,0,0.97
mark3jac040sc,18290,113435,0.0153,0.0149,0.0163,0.0186,0.0186,0.0178,0.0163,0.0155,0.0154,0.0154,9,0.97
mark3jac060sc,27450,170695,0.021,0.0207,0.0227,0.0276,0.0277,0.026,0.0237,0.022,0.0219,0.022,9,0.95
me2010,69519,167738,0.0317,0.0305,0.0342,0.045,0.0334,0.0318,0.0309,0.0309,0.0309,0.0309,9,0.99
memplus,17759,126150,0.0144,0.0159,0.0154,0.0178,0.0213,0.0195,0.0179,0.0171,0.0178,0.017,0,0.94
mip1,66464,5209641,0.1377,0.4181,0.1545,0.1748,0.1764,0.1754,0.1765,0.1769,0.1745,0.1738,0,0.89
ML_Laplace,377003,27689972,0.9458,2.8928,0.9223,1.1645,1.2788,1.4365,1.4381,1.8972,1.9941,2.8498,1,1.03
mouse_gene,45102,14506196,1.4899,1.6442,1.5864,1.3256,1.5002,1.6256,1.658,1.6435,1.6453,1.6448,2,1.12
msc10848,10849,620313,0.0232,0.0674,0.0245,0.0235,0.0245,0.0284,0.0301,0.0342,0.0392,0.0449,0,0.99
msc23052,23053,588933,0.0252,0.0602,0.0268,0.0273,0.0301,0.0325,0.0359,0.04,0.0441,0.0473,0,0.94
msdoor,415864,10328399,0.5897,1.0519,0.5906,0.8699,1.0963,1.2494,1.2827,1.288,1.2898,1.2274,0,1.0
m_t1,97579,4925574,0.1786,0.4674,0.1801,0.1877,0.2283,0.2723,0.3168,0.3697,0.4414,0.4671,0,0.99
mult_dcop_01,25188,193276,0.0283,0.0272,0.0301,0.0342,0.0326,0.0326,0.0326,0.0326,0.0318,0.0285,9,0.95
mult_dcop_02,25188,193276,0.0282,0.0272,0.0302,0.035,0.0326,0.0326,0.0326,0.0325,0.0317,0.0285,9,0.95
mult_dcop_03,25188,193216,0.0281,0.0273,0.0302,0.0351,0.0326,0.0326,0.0325,0.0326,0.0317,0.0284,9,0.96
NACA0015,1039184,3114818,1.8428,2.4026,1.8652,3.2788,2.4657,2.4066,2.4031,2.4028,2.4037,2.4023,0,0.99
nasasrb,54871,1366097,0.0544,0.1125,0.0563,0.0605,0.0645,0.0785,0.0817,0.0966,0.1038,0.1088,0,0.97
nd12k,36001,7128473,0.171,0.7583,0.1823,0.1806,0.1848,0.1976,0.2192,0.2567,0.3094,0.4035,0,0.95
nd24k,72001,14393817,0.3675,1.5335,0.37,0.3797,0.3887,0.4133,0.4585,0.537,0.6468,0.8412,0,0.99
nd6k,18001,3457658,0.0899,0.3598,0.0908,0.0899,0.09,0.096,0.1058,0.1244,0.1489,0.1932,0,1.0
net100,29921,1031560,0.0694,0.0986,0.0719,0.0655,0.0654,0.067,0.0671,0.0678,0.0679,0.0704,3,1.06
net125,36721,1306960,0.0861,0.124,0.0883,0.0825,0.0826,0.0834,0.084,0.0842,0.0851,0.086,2,1.04
net150,43521,1582360,0.103,0.1485,0.1055,0.0998,0.0997,0.1005,0.1006,0.1017,0.1024,0.1047,3,1.03
net4-1,88344,1265035,0.1651,0.1832,0.1656,0.196,0.1981,0.1969,0.1861,0.1855,0.1857,0.1856,0,1.0
net50,16321,480760,0.0354,0.0487,0.0375,0.0326,0.0326,0.0326,0.0327,0.0335,0.0333,0.036,2,1.09
net75,23121,756160,0.0528,0.074,0.0546,0.049,0.0497,0.0498,0.0498,0.0506,0.0516,0.0522,2,1.08
netherlands_osm,2216689,2441238,2.2173,3.3158,2.3561,3.7096,3.3242,3.3178,3.3139,3.3174,3.3146,3.3179,0,0.94
nh2010,48838,117275,0.0229,0.0216,0.0246,0.0318,0.0245,0.0228,0.0229,0.0229,0.0229,0.0228,9,0.95
NLR,4163764,12487976,7.8386,10.2681,7.9724,13.5288,10.6178,10.2805,10.268,10.2674,10.2683,10.2684,0,0.98
NotreDame_www,325730,929849,0.2492,0.3005,0.2529,0.4052,0.389,0.3758,0.3645,0.3548,0.3465,0.339,0,0.99
nv2010,84539,208499,0.0673,0.0445,0.0738,0.0596,0.0477,0.0454,0.045,0.0449,0.0451,0.0453,9,0.99
ohne2,181344,11063545,0.727,1.2018,0.7396,0.9957,1.0623,1.1615,1.2037,1.2087,1.2042,1.2025,0,0.98
oilpan,73753,1835470,0.0938,0.1676,0.0998,0.1042,0.0977,0.1079,0.1184,0.1284,0.1444,0.1719,0,0.96
olafu,16147,515651,0.0194,0.0486,0.0212,0.0211,0.0227,0.0252,0.026,0.0309,0.035,0.0416,0,0.92
onetone2,36058,227628,0.0246,0.0297,0.027,0.0342,0.0359,0.0366,0.0342,0.0302,0.0301,0.0301,0,0.91
OPF_10000,43888,255799,0.022,0.0322,0.024,0.0351,0.0399,0.0408,0.0334,0.0335,0.0335,0.0333,0,0.92
opt1,15450,973052,0.0329,0.0985,0.0342,0.0334,0.0359,0.0391,0.044,0.0555,0.0664,0.0736,0,0.99
p2p-Gnutella31,62587,147892,0.0322,0.0224,0.0334,0.0228,0.022,0.0229,0.022,0.022,0.022,0.022,3,1.02
parabolic_fem,525826,2100225,0.9992,1.4166,1.0496,1.6368,1.6029,1.4173,1.4171,1.4173,1.4167,1.417,0,0.95
patents,3774769,14970767,8.0882,9.2634,8.2026,9.629,9.27,9.2578,9.2545,9.2535,9.2544,9.2543,0,0.99
pattern1,19243,4671337,0.5941,0.459,0.5961,0.4617,0.4618,0.5043,0.5036,0.5043,0.502,0.5005,9,0.99
pcrystk02,13966,491274,0.02,0.0486,0.0212,0.0204,0.0228,0.0219,0.0268,0.0285,0.0334,0.0416,0,0.98
pcrystk03,24697,887937,0.0322,0.0872,0.0334,0.0333,0.0357,0.0392,0.0473,0.0514,0.0613,0.0712,0,0.97
pct20stif,52330,1375396,0.0502,0.1313,0.0531,0.0555,0.0604,0.0695,0.0768,0.0891,0.0998,0.1106,0,0.95
pdb1HYS,36418,2190591,0.0622,0.2206,0.0644,0.0636,0.0662,0.0744,0.0809,0.0981,0.1129,0.1252,0,0.98
pds10,16559,83108,0.0152,0.0142,0.0162,0.0163,0.017,0.0162,0.0146,0.0147,0.0145,0.0146,9,0.98
PFlow_742,742794,18940627,1.0058,2.1324,1.0247,1.6276,2.0201,2.2696,2.4667,2.4256,2.3041,2.256,0,0.98
pkustk01,22045,500712,0.0219,0.0485,0.0227,0.0237,0.026,0.0285,0.0302,0.0342,0.04,0.0416,0,0.96
pkustk02,10801,410400,0.0169,0.0396,0.0179,0.017,0.0179,0.0212,0.0211,0.0253,0.0253,0.0302,0,0.99
pkustk03,63337,1596876,0.0638,0.1469,0.0645,0.0671,0.0702,0.0842,0.0858,0.1067,0.126,0.1404,0,0.99
pkustk04,55591,2137125,0.0873,0.2205,0.0908,0.0907,0.0998,0.1276,0.1424,0.1586,0.1841,0.1922,0,0.96
pkustk05,37165,1121154,0.0489,0.115,0.0498,0.0499,0.0522,0.0646,0.0662,0.0851,0.0949,0.1025,0,0.98
pkustk06,43165,1307466,0.0561,0.1338,0.0571,0.058,0.0604,0.0751,0.0768,0.0999,0.1114,0.1194,0,0.98
pkustk07,16861,1217832,0.0525,0.128,0.0539,0.0523,0.0554,0.072,0.0792,0.0916,0.106,0.1104,2,1.0
pkustk08,22210,1624440,0.0704,0.1715,0.0719,0.071,0.0744,0.1015,0.1088,0.1277,0.1424,0.149,0,0.99
pkustk09,33961,808800,0.0362,0.0814,0.0374,0.0383,0.0415,0.0473,0.049,0.0589,0.0645,0.0694,0,0.97
pkustk10,80677,2194830,0.1203,0.2231,0.1208,0.1327,0.1349,0.1629,0.1618,0.171,0.1793,0.1952,0,1.0
pkustk11,87805,2652858,0.1436,0.2816,0.1445,0.1536,0.1714,0.2158,0.2176,0.2386,0.2516,0.2635,0,0.99
pkustk12,94654,3803485,0.1927,0.4035,0.1953,0.2046,0.2291,0.3098,0.3323,0.3488,0.3719,0.3835,0,0.99
pkustk13,94894,3355860,0.1812,0.3613,0.1832,0.1994,0.2405,0.3148,0.3266,0.3424,0.3545,0.3559,0,0.99
pkustk14,151927,7494215,0.3198,0.7949,0.3226,0.3873,0.4522,0.5439,0.6008,0.6667,0.744,0.7633,0,0.99
pli,22696,686502,0.0341,0.074,0.035,0.0375,0.0399,0.0441,0.0523,0.0621,0.0712,0.0743,0,0.97
PR02R,161071,8185136,0.3243,0.9597,0.3225,0.4817,0.5069,0.5231,0.5801,0.6805,0.8027,0.9598,1,1.01
Pres_Poisson,14823,365313,0.0193,0.0371,0.0203,0.0212,0.022,0.0229,0.0252,0.0285,0.0318,0.035,0,0.95
pwtk,217919,5926171,0.294,0.5349,0.2964,0.3016,0.4733,0.4931,0.6745,0.6796,0.7446,0.7464,0,0.99
qa8fk,66128,863353,0.0591,0.0888,0.0608,0.0678,0.0867,0.0907,0.0899,0.0899,0.0899,0.0902,0,0.97
qa8fm,66128,863353,0.0591,0.0888,0.0614,0.0677,0.0866,0.0907,0.0908,0.0899,0.0899,0.09,0,0.96
raefsky3,21201,1488768,0.0357,0.1535,0.0375,0.0391,0.0392,0.0391,0.0391,0.0391,0.0391,0.0621,0,0.95
raefsky4,19780,674195,0.0266,0.0666,0.0278,0.0278,0.0301,0.0319,0.036,0.0409,0.0506,0.0556,0,0.96
rajat15,37262,443573,0.0447,0.0511,0.0466,0.0499,0.0532,0.0532,0.0531,0.053,0.0531,0.0531,0,0.96
rajat22,39900,197264,0.0258,0.0265,0.0278,0.0328,0.0391,0.039,0.0358,0.0327,0.0293,0.0285,0,0.93
rajat26,51033,249302,0.0313,0.0339,0.0334,0.0416,0.0506,0.0491,0.0432,0.0392,0.0358,0.0351,0,0.94
rajat29,643995,4866270,1.2407,1.5952,1.2454,2.1678,2.4253,2.4883,2.5085,2.4811,2.2957,2.0063,0,1.0
rajat30,643995,6175377,1.3324,1.6631,1.3399,2.3306,2.5487,2.6062,2.6085,2.5494,2.3616,2.0489,0,0.99
ramage02,16831,1441591,0.0498,0.1354,0.0505,0.0497,0.0522,0.0579,0.0735,0.0868,0.1235,0.1308,2,1.0
Reuters911,13333,148038,0.0234,0.0191,0.0245,0.0227,0.0196,0.0195,0.0194,0.0195,0.0202,0.0196,9,0.98
rgg_n_2_15_s0,32769,160240,0.0239,0.0224,0.0254,0.0301,0.0236,0.0228,0.0221,0.022,0.0221,0.0228,6,1.02
rgg_n_2_22_s0,4194305,30359198,5.553,7.5048,5.6077,8.6337,7.5181,7.5065,7.5075,7.5076,7.5078,7.5066,0,0.99
ri2010,25182,62875,0.0141,0.0126,0.0155,0.0179,0.0138,0.013,0.0129,0.0129,0.013,0.0129,9,0.98
rim,22561,1014951,0.0389,0.0936,0.0407,0.0383,0.0408,0.0482,0.0564,0.0606,0.067,0.0721,2,1.02
RM07R,381690,37464962,1.3822,4.1062,1.3886,1.4834,1.5604,1.8587,2.3362,3.7015,4.1107,4.0091,0,1.0
rma10,46836,2374001,0.0726,0.2165,0.0735,0.0727,0.0752,0.0825,0.0973,0.1186,0.1595,0.1759,0,1.0
roadNet-CA,1971282,2766607,1.9012,2.8723,1.97,4.0852,3.0377,2.8751,2.8661,2.8625,2.8721,2.8649,0,0.97
roadNet-PA,1090921,1541898,1.0508,1.5858,1.0892,2.2836,1.6976,1.5831,1.5819,1.5818,1.5817,1.5817,0,0.96
roadNet-TX,1393384,1921660,1.3332,1.9927,1.3822,2.8605,2.1214,1.9878,1.9924,1.988,1.9915,1.9879,0,0.96
s3dkq4m2,90450,2455670,0.1227,0.2069,0.125,0.1319,0.1489,0.1753,0.2208,0.2554,0.2983,0.3129,0,0.98
s3dkt3m2,90450,1921955,0.1171,0.1897,0.1196,0.127,0.1527,0.1723,0.2202,0.2601,0.2946,0.2606,0,0.98
s4dkt3m2,90450,1921955,0.1172,0.1898,0.1198,0.127,0.1492,0.1721,0.2166,0.2607,0.2941,0.2639,0,0.98
Serena,1391350,32961525,2.2727,3.2926,2.2803,3.4394,4.3803,5.2691,5.1406,4.7817,4.3696,4.0919,0,1.0
shermanACb,18511,145149,0.0193,0.0175,0.0211,0.0227,0.022,0.0211,0.0211,0.0212,0.0204,0.0194,9,0.9
ship_001,34921,2339575,0.062,0.223,0.0637,0.0637,0.0686,0.0694,0.0874,0.0923,0.1259,0.1293,0,0.97
ship_003,121729,4103881,0.1854,0.4149,0.1894,0.2034,0.3094,0.3146,0.3591,0.357,0.4161,0.4163,0,0.98
shipsec1,140875,3977139,0.2179,0.3777,0.2188,0.3138,0.3568,0.431,0.4441,0.4051,0.3803,0.3808,0,1.0
shipsec5,179861,5146478,0.2674,0.4897,0.2715,0.3587,0.4851,0.5498,0.5502,0.5252,0.4991,0.5001,0,0.98
shipsec8,114920,3384159,0.1717,0.3229,0.1738,0.202,0.2685,0.3114,0.3327,0.3279,0.3309,0.3253,0,0.99
Si10H16,17078,446500,0.0374,0.0518,0.0383,0.035,0.0358,0.04,0.0416,0.0466,0.049,0.0523,2,1.07
Si34H36,97570,2626974,0.21,0.3053,0.2116,0.3344,0.3367,0.3437,0.3609,0.3556,0.359,0.3072,0,0.99
Si41Ge41H72,185640,7598452,0.4786,0.8509,0.4803,0.6757,0.6743,0.7274,0.8016,0.8595,0.9285,0.8305,0,1.0
Si5H12,19897,379247,0.0384,0.0436,0.0391,0.0358,0.0366,0.0383,0.0391,0.0425,0.0431,0.0441,2,1.07
Si87H76,240370,5451000,0.4804,0.6281,0.4819,0.8264,0.8282,0.8293,0.8502,0.8397,0.8487,0.6292,0,1.0
sinc15,11533,568526,0.057,0.0592,0.0579,0.0435,0.044,0.0442,0.0444,0.045,0.0456,0.0466,2,1.31
SiO,33402,675528,0.0614,0.0756,0.0629,0.0605,0.0621,0.0646,0.068,0.072,0.0735,0.0754,2,1.01
SiO2,155332,5719417,0.3593,0.7006,0.3611,0.5611,0.5611,0.5763,0.5956,0.6015,0.626,0.5412,0,1.0
skirt,12599,104559,0.0106,0.0134,0.0124,0.0145,0.0145,0.0138,0.013,0.0149,0.0146,0.0146,0,0.85
smallworld,100001,499998,0.1068,0.1599,0.111,0.1868,0.2279,0.2262,0.1996,0.1611,0.1607,0.1608,0,0.96
sme3Dc,42931,3148656,0.4001,0.3451,0.4018,0.3207,0.3389,0.3447,0.3454,0.3454,0.3455,0.3463,2,1.08
smt,25711,1889447,0.0678,0.1945,0.0694,0.067,0.0711,0.0867,0.0957,0.1183,0.135,0.1449,2,1.01
soc-LiveJournal1,4847572,68993773,22.2775,24.1712,22.4596,28.6959,27.9411,27.2355,26.5744,26.0594,25.5428,25.0324,0,0.99
soc-sign-Slashdot090221,82145,549202,0.0943,0.0674,0.0967,0.0786,0.072,0.0695,0.0678,0.0678,0.0678,0.0679,9,0.99
sparsine,50001,799494,0.1103,0.0871,0.1121,0.0875,0.0875,0.0875,0.0875,0.0875,0.0958,0.0957,9,1.0
srb1,54925,1508538,0.0529,0.137,0.0539,0.0571,0.0572,0.0671,0.067,0.0858,0.0884,0.1072,0,0.98
Stanford,281904,2312497,0.6322,0.6906,0.6381,0.6846,0.6909,0.6854,0.6845,0.685,0.6911,0.6852,0,0.99
std1_Jac2,21983,1248731,0.0635,0.1306,0.0653,0.0587,0.0646,0.0703,0.0792,0.0878,0.099,0.1211,2,1.08
std1_Jac3,21983,1455848,0.0694,0.151,0.0711,0.0666,0.0711,0.0776,0.0862,0.0957,0.1088,0.1227,2,1.04
stokes128,49667,295938,0.0273,0.033,0.0301,0.0399,0.0482,0.0335,0.0334,0.0334,0.0335,0.0334,0,0.91
stokes64,12547,74242,0.0091,0.0109,0.0104,0.013,0.0138,0.0114,0.0113,0.0114,0.0112,0.0112,0,0.88
struct3,53571,613632,0.0358,0.0642,0.0383,0.0482,0.0571,0.058,0.0604,0.0613,0.0644,0.0645,0,0.93
t2dah,11446,93781,0.0082,0.0117,0.0097,0.0113,0.013,0.0137,0.0129,0.013,0.0121,0.0129,0,0.85
t2dah_a,11446,93781,0.0082,0.0117,0.0097,0.0112,0.013,0.0134,0.013,0.0129,0.0122,0.013,0,0.85
t2dah_e,11446,93781,0.0083,0.0117,0.0097,0.0113,0.013,0.0138,0.0129,0.0131,0.0121,0.013,0,0.86
t3dh,79172,2215638,0.137,0.2265,0.1385,0.152,0.1844,0.222,0.2186,0.2194,0.221,0.2265,0,0.99
t3dh_a,79172,2215638,0.1372,0.2266,0.1391,0.1513,0.1847,0.2236,0.2184,0.2176,0.221,0.2257,0,0.99
t3dh_e,79172,2215638,0.1372,0.2267,0.1386,0.1516,0.1812,0.224,0.2213,0.2169,0.2211,0.2262,0,0.99
t3dl,20361,265113,0.0247,0.0305,0.0261,0.0261,0.0294,0.0301,0.031,0.031,0.0309,0.0309,0,0.95
t3dl_a,20361,265113,0.0245,0.0297,0.0253,0.026,0.0302,0.0302,0.0302,0.031,0.0309,0.0309,0,0.97
tandem_vtx,18455,135902,0.0163,0.0183,0.0178,0.0203,0.0211,0.0211,0.0203,0.0195,0.0187,0.0187,0,0.92
ted_A,10606,424587,0.0181,0.0478,0.0194,0.0187,0.0186,0.0212,0.0237,0.032,0.032,0.0408,0,0.97
ted_AB,10606,522387,0.0241,0.0568,0.0253,0.0236,0.0236,0.0277,0.0326,0.0419,0.0425,0.0507,2,1.02
ted_AB_unscaled,10606,522387,0.0241,0.0568,0.0253,0.0235,0.0245,0.0285,0.0318,0.0417,0.0424,0.0506,2,1.03
ted_A_unscaled,10606,424587,0.0182,0.0478,0.0196,0.0187,0.0186,0.0219,0.0237,0.0319,0.0318,0.0407,0,0.98
ted_B_unscaled,10606,77592,0.008,0.0125,0.0097,0.0105,0.0105,0.0113,0.0113,0.0122,0.0122,0.0121,0,0.82
thread,29737,2249892,0.0737,0.2305,0.0751,0.0744,0.0777,0.09,0.1013,0.1391,0.1686,0.1849,0,0.99
tmt_sym,726714,2903837,0.8324,1.4792,0.8329,1.645,2.3713,1.483,1.4811,1.4816,1.4801,1.4808,0,1.0
torso1,116159,8516500,0.2381,0.8503,0.241,0.3126,0.3325,0.3207,0.3206,0.3232,0.3307,0.3446,0,0.99
transient,178867,961790,0.3096,0.421,0.3134,0.3965,0.5946,0.5715,0.5229,0.5157,0.4864,0.4829,0,0.99
trdheim,22099,978711,0.0277,0.0952,0.0289,0.0293,0.0293,0.035,0.0351,0.0402,0.0399,0.0564,0,0.96
Trefethen_20000,20001,287233,0.0333,0.0338,0.0342,0.0334,0.0342,0.0343,0.0343,0.0351,0.0342,0.035,0,1.0
Trefethen_20000b,20000,287217,0.0336,0.0339,0.0343,0.0336,0.0342,0.0343,0.0343,0.035,0.035,0.0351,0,1.0
troll,213454,6099282,0.3046,0.5697,0.3068,0.3941,0.5148,0.6163,0.6646,0.6733,0.6706,0.6695,0,0.99
TSOPF_FS_b162_c1,10799,305732,0.0133,0.0248,0.0147,0.0138,0.0137,0.0138,0.013,0.0131,0.0137,0.0138,5,1.02
TSOPF_FS_b162_c3,30799,904612,0.029,0.0675,0.0309,0.0284,0.0277,0.0285,0.0286,0.0293,0.0302,0.0318,3,1.05
TSOPF_FS_b162_c4,40799,1204322,0.0349,0.0873,0.0366,0.0358,0.0351,0.0359,0.0376,0.0383,0.0391,0.0415,0,0.99
TSOPF_FS_b300,29215,2203949,0.0518,0.1497,0.0531,0.0505,0.0514,0.0514,0.0514,0.0523,0.0547,0.0555,2,1.03
TSOPF_FS_b300_c1,29215,2203949,0.0515,0.1502,0.0526,0.0509,0.0514,0.0506,0.0514,0.0522,0.0547,0.0555,4,1.02
TSOPF_FS_b300_c2,56815,4391071,0.0953,0.289,0.0961,0.0923,0.0931,0.0931,0.0947,0.0974,0.1037,0.1077,2,1.03
TSOPF_FS_b300_c3,84415,6578753,0.1438,0.4525,0.1448,0.1502,0.1518,0.1539,0.1596,0.159,0.1641,0.1709,0,0.99
TSOPF_FS_b39_c19,76217,998359,0.0399,0.0765,0.0432,0.049,0.0498,0.0531,0.0547,0.0572,0.0572,0.062,0,0.92
TSOPF_FS_b39_c30,120217,1575639,0.0844,0.1519,0.0852,0.1117,0.116,0.1224,0.127,0.1329,0.1329,0.1433,0,0.99
TSOPF_FS_b39_c7,28217,368599,0.018,0.0297,0.0203,0.0203,0.0211,0.0212,0.0219,0.0228,0.0228,0.0244,0,0.89
TSOPF_FS_b9_c6,14455,75801,0.008,0.0101,0.0097,0.0121,0.0105,0.0113,0.0106,0.0113,0.0113,0.0114,0,0.82
TSOPF_RS_b162_c3,15375,610299,0.0217,0.0486,0.0237,0.0219,0.022,0.0223,0.0211,0.0219,0.0219,0.022,5,1.03
TSOPF_RS_b162_c4,20375,812749,0.0271,0.0633,0.0278,0.0276,0.0269,0.0269,0.0276,0.0277,0.0277,0.0284,3,1.01
TSOPF_RS_b2052_c1,25627,6761100,0.1352,0.6032,0.135,0.1354,0.1357,0.1348,0.1348,0.1365,0.138,0.1395,4,1.0
TSOPF_RS_b2383,38121,16171169,0.3039,1.5513,0.3033,0.3131,0.3127,0.3124,0.3137,0.3161,0.3183,0.3204,1,1.0
TSOPF_RS_b2383_c1,38121,16171169,0.3037,1.5499,0.304,0.3128,0.3127,0.313,0.3135,0.3164,0.3188,0.3202,0,1.0
TSOPF_RS_b300_c1,14539,1474325,0.0369,0.1052,0.0384,0.0366,0.0367,0.0375,0.0366,0.0375,0.0383,0.0399,2,1.01
TSOPF_RS_b300_c2,28339,2943887,0.0718,0.2051,0.0744,0.0735,0.073,0.0736,0.0719,0.0752,0.0761,0.0771,0,1.0
TSOPF_RS_b300_c3,42139,4413449,0.1059,0.312,0.1039,0.1022,0.1023,0.1031,0.1046,0.1063,0.1093,0.1137,2,1.04
TSOPF_RS_b39_c19,38099,684206,0.0311,0.0535,0.0341,0.0384,0.0384,0.0391,0.0391,0.0403,0.04,0.0432,0,0.91
TSOPF_RS_b39_c30,60099,1079986,0.0459,0.0839,0.0506,0.0597,0.06,0.0596,0.0596,0.0629,0.0621,0.067,0,0.91
TSOPF_RS_b39_c7,14099,252446,0.0139,0.0207,0.0155,0.0162,0.0155,0.0162,0.0162,0.0162,0.0162,0.0163,0,0.9
TSOPF_RS_b678_c1,18697,4396289,0.0897,0.3573,0.0918,0.0887,0.0875,0.0875,0.0867,0.089,0.0891,0.0916,5,1.03
TSOPF_RS_b678_c2,35697,8781949,0.1729,0.7249,0.1755,0.1747,0.1743,0.1762,0.1761,0.1782,0.1782,0.1841,0,0.99
tsyl201,20686,1237821,0.0454,0.1264,0.0465,0.0448,0.049,0.0555,0.0621,0.0778,0.0966,0.1046,2,1.01
tube1,21499,459277,0.0167,0.0429,0.019,0.0187,0.022,0.0212,0.027,0.0277,0.0326,0.0326,0,0.89
tube2,21499,459277,0.0181,0.0396,0.0203,0.0194,0.0219,0.022,0.0261,0.0286,0.0318,0.0335,0,0.93
turon_m,189925,912345,0.2553,0.3645,0.2643,0.5136,0.5046,0.5306,0.4329,0.4151,0.3657,0.365,0,0.97
usroads,129165,165435,0.1385,0.2079,0.1443,0.2105,0.2095,0.209,0.2092,0.2089,0.2093,0.2092,0,0.96
usroads-48,126147,161950,0.1354,0.204,0.1415,0.2058,0.2044,0.2043,0.2047,0.2042,0.2048,0.2045,0,0.96
vanbody,47073,1191985,0.045,0.1092,0.0465,0.049,0.0539,0.0604,0.067,0.0752,0.0858,0.0916,0,0.97
venturiLevel3,4026820,8054237,4.7553,7.0299,4.9123,10.7046,8.3595,7.0287,7.0284,7.0299,7.0292,7.0286,0,0.97
vibrobox,12329,177578,0.0173,0.0206,0.0187,0.0195,0.0203,0.0219,0.022,0.0219,0.022,0.022,0,0.93
viscorocks,37763,1162244,0.0406,0.0978,0.0416,0.0424,0.0423,0.0571,0.0604,0.0653,0.0727,0.098,0,0.98
vsp_barth5_1Ksep_50in_5Kout,32213,101805,0.0195,0.0166,0.0211,0.0179,0.017,0.017,0.0171,0.017,0.017,0.0179,9,0.98
vsp_bcsstk30_500sep_10in_1Kout,58349,2016578,0.2779,0.2101,0.2981,0.2297,0.2296,0.23,0.2301,0.2296,0.2298,0.2299,9,0.92
vsp_befref_fxm_2_4_air02,14110,98224,0.012,0.0126,0.0132,0.0146,0.0147,0.0138,0.0138,0.0121,0.0121,0.0123,0,0.99
vsp_bump2_e18_aa01_model1_crew1,56439,300801,0.0398,0.0388,0.0416,0.0498,0.0473,0.0466,0.0408,0.04,0.0399,0.0392,9,0.99
vsp_c-30_data_data,11024,62184,0.0067,0.0092,0.0081,0.0106,0.0104,0.0097,0.0089,0.009,0.008,0.0081,0,0.84
vsp_c-60_data_cti_cs4,85831,241080,0.0327,0.0364,0.035,0.0523,0.0424,0.0417,0.0398,0.0401,0.0391,0.039,0,0.93
vsp_finan512_scagr7-2c_rlfddd,139753,552020,0.1298,0.1933,0.1312,0.2765,0.2294,0.2217,0.2121,0.2006,0.1971,0.1918,0,0.99
vsp_mod2_pgp2_slptsk,101365,389368,0.0748,0.0642,0.0769,0.082,0.0713,0.0692,0.0672,0.066,0.0662,0.0658,9,0.98
vsp_model1_crew1_cr42_south31,45102,189976,0.0243,0.0265,0.0262,0.04,0.0375,0.0367,0.0359,0.0358,0.0343,0.0343,0,0.93
vsp_msc10848_300sep_100in_1Kout,21997,1221028,0.1773,0.1378,0.1784,0.1358,0.1384,0.1384,0.1383,0.1382,0.1383,0.1382,2,1.01
vsp_p0291_seymourl_iiasa,10499,53868,0.0118,0.01,0.0131,0.0113,0.0097,0.0105,0.0106,0.0105,0.0105,0.0105,3,1.03
vsp_sctap1-2b_and_seymourl,40175,140831,0.0277,0.024,0.0294,0.0347,0.0261,0.0252,0.0252,0.0252,0.0253,0.0244,9,0.98
vsp_south31_slptsk,39669,189914,0.0248,0.0248,0.0261,0.0342,0.0334,0.0334,0.0326,0.0326,0.0318,0.0318,9,0.95
vsp_vibrobox_scagr7-2c_rlfddd,77329,435586,0.0483,0.0567,0.0508,0.0759,0.0777,0.0759,0.0753,0.0712,0.067,0.0621,0,0.95
vt2010,32581,77799,0.018,0.0166,0.0195,0.0246,0.0179,0.0171,0.0171,0.017,0.017,0.0171,9,0.98
wathen100,30402,251001,0.0191,0.0256,0.0211,0.0262,0.0334,0.0293,0.0285,0.0269,0.0269,0.0269,0,0.91
wathen120,36442,301101,0.0221,0.0306,0.0245,0.0309,0.0391,0.0342,0.0343,0.0309,0.0309,0.031,0,0.9
web-Google,916429,5105039,1.8765,2.0944,1.902,2.1391,2.0917,2.0914,2.0869,2.0906,2.091,2.0868,0,0.99
web-NotreDame,325730,1497134,0.3109,0.3842,0.3137,0.493,0.476,0.4609,0.448,0.4384,0.4313,0.4185,0,0.99
wikipedia-20051105,1634990,19753078,4.7632,5.3601,4.8005,6.2539,5.6106,5.4674,5.4291,5.4073,5.3955,5.3831,0,0.99
wikipedia-20060925,2983495,37269096,10.5383,11.6572,10.6143,13.284,12.0545,11.8053,11.739,11.7217,11.7058,11.6848,0,0.99
wikipedia-20061104,3148441,39383235,11.2728,12.4447,11.3553,14.1532,12.8848,12.6499,12.5711,12.5361,12.5083,12.5001,0,0.99
wikipedia-20070206,3566908,45030389,13.2073,14.5448,13.312,16.4491,15.0002,14.7299,14.6393,14.6014,14.5872,14.5711,0,0.99
wiki-Talk,2394386,5021410,2.2977,2.1624,2.3061,2.2305,2.203,2.1935,2.1846,2.1804,2.1794,2.1807,9,0.99
windscreen,22693,752541,0.0255,0.0715,0.027,0.0268,0.0301,0.0319,0.0383,0.0407,0.0482,0.0563,0,0.95
wing_nodal,10938,75488,0.0134,0.0117,0.0145,0.0122,0.0121,0.0122,0.0121,0.0121,0.0121,0.0121,9,0.97
wy2010,86205,213793,0.0767,0.0519,0.0823,0.0637,0.0533,0.0518,0.0519,0.052,0.0522,0.0523,4,1.0
x104,108385,5138004,0.1897,0.5313,0.1949,0.2358,0.2542,0.3118,0.3115,0.389,0.4156,0.4583,0,0.97
Zd_Jac2,22836,1642833,0.078,0.1714,0.0792,0.0792,0.0801,0.0874,0.1055,0.1186,0.1325,0.1538,0,0.98
Zd_Jac3,22836,1916152,0.0912,0.1977,0.0924,0.0813,0.0891,0.0989,0.1096,0.1251,0.1366,0.1514,2,1.12
Zd_Jac6,22836,1711983,0.0786,0.1789,0.08,0.0765,0.0814,0.0892,0.0989,0.1122,0.1277,0.1391,2,1.03
