dataSet,num_nodes,num_edges,sddmm_tcu,sddmm_cuda,4,8,14,18,22,30,38,50,density,speedup
144,144650,1074393,0.0432,0.0992,0.0396,0.0462,0.0585,0.0953,0.1003,0.1109,0.1175,0.1183,4,1.09
2D_27628_bjtcai,27629,442898,0.0101,0.0354,0.0101,0.0102,0.011,0.0125,0.0135,0.0135,0.0175,0.0282,0,1.0
2D_54019_highK,54020,996414,0.033,0.0687,0.0331,0.0339,0.0363,0.0183,0.0191,0.02,0.0249,0.0478,18,1.8
333SP,3712816,11108633,0.9217,2.2042,0.8897,1.0145,1.4352,1.7249,2.0025,2.7192,2.72,2.719,4,1.04
3D_28984_Tetra,28985,599170,0.0178,0.0401,0.0175,0.0182,0.0191,0.0208,0.0224,0.024,0.0225,0.0347,4,1.02
3D_51448_3D,51449,1056610,0.0287,0.0649,0.0289,0.0306,0.0331,0.0191,0.0208,0.0249,0.0356,0.0544,18,1.5
3Dspectralwave,680944,17165766,0.3407,1.5544,0.3533,0.3914,0.4649,0.819,0.8444,0.9354,1.1136,1.3774,0,0.96
3Dspectralwave2,292009,7307376,0.1134,0.6311,0.1183,0.1339,0.1593,0.2836,0.2927,0.3254,0.4098,0.5302,0,0.96
3dtube,45331,1629474,0.0286,0.1962,0.0281,0.0306,0.0307,0.0338,0.0413,0.0438,0.0445,0.0585,4,1.02
598a,110972,741934,0.0282,0.0741,0.0331,0.0379,0.0462,0.0724,0.0799,0.0871,0.0871,0.0872,0,0.85
a0nsdsil,80017,200021,0.0394,0.0384,0.0396,0.0396,0.0405,0.0372,0.0372,0.0413,0.0413,0.0413,18,1.03
a2nnsnsl,80017,196115,0.0392,0.0382,0.0397,0.0397,0.0397,0.0364,0.0379,0.0404,0.0405,0.0404,18,1.05
a5esindl,60009,145004,0.0305,0.0294,0.0306,0.0307,0.0314,0.0289,0.0289,0.0314,0.0315,0.0315,18,1.02
adaptive,6815745,13624320,0.9597,3.2886,1.003,1.033,1.6807,2.5414,4.3458,4.3458,4.3438,4.3456,0,0.96
af_0_k101,503626,9027150,0.0489,0.6047,0.0503,0.0502,0.0576,0.0585,0.0584,0.0593,0.1266,0.1919,0,0.97
af_1_k101,503626,9027150,0.0535,0.6573,0.0503,0.0502,0.0584,0.0584,0.0585,0.0593,0.1264,0.1919,8,1.07
af_2_k101,503626,9027150,0.0537,0.6572,0.0502,0.0503,0.0577,0.0584,0.0585,0.0593,0.1271,0.1919,4,1.07
af_3_k101,503626,9027150,0.0533,0.6572,0.0503,0.0502,0.0577,0.0584,0.0584,0.0593,0.1265,0.1919,8,1.06
af_4_k101,503626,9027150,0.0535,0.6572,0.0503,0.0503,0.0584,0.0585,0.0585,0.0593,0.1265,0.1919,4,1.06
af_5_k101,503626,9027150,0.0532,0.6573,0.0502,0.0502,0.0585,0.0585,0.0585,0.0594,0.1266,0.192,4,1.06
af_shell1,504856,9046865,0.0653,0.6608,0.0658,0.0658,0.0773,0.0601,0.0609,0.0731,0.1084,0.1952,18,1.09
af_shell10,1508066,27090195,0.2369,1.9669,0.2339,0.2388,0.2813,0.2813,0.2787,0.3506,0.5039,0.865,4,1.01
af_shell2,504856,9046865,0.0655,0.6617,0.0657,0.0658,0.0772,0.0609,0.0609,0.0731,0.1092,0.1952,18,1.08
af_shell3,504856,9046865,0.0656,0.6619,0.0658,0.0657,0.0773,0.061,0.0608,0.0732,0.1093,0.1952,22,1.08
af_shell4,504856,9046865,0.0658,0.6618,0.0658,0.0658,0.0773,0.0609,0.0609,0.0732,0.1093,0.1952,18,1.08
af_shell5,504856,9046865,0.066,0.6618,0.0658,0.0658,0.0773,0.0609,0.0608,0.0732,0.1092,0.1951,22,1.09
af_shell6,504856,9046865,0.066,0.6616,0.0657,0.0658,0.0773,0.0609,0.0609,0.0731,0.1093,0.1952,18,1.08
af_shell7,504856,9046865,0.0662,0.6618,0.0658,0.0658,0.0772,0.0609,0.0609,0.0732,0.1092,0.1951,18,1.09
af_shell8,504856,9046865,0.0656,0.6617,0.0657,0.0657,0.0773,0.0608,0.0609,0.0731,0.1092,0.1951,18,1.08
af_shell9,504856,9046865,0.0658,0.6617,0.0658,0.0658,0.0772,0.0609,0.0616,0.0732,0.1092,0.1951,18,1.08
ak2010,45293,108549,0.0222,0.0247,0.0207,0.0208,0.0223,0.024,0.0272,0.0272,0.0273,0.0273,4,1.07
Andrews,60001,410077,0.0181,0.0439,0.019,0.0215,0.0281,0.0511,0.0518,0.051,0.0511,0.051,0,0.95
AS365,3799276,11368076,1.5334,2.4444,1.5712,1.6734,2.2826,2.6412,2.9423,2.9942,2.9937,2.9938,0,0.98
as-caida,31380,106762,0.0206,0.0221,0.0207,0.0199,0.0191,0.0226,0.0234,0.0243,0.0243,0.0243,14,1.08
ASIC_680k,682863,3871773,0.3979,0.5098,0.4032,0.4065,0.422,0.2951,0.2951,0.5139,0.5098,0.5155,18,1.35
as-Skitter,1696416,11095298,1.0082,1.479,1.03,1.0857,1.1962,1.5422,1.5589,1.5673,1.6035,1.6194,0,0.98
astro-ph,16707,121251,0.0061,0.0185,0.006,0.0067,0.0076,0.0133,0.0142,0.0166,0.0168,0.0182,4,1.02
audikw_1,943696,39297771,0.474,4.7341,0.4886,0.514,0.5729,0.68,0.6855,0.7799,1.0651,1.784,0,0.97
auto,448696,3314611,0.1147,0.2934,0.1207,0.1419,0.1804,0.2959,0.3081,0.3279,0.3401,0.3508,0,0.95
barrier2-1,113077,3805068,0.0753,0.4087,0.0772,0.0813,0.0922,0.1822,0.1878,0.1985,0.2993,0.3803,0,0.98
barrier2-10,115626,3897557,0.0766,0.419,0.0781,0.0838,0.0945,0.1863,0.1919,0.2084,0.3066,0.3894,0,0.98
barrier2-11,115626,3897557,0.0767,0.419,0.0781,0.0838,0.0944,0.1862,0.192,0.2084,0.3066,0.3894,0,0.98
barrier2-12,115626,3897557,0.0766,0.419,0.0781,0.0838,0.0946,0.1862,0.192,0.2083,0.3067,0.3895,0,0.98
barrier2-2,113077,3805068,0.0753,0.4085,0.0768,0.0814,0.0921,0.1821,0.1879,0.1986,0.2993,0.3804,0,0.98
barrier2-3,113077,3805068,0.0748,0.4087,0.0764,0.0813,0.0921,0.1821,0.1878,0.1985,0.2994,0.3805,0,0.98
barrier2-4,113077,3805068,0.0753,0.4086,0.0773,0.0814,0.0921,0.1821,0.1878,0.1985,0.2993,0.3805,0,0.97
barrier2-9,115626,3897557,0.0763,0.419,0.0781,0.0839,0.0945,0.1862,0.1919,0.2083,0.3067,0.3894,0,0.98
bauru5727,40367,145019,0.0084,0.028,0.0084,0.0085,0.0093,0.0142,0.0216,0.0257,0.0297,0.0297,0,1.0
bbmat,38745,1771722,0.0152,0.2169,0.015,0.0158,0.0183,0.0298,0.0338,0.0347,0.0364,0.0412,4,1.01
bcsstk17,10975,219812,0.0046,0.0215,0.0052,0.0053,0.006,0.0101,0.0102,0.0109,0.0126,0.0142,0,0.88
bcsstk18,11949,80519,0.0042,0.0126,0.0044,0.0044,0.006,0.0093,0.0101,0.0109,0.0117,0.0134,0,0.95
bcsstk25,15440,133840,0.0045,0.0154,0.0053,0.0053,0.0069,0.0094,0.0102,0.0118,0.0126,0.0142,0,0.85
bcsstk29,13993,316740,0.0053,0.0282,0.0052,0.0053,0.006,0.0101,0.011,0.0118,0.0126,0.0151,4,1.02
bcsstk30,28925,1036208,0.0105,0.1211,0.011,0.0102,0.0109,0.0126,0.0143,0.0168,0.0216,0.0322,8,1.03
bcsstk31,35589,608502,0.0094,0.0511,0.0102,0.0109,0.0118,0.0126,0.0151,0.0175,0.0241,0.0306,0,0.92
bcsstk32,44610,1029655,0.0141,0.0823,0.0143,0.0151,0.0134,0.0159,0.0176,0.0216,0.0257,0.0314,14,1.05
bcsstk35,30238,740200,0.0103,0.0617,0.0109,0.011,0.0118,0.0126,0.0143,0.0167,0.0183,0.0232,0,0.94
bcsstk36,23053,583096,0.0071,0.0467,0.0076,0.0076,0.0076,0.0126,0.0141,0.0159,0.0167,0.0192,0,0.93
bcsstk37,25504,583240,0.008,0.0455,0.0077,0.0077,0.0088,0.0126,0.0142,0.0158,0.0176,0.0192,4,1.04
bcsstk39,46773,1068033,0.0104,0.071,0.011,0.011,0.0134,0.0142,0.0142,0.015,0.0207,0.0282,0,0.95
bcsstm36,23053,166389,0.0062,0.0188,0.0061,0.0061,0.007,0.0109,0.0109,0.0118,0.0127,0.0159,4,1.02
belgium_osm,1441296,1549970,0.1364,0.7063,0.1341,0.1862,0.8559,0.8601,0.8596,0.8599,0.8597,0.8597,4,1.02
BenElechi1,245875,6698185,0.0404,0.3833,0.042,0.0429,0.0405,0.0502,0.0708,0.1035,0.1035,0.1051,0,1.0
blockqp1,60013,340022,0.0367,0.043,0.0364,0.0372,0.0412,0.0372,0.0372,0.0371,0.0372,0.0372,4,1.01
bloweya,30005,80005,0.0193,0.019,0.0199,0.0199,0.0191,0.02,0.02,0.02,0.0208,0.0208,128,0.99
bloweybl,30004,70001,0.0196,0.0191,0.0201,0.0202,0.0193,0.0202,0.0194,0.0202,0.021,0.021,128,0.99
bmw3_2,227363,5757996,0.1155,0.5497,0.1183,0.1085,0.1158,0.1281,0.1362,0.151,0.1495,0.1757,8,1.06
bmw7st_1,141348,3740507,0.0819,0.3608,0.083,0.0856,0.0896,0.0789,0.0846,0.0936,0.1085,0.1298,18,1.04
bmwcra_1,148771,5396386,0.0588,0.6107,0.0601,0.0625,0.0609,0.0732,0.0797,0.0896,0.1134,0.1518,0,0.98
bone010,986704,36326514,0.3135,4.8347,0.316,0.3494,0.4219,0.5379,0.5593,0.5917,0.6385,0.9997,0,0.99
boneS01,127225,3421188,0.0266,0.3777,0.0265,0.0282,0.034,0.0405,0.0429,0.0511,0.0642,0.0847,4,1.0
boneS10,914899,28191660,0.2603,3.3564,0.27,0.2933,0.3487,0.4259,0.4569,0.5172,0.6232,0.8546,0,0.96
boyd1,93280,652246,0.0593,0.1411,0.0601,0.0592,0.0532,0.0579,0.0578,0.0576,0.0896,0.1078,14,1.11
boyd2,466317,890091,0.2621,0.24,0.2731,0.2731,0.2559,0.2576,0.2575,0.2387,0.2436,0.2437,30,1.01
brack2,62632,366559,0.0149,0.041,0.015,0.0167,0.0225,0.0233,0.0267,0.0332,0.0397,0.0478,0,0.99
brainpc2,27608,96601,0.0054,0.0173,0.0061,0.0077,0.0136,0.0136,0.0134,0.0134,0.0166,0.0167,0,0.89
bratu3d,27793,88627,0.0054,0.0125,0.0053,0.0052,0.011,0.0126,0.0126,0.0134,0.015,0.0143,8,1.04
Bump_2911,2911420,65320659,0.7062,4.4152,0.7288,0.8022,0.9951,1.1059,1.1886,1.6687,2.3887,2.8007,0,0.97
bundle1,10582,390741,0.006,0.0445,0.006,0.0061,0.006,0.0102,0.0109,0.0102,0.0109,0.0134,0,1.0
bundle_adj,513352,10360701,0.1192,0.7803,0.1362,0.1632,0.1846,0.1992,0.2124,0.2616,0.3017,0.3529,0,0.88
c-42,10472,60378,0.0088,0.0139,0.0086,0.0085,0.0085,0.0134,0.0134,0.0134,0.0135,0.0145,8,1.04
c-43,11126,67400,0.0063,0.0134,0.0062,0.0061,0.0078,0.0135,0.0135,0.0135,0.0135,0.0134,8,1.03
c-45,13207,93829,0.0048,0.0124,0.0052,0.0052,0.0085,0.0109,0.011,0.0126,0.0127,0.0126,0,0.92
c-46,14914,72655,0.0056,0.0155,0.0061,0.006,0.0086,0.0151,0.015,0.015,0.0151,0.0158,0,0.93
c-47,15344,113372,0.0122,0.0214,0.0118,0.0118,0.011,0.02,0.0208,0.0208,0.0209,0.0216,14,1.11
c-48,18355,92217,0.0131,0.0188,0.0134,0.0134,0.0135,0.0175,0.0176,0.0175,0.0183,0.0191,0,0.98
c-49,21133,89087,0.0149,0.0203,0.0151,0.015,0.0151,0.0192,0.0192,0.02,0.02,0.0208,0,0.99
c-50,22402,108013,0.0154,0.0216,0.015,0.0159,0.0159,0.0183,0.0191,0.02,0.0209,0.0208,4,1.03
c-51,23197,113123,0.0157,0.0219,0.0159,0.0159,0.0159,0.0199,0.0208,0.0208,0.0207,0.0217,0,0.99
c-52,23949,113332,0.0161,0.0227,0.0159,0.0167,0.0167,0.0208,0.0207,0.0209,0.0209,0.0224,4,1.01
c-53,30236,201224,0.0157,0.0264,0.0159,0.0168,0.0184,0.0225,0.0224,0.0233,0.0241,0.0249,0,0.99
c-54,31794,211743,0.0203,0.0298,0.0208,0.0207,0.0216,0.0233,0.0232,0.0241,0.0249,0.0257,0,0.98
c-55,32781,218115,0.0209,0.0361,0.0216,0.0217,0.0216,0.0265,0.0274,0.0281,0.0306,0.0323,0,0.97
c-56,35911,208405,0.0227,0.0312,0.0232,0.0232,0.024,0.0256,0.0257,0.0265,0.0274,0.029,0,0.98
c-57,37834,221515,0.0102,0.0306,0.0101,0.0101,0.0192,0.0249,0.0257,0.0265,0.0265,0.0265,4,1.01
c-58,37596,295076,0.0257,0.0479,0.0265,0.0265,0.0258,0.0412,0.0413,0.0422,0.0437,0.047,0,1.0
c-59,41283,260909,0.026,0.0426,0.0257,0.0266,0.0264,0.0315,0.0315,0.0322,0.0347,0.0372,4,1.01
c-60,43641,171109,0.0274,0.0338,0.0273,0.0289,0.029,0.029,0.029,0.0323,0.0331,0.034,4,1.0
c-61,43619,176817,0.0268,0.0341,0.0273,0.0274,0.0282,0.0299,0.0306,0.0323,0.033,0.0347,0,0.98
c-62,41732,300537,0.0267,0.0474,0.0265,0.0273,0.0265,0.0339,0.0347,0.0347,0.0388,0.0412,4,1.01
c-62ghs,41732,300537,0.0268,0.0475,0.0266,0.0273,0.0266,0.0339,0.0339,0.0354,0.0388,0.0413,4,1.01
c-63,44235,239469,0.0276,0.0394,0.0273,0.0281,0.0282,0.0315,0.0314,0.0331,0.0347,0.0356,4,1.01
c-64,51036,384438,0.0191,0.0416,0.0191,0.0199,0.0282,0.0315,0.0322,0.0338,0.0355,0.0363,0,1.0
c-64b,51036,384438,0.0191,0.0418,0.0192,0.0199,0.0281,0.0315,0.0322,0.034,0.0355,0.0364,0,0.99
c-65,48067,204297,0.0299,0.0372,0.0297,0.0306,0.0306,0.0323,0.0323,0.0347,0.0355,0.0372,4,1.01
c-66,49990,274498,0.0304,0.0418,0.0306,0.0314,0.0323,0.0331,0.0331,0.0338,0.0356,0.038,0,0.99
c-66b,49990,274498,0.0305,0.0419,0.0306,0.0314,0.0323,0.0331,0.0331,0.0339,0.0362,0.038,0,1.0
c-67b,57976,294955,0.0347,0.043,0.0355,0.0371,0.038,0.0339,0.0331,0.034,0.0372,0.0397,22,1.05
c-68,64811,315408,0.0389,0.052,0.0388,0.0404,0.0413,0.0437,0.0445,0.0437,0.0479,0.0512,4,1.0
c-69,67459,345714,0.0404,0.0539,0.0404,0.0412,0.0437,0.0429,0.0437,0.0453,0.0478,0.0502,0,1.0
c-70,68925,363955,0.0415,0.057,0.0412,0.042,0.0437,0.0445,0.0454,0.0462,0.0486,0.0519,4,1.01
c-71,76639,468096,0.0453,0.0708,0.0461,0.0469,0.0469,0.0535,0.0543,0.0559,0.0592,0.0634,0,0.98
c-73,169423,724348,0.0253,0.0975,0.0264,0.0265,0.0691,0.0854,0.0863,0.0962,0.0961,0.0987,0,0.96
c-73b,169423,724348,0.0257,0.0976,0.0265,0.0261,0.0691,0.0854,0.0862,0.0961,0.0962,0.0986,0,0.98
ca-AstroPh,18773,198110,0.0136,0.0281,0.0134,0.0141,0.0142,0.0289,0.0298,0.0298,0.0306,0.0306,4,1.01
ca-CondMat,23134,93497,0.0111,0.0181,0.0109,0.0109,0.0125,0.0199,0.02,0.0199,0.02,0.02,4,1.02
cage14,1505786,27130349,0.8063,2.0961,0.8318,0.945,1.1676,2.232,2.2725,2.36,2.4767,2.5501,0,0.97
cage15,5154860,99199551,3.2552,7.4072,3.1888,3.6257,4.3003,8.0482,8.014,8.3446,8.774,8.9971,4,1.02
ca-HepPh,12009,118521,0.0093,0.0189,0.0085,0.0084,0.0085,0.0183,0.0191,0.0191,0.0199,0.02,8,1.11
caidaRouterLevel,192245,609066,0.0674,0.0902,0.0696,0.0756,0.0879,0.0854,0.0953,0.0986,0.0994,0.0995,0,0.97
cant,62452,2034917,0.0156,0.2206,0.0158,0.0158,0.0216,0.0265,0.0281,0.0306,0.0404,0.0486,0,0.99
case39,40217,526139,0.0069,0.075,0.0077,0.0077,0.0085,0.0223,0.0233,0.0224,0.024,0.0233,0,0.9
case9,14455,75801,0.0036,0.0103,0.0036,0.0044,0.0052,0.0052,0.0068,0.0084,0.0084,0.0101,0,1.0
c-big,345242,1343126,0.1951,0.2051,0.1961,0.2009,0.21,0.1871,0.1879,0.1911,0.1911,0.2051,18,1.04
cbuckle,13682,345098,0.0104,0.0265,0.0101,0.0109,0.0109,0.0101,0.0109,0.0126,0.0125,0.0134,4,1.03
ccc,49153,73728,0.0068,0.0258,0.0069,0.0068,0.0175,0.0265,0.0265,0.0264,0.0265,0.0265,0,1.0
cfd1,70657,949510,0.0146,0.0687,0.0143,0.0167,0.0223,0.0281,0.0322,0.0413,0.0569,0.0732,4,1.02
Chebyshev4,68122,5377761,0.0637,0.6803,0.0634,0.0642,0.065,0.1117,0.1117,0.1338,0.2354,0.3517,4,1.0
circuit_4,80210,307604,0.0485,0.0515,0.0485,0.0494,0.0486,0.0388,0.0388,0.0486,0.0543,0.0543,18,1.25
circuit5M,5558327,59524291,4.449,8.6385,4.8872,5.2121,5.3128,7.0247,6.8193,6.6613,7.9578,7.9886,0,0.91
circuit5M_dc,3523318,19194193,1.0915,2.7073,1.199,1.3227,1.6549,1.6575,1.8219,1.9521,3.3334,3.3229,0,0.91
citationCiteseer,268496,1156647,0.1377,0.1285,0.1386,0.1453,0.1608,0.1502,0.1511,0.1511,0.151,0.1511,128,0.93
cit-Patents,3774769,16518948,2.2074,2.2761,2.2633,2.3794,2.6484,2.722,2.7553,2.7004,2.7615,2.7626,0,0.98
ckt11752_dc_1,49703,333029,0.0306,0.0327,0.0281,0.0314,0.0363,0.0232,0.024,0.0289,0.0306,0.0356,18,1.32
ckt11752_tr_0,49703,333029,0.0278,0.0328,0.0281,0.0314,0.0363,0.0232,0.024,0.0282,0.0306,0.0355,18,1.2
cnr-2000,325558,3216152,0.1527,0.329,0.1518,0.1567,0.1772,0.1952,0.196,0.1969,0.2018,0.2083,4,1.01
CO,221120,3943588,0.0748,0.2565,0.0682,0.0716,0.0838,0.2617,0.2632,0.2648,0.265,0.2698,4,1.1
coAuthorsCiteseer,227321,814134,0.0314,0.1157,0.0331,0.0354,0.0478,0.0642,0.0796,0.1015,0.1092,0.1148,0,0.95
coAuthorsDBLP,299068,977676,0.0583,0.147,0.0608,0.0666,0.0666,0.0904,0.1125,0.1411,0.151,0.1559,0,0.96
cond-mat-2003,31164,120029,0.0066,0.0188,0.0068,0.0076,0.0101,0.0126,0.0158,0.0191,0.0207,0.0215,0,0.97
cond-mat-2005,40422,175693,0.0108,0.0244,0.0108,0.0117,0.015,0.0175,0.0207,0.0248,0.0264,0.0281,0,1.0
conf5_4-8x8-05,49153,1916928,0.0193,0.2833,0.0207,0.0207,0.0231,0.0297,0.0297,0.0297,0.051,0.1396,0,0.93
conf5_4-8x8-10,49153,1916928,0.0195,0.2834,0.0206,0.0207,0.0232,0.0297,0.0298,0.0297,0.051,0.1395,0,0.95
conf5_4-8x8-15,49153,1916928,0.0193,0.2835,0.0207,0.0207,0.0232,0.0297,0.0297,0.0297,0.0511,0.1395,0,0.93
conf5_4-8x8-20,49153,1916928,0.0192,0.2833,0.0207,0.0207,0.0232,0.0298,0.0297,0.0297,0.051,0.1395,0,0.93
conf6_0-8x8-20,49153,1916928,0.0194,0.2836,0.0207,0.0207,0.0232,0.0305,0.0297,0.0297,0.051,0.1396,0,0.94
conf6_0-8x8-30,49153,1916928,0.0194,0.2835,0.021,0.0207,0.0232,0.0298,0.0297,0.0298,0.0511,0.1395,0,0.94
conf6_0-8x8-80,49153,1916928,0.0194,0.2833,0.0207,0.0207,0.0231,0.0297,0.0297,0.0297,0.051,0.1395,0,0.94
consph,83335,3046907,0.0241,0.4098,0.024,0.0256,0.0289,0.0362,0.0371,0.042,0.0461,0.0748,4,1.0
cont-201,80596,239596,0.0097,0.0442,0.0093,0.0092,0.0403,0.0404,0.0404,0.0404,0.0495,0.0493,8,1.05
cont-300,180896,539396,0.0166,0.0957,0.0166,0.0167,0.0846,0.0854,0.0854,0.0854,0.1068,0.1068,0,1.0
coPapersCiteseer,434103,16036720,0.2778,2.0595,0.2867,0.2972,0.3223,0.3735,0.3862,0.4218,0.489,0.5735,0,0.97
coPapersDBLP,540487,15245729,0.3414,1.8257,0.3507,0.372,0.4067,0.4322,0.45,0.4912,0.5336,0.6318,0,0.97
copter1,17223,114143,0.0052,0.0135,0.006,0.006,0.006,0.0108,0.0109,0.0109,0.0159,0.0159,0,0.87
CoupCons3D,416801,22322336,0.1998,2.7141,0.1952,0.2149,0.2325,0.2718,0.2707,0.2864,0.3689,0.6234,4,1.02
crankseg_1,52805,5333507,0.0418,0.771,0.0425,0.0428,0.0439,0.0561,0.0583,0.0627,0.101,0.205,0,0.98
crankseg_2,63839,7106348,0.0537,1.04,0.0535,0.0544,0.0567,0.074,0.0756,0.0805,0.1363,0.2829,4,1.0
crplat2,18011,489478,0.0056,0.0424,0.006,0.006,0.006,0.0101,0.0101,0.0118,0.0117,0.015,0,0.93
crystk02,13966,491274,0.006,0.0663,0.006,0.006,0.006,0.0102,0.0108,0.0109,0.0109,0.0158,0,1.0
crystk03,24697,887937,0.0084,0.1165,0.0084,0.0085,0.0085,0.0126,0.0133,0.0133,0.0159,0.024,0,1.0
crystm02,13966,168435,0.0053,0.016,0.006,0.0068,0.0068,0.0101,0.0126,0.0133,0.0174,0.0191,0,0.88
crystm03,24697,304233,0.007,0.0256,0.0093,0.01,0.0101,0.015,0.0199,0.0208,0.0264,0.0306,0,0.75
ct2010,67579,168176,0.0114,0.0322,0.0117,0.0142,0.0208,0.0289,0.0346,0.0355,0.0359,0.0355,0,0.97
ct20stif,52330,1375396,0.0227,0.1349,0.0223,0.0231,0.0249,0.0283,0.0305,0.0338,0.0387,0.0462,4,1.02
Cube_Coup_dt0,2164761,64685452,0.7253,5.4775,0.6642,0.7298,0.797,1.0696,1.2221,1.3346,1.4966,2.2302,4,1.09
Cube_Coup_dt6,2164761,64685452,0.7261,5.72,0.665,0.7296,0.7957,1.0694,1.225,1.3321,1.4954,2.231,4,1.09
CurlCurl_0,11084,62213,0.0042,0.0095,0.0047,0.0048,0.0055,0.0063,0.0063,0.0064,0.0078,0.0104,0,0.89
CurlCurl_4,2380516,14448191,0.2928,1.727,0.3316,0.4038,0.9259,1.0479,1.0477,1.0485,1.2132,2.1525,0,0.88
cvxqp3,17501,69981,0.0047,0.0119,0.0052,0.0051,0.0044,0.0126,0.0126,0.0126,0.0125,0.0125,14,1.07
cyl6,13682,363961,0.0096,0.0251,0.01,0.01,0.0101,0.0084,0.01,0.0117,0.0117,0.0126,18,1.14
darcy003,389875,1167685,0.0313,0.1784,0.0322,0.0584,0.078,0.1141,0.1542,0.2075,0.2075,0.2075,0,0.97
dawson5,51538,531157,0.0103,0.0441,0.01,0.0117,0.015,0.0199,0.0224,0.0273,0.0338,0.0412,4,1.03
dblp-2010,326187,807700,0.1423,0.1292,0.1354,0.1305,0.1289,0.0936,0.1059,0.1215,0.128,0.133,18,1.38
dc3,116836,766396,0.0699,0.0895,0.074,0.0764,0.0813,0.0961,0.0969,0.0919,0.0896,0.0985,0,0.94
de2010,24116,58028,0.0057,0.0168,0.006,0.0068,0.0085,0.0166,0.0183,0.0182,0.0183,0.0182,0,0.95
debr,1048577,2097149,0.1082,0.5746,0.1084,0.21,0.4741,0.474,0.6949,0.695,0.695,0.695,0,1.0
delaunay_n15,32769,98274,0.0061,0.0176,0.006,0.0076,0.0092,0.0092,0.0101,0.0182,0.0199,0.0199,4,1.02
delaunay_n16,65537,196575,0.0083,0.032,0.0084,0.0126,0.0158,0.0159,0.0166,0.0314,0.0363,0.0363,0,0.99
delaunay_n17,131073,393176,0.0129,0.0598,0.0149,0.0232,0.0281,0.0289,0.0297,0.0584,0.0675,0.0674,0,0.87
delaunay_n18,262145,786396,0.0217,0.1159,0.0272,0.0445,0.0551,0.0559,0.0593,0.1108,0.1309,0.1305,0,0.8
delaunay_n19,524289,1572823,0.0395,0.2293,0.051,0.0838,0.1035,0.1051,0.11,0.2229,0.2582,0.2582,0,0.77
delaunay_n20,1048577,3145686,0.113,0.561,0.1397,0.216,0.2643,0.2715,0.2888,0.5908,0.6957,0.6956,0,0.81
delaunay_n21,2097153,6291408,0.2411,1.1372,0.3076,0.4749,0.5797,0.5863,0.6158,1.2583,1.4119,1.4122,0,0.78
delaunay_n22,4194305,12582869,0.495,2.2817,0.6298,0.9844,1.2078,1.2285,1.3113,2.5233,2.8383,2.8382,0,0.79
denormal,89401,622812,0.0106,0.0566,0.0108,0.0109,0.0519,0.0519,0.0519,0.0527,0.0526,0.069,0,0.98
dictionary28,52653,89038,0.0092,0.0193,0.0093,0.0117,0.015,0.0183,0.0199,0.0207,0.0207,0.0207,0,0.99
dielFilterV2clx,607233,12958252,0.3352,1.1237,0.3476,0.3751,0.4349,0.5125,0.5518,0.6003,0.7533,0.9267,0,0.96
dielFilterV2real,1157457,24848204,0.5863,2.1826,0.5896,0.6082,0.7413,1.0525,1.0741,1.2297,1.5262,1.8744,0,0.99
dielFilterV3clx,420409,16653308,0.3127,1.9559,0.3215,0.3357,0.3661,0.4755,0.499,0.5524,0.7064,0.9127,0,0.97
Dubcova1,16130,134569,0.0057,0.0142,0.0052,0.0052,0.0068,0.0093,0.0117,0.0125,0.0133,0.0142,4,1.1
Dubcova3,146690,1891669,0.0227,0.1431,0.0198,0.0215,0.0363,0.0445,0.0494,0.0617,0.0921,0.0936,4,1.15
e40r0100,17282,553562,0.0087,0.0636,0.0093,0.0085,0.0092,0.0166,0.0174,0.019,0.0249,0.0306,8,1.02
EAT_RS,23220,325592,0.0163,0.0463,0.0165,0.0166,0.0191,0.0437,0.0461,0.0478,0.0493,0.0494,0,0.99
ecology1,1000001,2998000,0.1213,0.5498,0.1627,0.1627,0.1621,0.1616,0.1634,0.677,0.6771,0.6772,0,0.75
ecology2,1000000,2997995,0.1201,0.5502,0.1624,0.1616,0.162,0.1627,0.1626,0.6771,0.6771,0.6769,0,0.74
email-Enron,36693,183831,0.0144,0.0261,0.0141,0.015,0.0175,0.0183,0.0199,0.024,0.0265,0.0281,4,1.02
Emilia_923,923137,20964171,0.2881,1.5061,0.2984,0.3253,0.3849,0.4315,0.4707,0.57,0.7572,1.1785,0,0.97
engine,143572,2424822,0.069,0.2405,0.0698,0.0729,0.0779,0.083,0.0798,0.0878,0.1068,0.2198,0,0.99
enron,69245,276143,0.0255,0.0443,0.0207,0.0191,0.0174,0.0331,0.033,0.033,0.0372,0.0405,14,1.47
eu-2005,862665,19235140,0.544,2.0871,0.56,0.6021,0.6758,0.9818,1.0211,1.0556,1.1258,1.1852,0,0.97
ex11,16615,1096948,0.01,0.1563,0.0096,0.0101,0.0101,0.0149,0.0158,0.0166,0.0199,0.0265,4,1.04
ex19,12006,259879,0.0055,0.0251,0.0052,0.0061,0.006,0.0093,0.0093,0.0109,0.0166,0.0174,4,1.06
F1,343792,13590452,0.1979,1.6697,0.2028,0.2085,0.2242,0.2354,0.2496,0.2787,0.3687,0.74,0,0.98
F2,71506,2682895,0.0327,0.3237,0.033,0.0339,0.0363,0.0452,0.0458,0.0513,0.0707,0.1403,0,0.99
Fault_639,638803,14626683,0.2248,1.0637,0.2322,0.2487,0.2505,0.296,0.3218,0.3881,0.4918,0.7172,0,0.97
fcondp2,201823,5748069,0.0415,0.5951,0.0437,0.0469,0.0518,0.06,0.0646,0.069,0.0904,0.1223,0,0.95
fem_hifreq_circuit,491101,20239237,0.3349,2.7073,0.3172,0.3364,0.3617,0.4606,0.4977,0.6302,1.0303,1.4609,4,1.06
filter3D,106438,1406808,0.0297,0.1024,0.0297,0.0338,0.0412,0.065,0.0707,0.0764,0.0857,0.0954,0,1.0
finance256,37377,167936,0.0077,0.0238,0.0076,0.0077,0.0109,0.0215,0.0215,0.0248,0.0272,0.0265,4,1.01
Flan_1565,1564795,59485419,0.6454,6.934,0.6514,0.7127,0.7448,0.9707,0.9868,1.0463,1.2116,1.8627,0,0.99
flickr,820879,9837214,0.5656,1.4785,0.6092,0.6091,0.6304,1.4888,1.4711,1.4691,1.5489,1.5691,0,0.93
foldoc,13357,120238,0.0069,0.0157,0.0068,0.0069,0.0076,0.0133,0.0141,0.0141,0.0142,0.0166,4,1.01
Freescale1,3428756,18920347,1.1625,2.7723,1.2873,1.4257,1.6067,1.9559,2.0273,2.1385,3.4806,3.4913,0,0.9
fullb,199188,5953632,0.049,0.5452,0.0502,0.0444,0.0551,0.0583,0.0675,0.0789,0.1068,0.1231,8,1.1
FullChip,2987013,26621990,2.0681,3.279,2.1098,2.3736,2.9773,3.739,3.7407,3.6503,3.0186,3.667,0,0.98
fxm4_6,18893,258368,0.0099,0.0249,0.0092,0.0092,0.0101,0.0142,0.015,0.0166,0.0174,0.0191,4,1.08
G2_circuit,150103,438388,0.013,0.0701,0.0166,0.0167,0.0216,0.0306,0.033,0.0714,0.0715,0.0715,0,0.78
G3_circuit,1585479,4623152,0.1789,0.9084,0.2382,0.2393,0.3014,0.4396,0.4768,1.0974,1.0976,1.0971,0,0.75
Ga10As10H30,113082,3114357,0.0663,0.3016,0.0665,0.069,0.078,0.1788,0.1797,0.1813,0.1903,0.2067,0,1.0
Ga19As19H42,133124,4508981,0.0777,0.4853,0.0789,0.0821,0.0937,0.2133,0.2141,0.2166,0.237,0.2713,0,0.98
Ga3As3H12,61350,3016148,0.0406,0.379,0.042,0.0428,0.0486,0.1018,0.1027,0.1035,0.1231,0.1526,0,0.97
Ga41As41H72,268097,9378286,0.1552,1.025,0.1575,0.164,0.186,0.4351,0.4377,0.4417,0.5016,0.5727,0,0.99
GaAsH6,61350,1721579,0.0378,0.1744,0.0379,0.0396,0.0445,0.0969,0.0977,0.0985,0.1026,0.1132,0,1.0
gas_sensor,66918,885141,0.0146,0.0637,0.015,0.0158,0.0199,0.0216,0.0248,0.0387,0.0478,0.0756,0,0.97
Ge87H76,112986,4002590,0.0669,0.4436,0.0676,0.0715,0.0769,0.1756,0.1772,0.1731,0.1968,0.2427,0,0.99
Ge99H100,112986,4282190,0.0673,0.489,0.0683,0.0723,0.0781,0.1772,0.1789,0.1748,0.2018,0.2559,0,0.99
gearbox,153747,4617075,0.0423,0.4665,0.0429,0.0461,0.0518,0.056,0.0617,0.0739,0.0969,0.151,0,0.99
Geo_1438,1437961,32297325,0.4391,2.28,0.4553,0.4966,0.5932,0.6603,0.7257,0.8838,1.1552,1.745,0,0.96
gridgena,48963,280523,0.0076,0.0307,0.0076,0.0134,0.0142,0.0142,0.0141,0.015,0.0199,0.0355,0,1.0
gsm_106857,589447,11174185,0.4361,1.1737,0.4509,0.4871,0.5668,0.989,1.0161,1.0792,1.2078,1.2767,0,0.97
gupta1,31803,1098006,0.0133,0.1305,0.0142,0.0158,0.0183,0.0281,0.0297,0.0314,0.0355,0.0396,0,0.94
gupta2,62065,2155175,0.0236,0.2503,0.0257,0.0289,0.0346,0.0559,0.0568,0.0601,0.0633,0.0699,0,0.92
gupta3,16784,4670105,0.0323,0.739,0.0322,0.0322,0.0322,0.0346,0.0347,0.0355,0.0511,0.0707,4,1.0
gyro,17362,519260,0.0075,0.0578,0.0076,0.0076,0.0077,0.0117,0.0126,0.0134,0.0166,0.0257,0,0.99
gyro_k,17362,519260,0.0074,0.0577,0.0075,0.0077,0.0076,0.0118,0.0125,0.0133,0.0166,0.0257,0,0.99
gyro_m,17362,178896,0.0063,0.0186,0.0068,0.0068,0.0084,0.0133,0.015,0.0175,0.0191,0.0223,0,0.93
H2O,67025,1141880,0.0204,0.0782,0.0199,0.0215,0.0273,0.0699,0.0699,0.0716,0.0715,0.0764,4,1.03
halfb,224618,6306219,0.0591,0.5714,0.0616,0.065,0.0715,0.0685,0.0805,0.0961,0.1116,0.1387,0,0.96
Hamrle3,1447361,5514242,0.2628,1.1105,0.2776,0.4052,0.412,0.8522,0.8522,0.8537,1.375,1.3756,0,0.95
hangGlider_4,15562,79088,0.0117,0.0131,0.0117,0.0125,0.0126,0.0134,0.0134,0.0134,0.0133,0.0143,0,1.0
hangGlider_5,16012,82070,0.0117,0.0134,0.0117,0.0125,0.0125,0.0134,0.0133,0.0134,0.0134,0.0142,0,1.0
helm2d03,392258,1567096,0.036,0.2091,0.0338,0.0584,0.16,0.1682,0.169,0.1797,0.2411,0.2427,4,1.07
helm3d01,32227,230335,0.0079,0.0243,0.0077,0.0084,0.0125,0.0191,0.0207,0.0224,0.0252,0.0289,4,1.03
hi2010,25017,62063,0.0064,0.0165,0.006,0.0068,0.0092,0.0158,0.0175,0.0183,0.0183,0.0182,4,1.07
hollywood-2009,1139906,57515616,1.3439,7.4177,1.4199,1.4498,1.53,3.9802,4.1678,4.2483,5.0621,5.5069,0,0.95
hood,220543,5494489,0.0354,0.5077,0.0355,0.0395,0.0461,0.0593,0.0707,0.083,0.1051,0.133,0,1.0
Hook_1498,1498024,31207734,0.4365,2.3452,0.4526,0.5053,0.6056,0.648,0.728,0.8769,1.1129,1.6977,0,0.96
HTC_336_4438,226341,565431,0.0595,0.121,0.0592,0.0593,0.0887,0.1208,0.1207,0.1224,0.1223,0.124,4,1.01
HTC_336_9129,226341,554881,0.0593,0.1207,0.0592,0.0592,0.0887,0.1208,0.1208,0.1223,0.1223,0.1249,4,1.0
hugetric-00000,5824555,8733523,0.7115,2.6396,0.7101,0.7792,1.6656,3.2445,3.2448,3.0382,3.0491,3.2461,4,1.0
human_gene1,22284,12345963,0.1724,1.7842,0.2001,0.2043,0.2165,0.7113,0.7129,0.717,1.1446,1.469,0,0.86
human_gene2,14341,9041364,0.1164,1.4477,0.1238,0.1266,0.1338,0.4049,0.4057,0.409,0.6973,0.944,0,0.94
HV15R,2017170,283073458,2.1962,37.3365,2.1966,2.266,2.434,3.2369,3.3625,3.5803,5.1262,7.3063,0,1.0
ibm_matrix_2,51449,1056610,0.029,0.065,0.0289,0.0313,0.033,0.0183,0.0199,0.0256,0.0355,0.0543,18,1.58
igbt3,10939,234006,0.0066,0.0168,0.0059,0.006,0.0068,0.0125,0.0126,0.0141,0.0158,0.0202,4,1.12
in-2004,1382909,16917053,0.7517,1.9518,0.766,0.7953,0.8367,0.951,0.9753,1.0088,1.0558,1.0901,0,0.98
inlet,11731,328323,0.0052,0.0311,0.0052,0.0052,0.0067,0.0085,0.0092,0.0101,0.0125,0.0133,0,1.0
inline_1,503713,18660027,0.3428,2.1685,0.352,0.3655,0.3921,0.4403,0.4634,0.5084,0.6515,0.8669,0,0.97
ins2,309413,1530448,0.1881,0.3142,0.1903,0.1903,0.1878,0.269,0.2697,0.2689,0.2935,0.2936,14,1.0
italy_osm,6686494,7013978,0.6365,3.3137,0.634,0.8136,4.0116,4.0263,4.0276,4.0292,3.7679,3.786,4,1.0
jan99jac120sc,41375,260202,0.0078,0.03,0.0075,0.0087,0.0117,0.0207,0.0231,0.0281,0.0297,0.0314,4,1.04
juba40k,40338,144945,0.0077,0.0254,0.0076,0.0076,0.0092,0.0125,0.0174,0.0223,0.0272,0.0272,4,1.01
k3plates,11108,378927,0.0051,0.0462,0.0052,0.0052,0.0052,0.0093,0.0092,0.0101,0.0109,0.0134,0,0.98
kim1,38416,933195,0.0093,0.0519,0.0092,0.0092,0.0093,0.0142,0.015,0.015,0.0158,0.0281,4,1.01
kkt_power,2063495,8130343,0.5275,1.4064,0.5483,0.6104,1.1057,1.7182,1.7218,1.7242,1.7242,1.7244,0,0.96
kron_g500-logn16,65537,2456398,0.08,0.3599,0.0871,0.0934,0.0963,0.3369,0.3353,0.3369,0.3607,0.3664,0,0.92
kron_g500-logn17,131073,5114375,0.1717,0.753,0.1862,0.2002,0.2067,0.7253,0.721,0.7243,0.7621,0.7675,0,0.92
kron_g500-logn18,262145,10583222,0.3704,1.5719,0.41,0.4149,0.4332,1.5634,1.5538,1.557,1.606,1.6125,0,0.9
kron_g500-logn19,524289,21781478,0.7797,3.2426,0.8586,0.8695,0.8926,3.2676,2.9411,3.2522,3.006,3.3283,0,0.91
kron_g500-logn20,1048577,44620272,1.6024,6.7173,1.7359,1.7598,1.8448,6.4343,6.7808,6.1616,6.8804,6.6379,0,0.92
laminar_duct3D,67174,3833077,0.0282,0.4274,0.028,0.0284,0.0347,0.0412,0.0444,0.0453,0.0698,0.1026,4,1.01
language,399131,1216334,0.2248,0.2162,0.2321,0.2394,0.2452,0.2402,0.2189,0.2132,0.2132,0.2141,30,1.01
largebasis,440021,5560100,0.062,0.3966,0.0887,0.1018,0.1018,0.0969,0.1059,0.2197,0.3,0.2999,0,0.7
ldoor,952204,23737339,0.2255,2.4472,0.2324,0.2531,0.2946,0.3402,0.3964,0.4615,0.5955,0.7275,0,0.97
lhr34,35153,764014,0.0091,0.0846,0.0092,0.0093,0.0191,0.0281,0.0281,0.0282,0.0314,0.0354,0,0.99
lhr34c,35153,764014,0.009,0.0845,0.0093,0.0093,0.0191,0.0281,0.028,0.028,0.0314,0.0355,0,0.97
lhr71,70305,1528092,0.0151,0.1634,0.015,0.015,0.0355,0.0461,0.0461,0.047,0.0535,0.0625,4,1.01
lhr71c,70305,1528092,0.015,0.1633,0.015,0.0149,0.0355,0.0453,0.0461,0.0477,0.0535,0.0625,8,1.01
li,22696,1350309,0.0146,0.1746,0.0142,0.0142,0.0158,0.0216,0.0231,0.0248,0.0322,0.0543,4,1.03
ljournal-2008,5363261,79023142,4.4985,9.3247,4.4912,4.7149,5.1764,8.311,8.2406,8.238,8.8166,9.4677,4,1.0
Long_Coup_dt0,1470153,44279572,0.5784,4.1913,0.6041,0.6552,0.7287,0.9453,1.0103,1.1723,1.3232,1.7451,0,0.96
Long_Coup_dt6,1470153,44279572,0.5767,4.4435,0.6047,0.6595,0.7279,0.947,1.0081,1.1733,1.3221,1.7445,0,0.95
lowThrust_10,18261,116074,0.0059,0.0158,0.006,0.006,0.0109,0.0142,0.0134,0.0133,0.0133,0.0133,0,0.98
lowThrust_11,18369,117002,0.0056,0.0151,0.0052,0.006,0.0109,0.0134,0.0141,0.0142,0.0133,0.0141,4,1.08
lowThrust_12,18459,117423,0.0055,0.0152,0.0051,0.0059,0.0108,0.0142,0.0142,0.0134,0.0141,0.0142,4,1.08
lowThrust_13,18477,117580,0.0054,0.0153,0.0051,0.006,0.0101,0.0141,0.0133,0.0141,0.0133,0.0133,4,1.06
lowThrust_4,13563,84240,0.0042,0.0119,0.0044,0.0052,0.0084,0.0109,0.0109,0.0109,0.0109,0.0109,0,0.95
lowThrust_5,16263,103701,0.0054,0.0139,0.0052,0.0051,0.0092,0.0133,0.0125,0.0134,0.0126,0.0134,8,1.06
lowThrust_6,16929,108376,0.0049,0.0142,0.0052,0.006,0.0101,0.0134,0.0134,0.0133,0.0134,0.0134,0,0.94
lowThrust_7,17379,110607,0.0054,0.0145,0.0052,0.0052,0.0101,0.0134,0.0134,0.0133,0.0133,0.0133,4,1.04
lowThrust_8,17703,113139,0.0051,0.0147,0.0051,0.006,0.0101,0.0134,0.0133,0.0133,0.0134,0.0134,0,1.0
lowThrust_9,18045,114806,0.0056,0.015,0.0051,0.006,0.0101,0.0133,0.0134,0.0135,0.0142,0.0141,4,1.1
lp1,534389,1088904,0.0657,0.2563,0.069,0.069,0.0691,0.2574,0.2672,0.2697,0.2705,0.2697,0,0.95
luxembourg_osm,114600,119666,0.0104,0.0573,0.0101,0.0126,0.0576,0.0576,0.058,0.0581,0.0575,0.0576,4,1.03
m14b,214766,1679018,0.0478,0.1497,0.0534,0.0642,0.0822,0.1354,0.1396,0.1543,0.1657,0.1772,0,0.9
mario001,38435,114643,0.0061,0.0217,0.0067,0.0084,0.0109,0.015,0.0191,0.0231,0.0232,0.0231,0,0.91
mario002,389875,1167685,0.034,0.1956,0.0354,0.0641,0.0854,0.1256,0.1698,0.2075,0.2076,0.2075,0,0.96
mark3jac040sc,18290,113435,0.0063,0.0179,0.0068,0.006,0.0076,0.0133,0.0142,0.0166,0.0182,0.0208,8,1.05
mark3jac060sc,27450,170695,0.008,0.0234,0.0084,0.0076,0.0101,0.0166,0.0183,0.0216,0.0248,0.0273,8,1.05
me2010,69519,167738,0.016,0.0324,0.0158,0.0182,0.024,0.0305,0.0347,0.0362,0.0355,0.0354,4,1.01
memplus,17759,126150,0.0125,0.017,0.0126,0.0133,0.0133,0.0133,0.015,0.0141,0.0175,0.0182,0,0.99
mip1,66464,5209641,0.0442,0.7562,0.0453,0.0509,0.0568,0.0594,0.0604,0.0626,0.0653,0.0676,0,0.98
ML_Laplace,377003,27689972,0.2133,4.063,0.2151,0.2419,0.2544,0.2868,0.2873,0.352,0.3811,0.6543,0,0.99
mouse_gene,45102,14506196,0.3358,2.2985,0.3578,0.3764,0.3802,1.4216,1.4242,1.4332,1.995,2.2204,0,0.94
msc10848,10849,620313,0.0087,0.0894,0.0092,0.0093,0.0093,0.0126,0.0125,0.0133,0.015,0.0216,0,0.95
msc23052,23053,588933,0.0115,0.0723,0.0118,0.0117,0.0125,0.0117,0.0125,0.0166,0.0198,0.0232,0,0.98
msdoor,415864,10328399,0.1085,1.0605,0.1125,0.1206,0.1116,0.1313,0.1494,0.1801,0.2116,0.2844,0,0.97
m_t1,97579,4925574,0.0392,0.6588,0.0404,0.0412,0.0437,0.0519,0.0559,0.0633,0.0855,0.1305,0,0.97
mult_dcop_01,25188,193276,0.017,0.0271,0.0174,0.0183,0.0207,0.0248,0.0248,0.0272,0.0298,0.0297,0,0.98
mult_dcop_02,25188,193276,0.0169,0.0272,0.0174,0.0182,0.0207,0.0248,0.0249,0.0273,0.0297,0.0297,0,0.97
mult_dcop_03,25188,193216,0.0171,0.0273,0.0174,0.0182,0.0207,0.0248,0.0255,0.0273,0.0297,0.0298,0,0.98
NACA0015,1039184,3114818,0.1648,0.5716,0.1775,0.1872,0.3502,0.509,0.6686,0.7048,0.7048,0.7052,0,0.93
nasasrb,54871,1366097,0.0126,0.0914,0.0125,0.0125,0.0142,0.0207,0.0248,0.0298,0.0322,0.0461,4,1.01
nd12k,36001,7128473,0.039,1.0954,0.0395,0.0404,0.0428,0.0486,0.0502,0.0551,0.065,0.0854,0,0.99
nd24k,72001,14393817,0.0759,2.2119,0.0772,0.0789,0.0838,0.0961,0.1009,0.1101,0.1305,0.1722,0,0.98
nd6k,18001,3457658,0.0206,0.5331,0.0207,0.0207,0.0215,0.0243,0.0248,0.0273,0.0322,0.0412,0,1.0
net100,29921,1031560,0.0239,0.1645,0.024,0.0239,0.0281,0.0649,0.065,0.0674,0.0699,0.0715,0,1.0
net125,36721,1306960,0.029,0.2059,0.0299,0.0297,0.033,0.0765,0.0764,0.0789,0.087,0.0887,0,0.98
net150,43521,1582360,0.0334,0.2478,0.0338,0.034,0.0397,0.0904,0.0904,0.0928,0.1027,0.1059,0,0.99
net4-1,88344,1265035,0.0543,0.166,0.056,0.0576,0.0609,0.1051,0.1061,0.1282,0.1624,0.1732,0,0.97
net50,16321,480760,0.0143,0.0808,0.0141,0.0142,0.015,0.0338,0.0338,0.0346,0.0379,0.0388,4,1.01
net75,23121,756160,0.0188,0.1227,0.0198,0.0191,0.0215,0.0488,0.0494,0.0502,0.0535,0.0551,0,0.98
netherlands_osm,2216689,2441238,0.2132,1.0288,0.2115,0.3733,1.2424,1.2555,1.2547,1.2552,1.2553,1.2548,4,1.01
nh2010,48838,117275,0.009,0.0241,0.0092,0.0109,0.0158,0.0232,0.0264,0.0265,0.0265,0.0265,0,0.98
NLR,4163764,12487976,1.7701,2.7081,1.8154,1.9286,2.5556,2.84,3.196,3.3152,3.3134,3.3135,0,0.98
NotreDame_www,325730,929849,0.0447,0.0893,0.0444,0.0486,0.0576,0.0592,0.0616,0.069,0.0772,0.0863,4,1.01
nv2010,84539,208499,0.0168,0.037,0.0166,0.0199,0.0264,0.0346,0.0395,0.0404,0.0407,0.0404,4,1.01
ohne2,181344,11063545,0.1382,1.4641,0.1411,0.147,0.1633,0.2574,0.2658,0.296,0.5547,0.9186,0,0.98
oilpan,73753,1835470,0.0137,0.1732,0.0133,0.0134,0.0158,0.0216,0.0273,0.0338,0.0388,0.0428,4,1.03
olafu,16147,515651,0.0064,0.0655,0.006,0.006,0.0068,0.0108,0.0109,0.0117,0.0134,0.0159,4,1.07
onetone2,36058,227628,0.008,0.0286,0.0076,0.0093,0.0126,0.0174,0.0191,0.0208,0.0232,0.0314,4,1.05
OPF_10000,43888,255799,0.0112,0.0342,0.0109,0.0118,0.0126,0.0125,0.0207,0.0223,0.0273,0.0289,4,1.03
opt1,15450,973052,0.0087,0.138,0.0084,0.009,0.0093,0.0135,0.0141,0.015,0.0191,0.029,4,1.04
p2p-Gnutella31,62587,147892,0.0097,0.0195,0.0101,0.0109,0.0125,0.0224,0.0224,0.0223,0.0223,0.0223,0,0.96
parabolic_fem,525826,2100225,0.0703,0.2812,0.0601,0.0797,0.1779,0.2172,0.2172,0.25,0.3196,0.3196,4,1.17
patents,3774769,14970767,1.8905,2.0913,1.932,2.0483,2.2974,2.561,2.548,2.5494,2.5511,2.5516,0,0.98
pattern1,19243,4671337,0.0957,0.667,0.1018,0.1043,0.11,0.7366,0.7367,0.7375,0.7416,0.7465,0,0.94
pcrystk02,13966,491274,0.0058,0.0659,0.0061,0.0059,0.006,0.0101,0.0109,0.0109,0.0117,0.0158,0,0.98
pcrystk03,24697,887937,0.0085,0.1164,0.0084,0.0084,0.0084,0.0125,0.0133,0.0133,0.0158,0.024,4,1.01
pct20stif,52330,1375396,0.0221,0.1343,0.0223,0.0232,0.0249,0.0281,0.0305,0.0337,0.0387,0.0461,0,0.99
pdb1HYS,36418,2190591,0.0158,0.2946,0.0158,0.0157,0.0166,0.0175,0.0191,0.0215,0.0265,0.0395,8,1.01
pds10,16559,83108,0.0072,0.0153,0.0068,0.0069,0.0068,0.0134,0.015,0.0158,0.0166,0.0166,4,1.06
PFlow_742,742794,18940627,0.1924,1.9395,0.2031,0.2512,0.2922,0.365,0.3733,0.4061,0.4527,0.7059,0,0.95
pkustk01,22045,500712,0.0096,0.059,0.0101,0.0085,0.0093,0.0117,0.0141,0.0158,0.0183,0.0232,8,1.13
pkustk02,10801,410400,0.0068,0.0571,0.0069,0.0068,0.0068,0.0118,0.0117,0.0118,0.0134,0.0183,0,1.0
pkustk03,63337,1596876,0.0191,0.1827,0.0191,0.0198,0.0216,0.0257,0.0265,0.0313,0.0363,0.056,0,1.0
pkustk04,55591,2137125,0.0351,0.2768,0.0357,0.0362,0.0372,0.0445,0.0463,0.0488,0.0718,0.1291,0,0.98
pkustk05,37165,1121154,0.0143,0.1353,0.015,0.015,0.0158,0.0191,0.0207,0.0232,0.0264,0.047,0,0.95
pkustk06,43165,1307466,0.0193,0.1564,0.019,0.0199,0.0182,0.0231,0.0239,0.0273,0.0298,0.0527,14,1.06
pkustk07,16861,1217832,0.0141,0.1776,0.0141,0.0142,0.0142,0.0175,0.0175,0.0191,0.0314,0.0732,0,1.0
pkustk08,22210,1624440,0.0177,0.2361,0.0183,0.0183,0.0183,0.0231,0.0239,0.0256,0.042,0.1067,0,0.97
pkustk09,33961,808800,0.0112,0.094,0.0117,0.0101,0.0109,0.015,0.0158,0.019,0.0241,0.0314,8,1.11
pkustk10,80677,2194830,0.0284,0.2534,0.0281,0.0289,0.0322,0.0305,0.0322,0.0388,0.0444,0.065,4,1.01
pkustk11,87805,2652858,0.0305,0.3125,0.0313,0.0321,0.0355,0.0445,0.0469,0.0527,0.0592,0.101,0,0.97
pkustk12,94654,3803485,0.0607,0.4874,0.0609,0.062,0.0644,0.0822,0.0848,0.0889,0.1331,0.2804,0,1.0
pkustk13,94894,3355860,0.0564,0.4112,0.0518,0.0535,0.0575,0.0707,0.074,0.0806,0.1084,0.2289,4,1.09
pkustk14,151927,7494215,0.0902,0.9832,0.0912,0.0944,0.0993,0.124,0.1289,0.1378,0.2043,0.3257,0,0.99
pli,22696,686502,0.0091,0.0722,0.0092,0.0093,0.0093,0.0141,0.015,0.0174,0.0208,0.0298,0,0.99
PR02R,161071,8185136,0.0598,1.2248,0.0667,0.069,0.0699,0.0986,0.1051,0.1395,0.1641,0.1879,0,0.9
Pres_Poisson,14823,365313,0.0061,0.0403,0.0061,0.006,0.0069,0.011,0.0117,0.0134,0.0141,0.0174,8,1.02
pwtk,217919,5926171,0.057,0.3765,0.0574,0.0576,0.0682,0.0698,0.087,0.1051,0.1092,0.1109,0,0.99
qa8fk,66128,863353,0.0133,0.0622,0.0134,0.0133,0.0142,0.0158,0.019,0.0363,0.0429,0.0756,0,1.0
qa8fm,66128,863353,0.0132,0.0623,0.0133,0.0134,0.0141,0.0158,0.0191,0.0363,0.0428,0.0756,0,0.99
raefsky3,21201,1488768,0.0087,0.2317,0.0085,0.0084,0.0093,0.0166,0.0166,0.0166,0.0166,0.0158,8,1.04
raefsky4,19780,674195,0.0079,0.084,0.0076,0.0076,0.0076,0.0133,0.0134,0.0142,0.0158,0.0207,4,1.04
rajat15,37262,443573,0.0234,0.0452,0.024,0.0256,0.0289,0.0281,0.0297,0.0347,0.0403,0.0429,0,0.97
rajat22,39900,197264,0.0251,0.0281,0.0256,0.0264,0.0272,0.0146,0.015,0.0183,0.0281,0.0322,18,1.72
rajat26,51033,249302,0.0313,0.0341,0.0322,0.033,0.0338,0.038,0.0378,0.0371,0.0355,0.0387,0,0.97
rajat29,643995,4866270,0.3797,0.5501,0.3983,0.445,0.486,0.6203,0.6187,0.6154,0.3885,0.5139,0,0.98
rajat30,643995,6175377,0.3935,0.6708,0.4017,0.4419,0.5054,0.7285,0.7301,0.7276,0.4712,0.5794,0,0.98
ramage02,16831,1441591,0.012,0.2054,0.0125,0.0126,0.0125,0.0141,0.015,0.0166,0.0264,0.0428,0,0.96
Reuters911,13333,148038,0.0109,0.0254,0.0108,0.0101,0.0109,0.0239,0.024,0.0248,0.0264,0.0265,8,1.08
rgg_n_2_15_s0,32769,160240,0.0074,0.0217,0.0077,0.0084,0.0109,0.0207,0.0239,0.0257,0.0256,0.0256,0,0.96
rgg_n_2_22_s0,4194305,30359198,1.0835,3.3386,1.2354,1.5404,2.2197,4.3101,4.3187,4.2887,4.2883,3.9662,0,0.88
ri2010,25182,62875,0.0053,0.0142,0.0059,0.0059,0.0085,0.0133,0.0157,0.0158,0.0158,0.0158,0,0.9
rim,22561,1014951,0.0098,0.1242,0.0092,0.0093,0.01,0.0159,0.0158,0.0182,0.0248,0.0346,4,1.07
RM07R,381690,37464962,0.3579,5.1862,0.3654,0.3667,0.3729,0.5027,0.5093,0.5199,0.7788,1.1888,0,0.98
rma10,46836,2374001,0.0183,0.3067,0.0183,0.0183,0.0192,0.0215,0.0231,0.0256,0.033,0.0469,0,1.0
roadNet-CA,1971282,2766607,0.1843,0.9402,0.188,0.2357,0.9543,1.1365,1.1547,1.1548,1.1548,1.1547,0,0.98
roadNet-PA,1090921,1541898,0.1009,0.5197,0.1037,0.1266,0.496,0.6143,0.6378,0.6377,0.6379,0.6375,0,0.97
roadNet-TX,1393384,1921660,0.1321,0.6526,0.134,0.1731,0.6531,0.786,0.801,0.8015,0.8009,0.8011,0,0.99
s3dkq4m2,90450,2455670,0.0158,0.143,0.0157,0.015,0.0166,0.0182,0.0265,0.0396,0.0402,0.0412,8,1.05
s3dkt3m2,90450,1921955,0.0142,0.12,0.015,0.0207,0.0215,0.0216,0.0215,0.0223,0.0224,0.0306,0,0.95
s4dkt3m2,90450,1921955,0.0139,0.1201,0.0149,0.02,0.0216,0.0216,0.0216,0.0223,0.0223,0.0305,0,0.93
Serena,1391350,32961525,0.5663,2.6233,0.5837,0.6304,0.717,0.8564,0.9257,1.0715,1.2729,1.8041,0,0.97
shermanACb,18511,145149,0.0134,0.0214,0.0133,0.0142,0.0158,0.0199,0.0199,0.0208,0.0215,0.0232,4,1.01
ship_001,34921,2339575,0.0163,0.3239,0.0166,0.0166,0.0174,0.0183,0.019,0.0207,0.0338,0.0387,0,0.98
ship_003,121729,4103881,0.0331,0.4615,0.0346,0.0371,0.0403,0.0428,0.047,0.0551,0.0953,0.0985,0,0.96
shipsec1,140875,3977139,0.0385,0.3484,0.0387,0.042,0.0477,0.0609,0.0682,0.0773,0.0838,0.1354,0,0.99
shipsec5,179861,5146478,0.0474,0.439,0.0486,0.0526,0.0502,0.0641,0.0715,0.0871,0.115,0.156,0,0.98
shipsec8,114920,3384159,0.0319,0.3187,0.0323,0.0347,0.0387,0.0404,0.0444,0.0527,0.0699,0.0969,0,0.99
Si10H16,17078,446500,0.0095,0.0487,0.0101,0.01,0.0117,0.0232,0.0232,0.024,0.0264,0.0322,0,0.95
Si34H36,97570,2626974,0.052,0.2522,0.0519,0.0542,0.0633,0.1419,0.1429,0.1452,0.1534,0.1731,4,1.0
Si41Ge41H72,185640,7598452,0.1127,0.8847,0.1133,0.119,0.1346,0.305,0.3066,0.3107,0.3656,0.4347,0,0.99
Si5H12,19897,379247,0.0104,0.0319,0.0109,0.011,0.0125,0.0273,0.0274,0.0273,0.0281,0.0289,0,0.95
Si87H76,240370,5451000,0.0957,0.4484,0.096,0.1017,0.1183,0.3197,0.3213,0.3247,0.344,0.359,0,1.0
sinc15,11533,568526,0.0134,0.0848,0.0133,0.0141,0.0141,0.0511,0.051,0.0511,0.0509,0.0519,4,1.01
SiO,33402,675528,0.0217,0.0577,0.0216,0.0223,0.0257,0.0519,0.0501,0.051,0.0519,0.0519,4,1.0
SiO2,155332,5719417,0.0976,0.6476,0.0985,0.1018,0.1125,0.255,0.2558,0.2567,0.2763,0.3034,0,0.99
skirt,12599,104559,0.0049,0.0126,0.0044,0.0052,0.0066,0.0068,0.0076,0.0101,0.0117,0.0125,4,1.11
smallworld,100001,499998,0.0117,0.0564,0.0116,0.0174,0.0232,0.0248,0.0249,0.0256,0.0551,0.0682,4,1.01
sme3Dc,42931,3148656,0.0887,0.4384,0.0936,0.0988,0.1026,0.3528,0.3542,0.3608,0.4312,0.4454,0,0.95
smt,25711,1889447,0.0162,0.2637,0.0158,0.0166,0.0166,0.0183,0.0198,0.0216,0.0314,0.0644,4,1.03
soc-LiveJournal1,4847572,68993773,5.4337,9.0141,5.6385,5.7642,6.2418,8.9827,9.2163,8.7665,8.9845,9.4765,0,0.96
soc-sign-Slashdot090221,82145,549202,0.0454,0.0665,0.0436,0.042,0.0411,0.0657,0.0674,0.0699,0.0707,0.0715,14,1.1
sparsine,50001,799494,0.0261,0.0641,0.028,0.0297,0.0338,0.0739,0.0739,0.074,0.0739,0.0739,0,0.93
srb1,54925,1508538,0.0305,0.1174,0.0313,0.0314,0.0322,0.0232,0.0281,0.0338,0.0339,0.0396,18,1.31
Stanford,281904,2312497,0.1672,0.3139,0.1723,0.1854,0.2059,0.3403,0.3411,0.341,0.3411,0.341,0,0.97
std1_Jac2,21983,1248731,0.0181,0.197,0.0183,0.0191,0.0199,0.0306,0.0306,0.0322,0.0527,0.0657,0,0.99
std1_Jac3,21983,1455848,0.0187,0.2305,0.019,0.0199,0.0199,0.033,0.0332,0.0341,0.0569,0.0725,0,0.98
stokes128,49667,295938,0.0076,0.0313,0.0101,0.0118,0.0117,0.0118,0.0117,0.0191,0.0372,0.0372,0,0.75
stokes64,12547,74242,0.0038,0.0104,0.0044,0.0052,0.0052,0.0052,0.0053,0.0077,0.0118,0.0117,0,0.86
struct3,53571,613632,0.008,0.0484,0.01,0.0101,0.0101,0.0101,0.0108,0.0215,0.0362,0.0363,0,0.8
t2dah,11446,93781,0.0042,0.0108,0.0043,0.0052,0.0052,0.006,0.006,0.006,0.006,0.0068,0,0.98
t2dah_a,11446,93781,0.0045,0.0108,0.0043,0.0052,0.006,0.006,0.006,0.006,0.006,0.0068,4,1.05
t2dah_e,11446,93781,0.0044,0.0109,0.0044,0.0052,0.0051,0.0059,0.006,0.006,0.006,0.0068,0,1.0
t3dh,79172,2215638,0.0274,0.2064,0.0272,0.029,0.033,0.0428,0.0469,0.0551,0.0748,0.1035,4,1.01
t3dh_a,79172,2215638,0.0275,0.2064,0.0273,0.029,0.0331,0.0428,0.047,0.0551,0.0748,0.1035,4,1.01
t3dh_e,79172,2215638,0.027,0.2062,0.0273,0.0289,0.033,0.0428,0.0469,0.0552,0.0747,0.1035,0,0.99
t3dl,20361,265113,0.0069,0.0217,0.0069,0.0069,0.0077,0.0126,0.015,0.0174,0.0215,0.0249,0,1.0
t3dl_a,20361,265113,0.0066,0.0218,0.0068,0.0068,0.0077,0.0134,0.015,0.0174,0.0215,0.0249,0,0.97
tandem_vtx,18455,135902,0.0068,0.0165,0.0068,0.006,0.0076,0.0117,0.0125,0.0142,0.0158,0.0182,8,1.13
ted_A,10606,424587,0.0061,0.0658,0.0059,0.006,0.0085,0.0109,0.0117,0.0133,0.0134,0.0182,4,1.03
ted_AB,10606,522387,0.0078,0.0861,0.0075,0.0076,0.0068,0.0125,0.0125,0.0133,0.0158,0.0232,14,1.15
ted_AB_unscaled,10606,522387,0.0076,0.0858,0.0075,0.0076,0.0068,0.0125,0.0126,0.0134,0.0158,0.024,14,1.12
ted_A_unscaled,10606,424587,0.0062,0.0656,0.006,0.0061,0.0084,0.0109,0.0116,0.0134,0.0133,0.0191,4,1.03
ted_B_unscaled,10606,77592,0.0046,0.0124,0.0044,0.0043,0.0076,0.0076,0.0084,0.0085,0.0092,0.0109,8,1.07
thread,29737,2249892,0.019,0.3175,0.0191,0.019,0.0199,0.0224,0.0232,0.0256,0.0322,0.0543,0,1.0
tmt_sym,726714,2903837,0.0571,0.3618,0.124,0.1238,0.1238,0.1238,0.1239,0.1255,0.4033,0.4032,0,0.46
torso1,116159,8516500,0.0797,1.2789,0.0796,0.0814,0.0814,0.083,0.0846,0.1349,0.1412,0.1427,4,1.0
transient,178867,961790,0.1037,0.115,0.1067,0.1084,0.1157,0.0772,0.0773,0.0854,0.1248,0.1292,18,1.34
trdheim,22099,978711,0.0078,0.1238,0.0077,0.0085,0.0085,0.0134,0.0133,0.0133,0.0142,0.0191,4,1.01
Trefethen_20000,20001,287233,0.0071,0.0245,0.0076,0.0076,0.0078,0.024,0.0241,0.0241,0.024,0.0289,0,0.93
Trefethen_20000b,20000,287217,0.0077,0.0245,0.0076,0.0077,0.0084,0.0231,0.0231,0.0231,0.0232,0.0289,4,1.01
troll,213454,6099282,0.0693,0.4961,0.0705,0.0739,0.0822,0.0788,0.0903,0.1092,0.1297,0.1681,0,0.98
TSOPF_FS_b162_c1,10799,305732,0.0048,0.0466,0.0052,0.0052,0.0053,0.0101,0.0109,0.0109,0.0109,0.0109,0,0.92
TSOPF_FS_b162_c3,30799,904612,0.0089,0.1258,0.0093,0.0092,0.0101,0.0174,0.0183,0.0183,0.0199,0.0207,0,0.97
TSOPF_FS_b162_c4,40799,1204322,0.0105,0.1652,0.0117,0.0117,0.0126,0.0216,0.0224,0.0223,0.0232,0.0248,0,0.9
TSOPF_FS_b300,29215,2203949,0.0137,0.3321,0.0134,0.0158,0.0158,0.0224,0.0232,0.0239,0.0256,0.0273,4,1.02
TSOPF_FS_b300_c1,29215,2203949,0.0144,0.332,0.0134,0.0157,0.0158,0.0232,0.0232,0.024,0.0257,0.0272,4,1.07
TSOPF_FS_b300_c2,56815,4391071,0.0258,0.657,0.0256,0.0306,0.0314,0.0379,0.0383,0.0387,0.0404,0.043,4,1.01
TSOPF_FS_b300_c3,84415,6578753,0.0373,0.9818,0.0368,0.0447,0.0464,0.0551,0.0584,0.0592,0.0609,0.065,4,1.01
TSOPF_FS_b39_c19,76217,998359,0.0113,0.136,0.0117,0.0125,0.0142,0.0363,0.0371,0.0371,0.0388,0.0395,0,0.97
TSOPF_FS_b39_c30,120217,1575639,0.0157,0.2109,0.0158,0.0183,0.0206,0.0511,0.0527,0.0526,0.0551,0.0551,0,0.99
TSOPF_FS_b39_c7,28217,368599,0.0058,0.0547,0.006,0.0068,0.0068,0.0183,0.0182,0.0183,0.0191,0.0191,0,0.97
TSOPF_FS_b9_c6,14455,75801,0.0035,0.0102,0.0043,0.0044,0.0044,0.0052,0.0067,0.0085,0.0085,0.0101,0,0.81
TSOPF_RS_b162_c3,15375,610299,0.0076,0.0928,0.0068,0.0076,0.0092,0.0158,0.0158,0.0166,0.0166,0.0167,4,1.12
TSOPF_RS_b162_c4,20375,812749,0.0087,0.1213,0.0084,0.0085,0.0109,0.0191,0.0191,0.0191,0.0199,0.0199,4,1.04
TSOPF_RS_b2052_c1,25627,6761100,0.0366,1.062,0.0371,0.0379,0.042,0.0428,0.043,0.043,0.0425,0.0438,0,0.99
TSOPF_RS_b2383,38121,16171169,0.0756,2.5795,0.0748,0.0838,0.0846,0.0879,0.0871,0.0863,0.0862,0.0879,4,1.01
TSOPF_RS_b2383_c1,38121,16171169,0.0751,2.5795,0.0755,0.0838,0.0846,0.0878,0.0871,0.0863,0.0863,0.0874,0,0.99
TSOPF_RS_b300_c1,14539,1474325,0.0111,0.2292,0.0117,0.0117,0.0117,0.0208,0.0207,0.0207,0.0207,0.0216,0,0.95
TSOPF_RS_b300_c2,28339,2943887,0.0198,0.4519,0.0199,0.0207,0.0206,0.0322,0.033,0.0329,0.0347,0.0363,0,0.99
TSOPF_RS_b300_c3,42139,4413449,0.0273,0.6744,0.0281,0.0289,0.0288,0.0428,0.0428,0.0435,0.0452,0.0478,0,0.97
TSOPF_RS_b39_c19,38099,684206,0.0085,0.1118,0.0085,0.0085,0.0125,0.0256,0.0256,0.0256,0.0272,0.0306,0,1.0
TSOPF_RS_b39_c30,60099,1079986,0.0118,0.174,0.0117,0.0117,0.0183,0.0371,0.0371,0.0371,0.0404,0.0445,4,1.01
TSOPF_RS_b39_c7,14099,252446,0.0053,0.0444,0.0051,0.0051,0.0068,0.0125,0.0125,0.0126,0.0133,0.0167,4,1.04
TSOPF_RS_b678_c1,18697,4396289,0.0252,0.7149,0.0256,0.0257,0.0265,0.0322,0.0316,0.0322,0.033,0.0338,0,0.98
TSOPF_RS_b678_c2,35697,8781949,0.0475,1.423,0.0474,0.0463,0.0495,0.0587,0.0586,0.0583,0.0595,0.061,8,1.03
tsyl201,20686,1237821,0.0127,0.1642,0.0125,0.0126,0.0126,0.0142,0.0151,0.0166,0.0248,0.0421,4,1.02
tube1,21499,459277,0.0059,0.0327,0.006,0.0059,0.006,0.0068,0.0068,0.0085,0.0101,0.0158,0,1.0
tube2,21499,459277,0.0059,0.0372,0.0059,0.006,0.006,0.0101,0.0101,0.0108,0.0118,0.0133,0,1.0
turon_m,189925,912345,0.0189,0.1019,0.0239,0.033,0.0347,0.0551,0.0551,0.0658,0.1084,0.1223,0,0.79
usroads,129165,165435,0.0119,0.0632,0.0116,0.0126,0.0617,0.0641,0.0641,0.0641,0.0634,0.0634,4,1.03
usroads-48,126147,161950,0.0111,0.0618,0.0117,0.0117,0.0609,0.0625,0.0625,0.0624,0.0625,0.0625,0,0.95
vanbody,47073,1191985,0.0117,0.1012,0.0125,0.0125,0.0142,0.0166,0.019,0.0224,0.0265,0.0354,0,0.94
venturiLevel3,4026820,8054237,0.4001,2.0528,0.4429,0.4727,0.8875,1.7322,2.5368,2.5404,2.5415,2.54,0,0.9
vibrobox,12329,177578,0.0066,0.0175,0.0068,0.0068,0.0077,0.0134,0.0133,0.015,0.0182,0.0199,0,0.97
viscorocks,37763,1162244,0.0097,0.094,0.0101,0.0093,0.0101,0.0101,0.0109,0.0109,0.0215,0.0355,8,1.04
vsp_barth5_1Ksep_50in_5Kout,32213,101805,0.007,0.0169,0.0068,0.0077,0.0108,0.019,0.0191,0.0191,0.019,0.0191,4,1.03
vsp_bcsstk30_500sep_10in_1Kout,58349,2016578,0.0671,0.2214,0.0719,0.0756,0.0895,0.2546,0.2554,0.2568,0.258,0.2588,0,0.93
vsp_befref_fxm_2_4_air02,14110,98224,0.0055,0.0113,0.006,0.006,0.0068,0.0084,0.0101,0.0109,0.0109,0.0125,0,0.92
vsp_bump2_e18_aa01_model1_crew1,56439,300801,0.0147,0.0341,0.015,0.0174,0.0216,0.0281,0.0297,0.0346,0.0372,0.0388,0,0.98
vsp_c-30_data_data,11024,62184,0.0039,0.0087,0.0036,0.0044,0.0045,0.0052,0.0047,0.0068,0.006,0.0093,4,1.08
vsp_c-60_data_cti_cs4,85831,241080,0.0365,0.0357,0.0371,0.0396,0.0428,0.0257,0.0289,0.0322,0.0347,0.0372,18,1.39
vsp_finan512_scagr7-2c_rlfddd,139753,552020,0.0459,0.0742,0.0395,0.0494,0.0592,0.0469,0.051,0.0642,0.0797,0.0846,4,1.16
vsp_mod2_pgp2_slptsk,101365,389368,0.0528,0.0519,0.0518,0.0527,0.0575,0.0412,0.0486,0.0518,0.0543,0.0559,18,1.26
vsp_model1_crew1_cr42_south31,45102,189976,0.0136,0.0261,0.0142,0.0157,0.0174,0.0158,0.0174,0.0215,0.0272,0.0289,0,0.96
vsp_msc10848_300sep_100in_1Kout,21997,1221028,0.0423,0.1682,0.0447,0.0462,0.049,0.1649,0.1666,0.1682,0.1738,0.1739,0,0.95
vsp_p0291_seymourl_iiasa,10499,53868,0.009,0.0115,0.0084,0.0084,0.0084,0.0117,0.0117,0.0117,0.0126,0.0125,4,1.07
vsp_sctap1-2b_and_seymourl,40175,140831,0.0252,0.0261,0.024,0.0253,0.0281,0.0257,0.0281,0.0281,0.0281,0.0281,4,1.05
vsp_south31_slptsk,39669,189914,0.0139,0.0271,0.0142,0.0142,0.0126,0.0158,0.0191,0.0216,0.0256,0.0297,14,1.1
vsp_vibrobox_scagr7-2c_rlfddd,77329,435586,0.0267,0.0482,0.0281,0.0329,0.0387,0.0396,0.0404,0.042,0.0494,0.057,0,0.95
vt2010,32581,77799,0.0069,0.019,0.0068,0.0084,0.0109,0.0166,0.0207,0.0207,0.0207,0.0207,4,1.01
wathen100,30402,251001,0.0056,0.023,0.006,0.006,0.006,0.0133,0.0174,0.0175,0.0174,0.0207,0,0.93
wathen120,36442,301101,0.0066,0.0268,0.006,0.006,0.006,0.0159,0.0199,0.0199,0.02,0.024,4,1.1
web-Google,916429,5105039,0.4868,0.5923,0.5025,0.5533,0.6623,0.7269,0.7278,0.728,0.7285,0.728,0,0.97
web-NotreDame,325730,1497134,0.1061,0.1775,0.1026,0.1043,0.106,0.1346,0.1322,0.1297,0.1182,0.1239,4,1.03
wikipedia-20051105,1634990,19753078,1.2014,2.4333,1.255,1.326,1.5046,2.7555,2.6935,2.683,2.7038,2.7217,0,0.96
wikipedia-20060925,2983495,37269096,2.5687,4.3518,2.7029,2.8328,3.1631,5.4501,5.3464,5.3195,5.2699,4.9323,0,0.95
wikipedia-20061104,3148441,39383235,2.7597,5.0404,2.8988,3.0507,3.3686,5.7867,5.2237,5.6495,5.3142,5.6964,0,0.95
wikipedia-20070206,3566908,45030389,3.2771,5.7927,3.4324,3.5985,3.9427,6.6542,6.5294,6.5068,6.184,6.5617,0,0.95
wiki-Talk,2394386,5021410,0.7502,0.8317,0.6583,0.6472,0.6511,0.8738,0.8722,0.8761,0.8905,0.8961,8,1.16
windscreen,22693,752541,0.0079,0.1029,0.0076,0.0075,0.0076,0.0109,0.0109,0.0134,0.0134,0.0215,8,1.05
wing_nodal,10938,75488,0.0058,0.0112,0.006,0.006,0.0068,0.0126,0.0126,0.0133,0.0134,0.0126,0,0.97
wy2010,86205,213793,0.0188,0.0398,0.0182,0.0215,0.0289,0.0387,0.0437,0.0445,0.0445,0.0445,4,1.03
x104,108385,5138004,0.0435,0.6874,0.0437,0.0461,0.0494,0.0699,0.0739,0.0797,0.0862,0.1329,0,1.0
Zd_Jac2,22836,1642833,0.0198,0.2594,0.0199,0.0207,0.0215,0.0346,0.0354,0.0362,0.0633,0.0814,0,0.99
Zd_Jac3,22836,1916152,0.0207,0.3022,0.0215,0.0224,0.0231,0.0378,0.0382,0.0395,0.0682,0.0903,0,0.96
Zd_Jac6,22836,1711983,0.0198,0.2702,0.0207,0.0207,0.0224,0.0354,0.0362,0.0379,0.0641,0.0838,0,0.96
