dataSet,num_nodes,num_edges,spmm_tcu,spmm_cuda,1,2,3,4,5,6,7,8,dur,density,speedup
144,144650,1074393,0.1472,0.1932,0.1481,0.2724,0.208,0.1971,0.1935,0.1938,0.1937,0.1935,0.1321,0,0.99
2D_27628_bjtcai,27629,442898,0.0171,0.0381,0.0178,0.0219,0.0309,0.053,0.0514,0.0472,0.0407,0.0391,0.0241,0,0.96
2D_54019_highK,54020,996414,0.0306,0.0735,0.0316,0.039,0.0604,0.0972,0.0989,0.0964,0.0891,0.0817,0.0531,0,0.97
333SP,3712816,11108633,4.1935,6.0271,4.1882,11.8299,6.8763,6.0491,6.0282,6.0266,6.0269,6.0274,1.6848,1,1.0
3D_28984_Tetra,28985,599170,0.0197,0.0421,0.0203,0.0276,0.0358,0.0562,0.0554,0.0527,0.0424,0.0423,0.0313,0,0.97
3D_51448_3D,51449,1056610,0.0313,0.07,0.0349,0.0472,0.0661,0.107,0.1046,0.0997,0.0767,0.0768,0.0564,0,0.9
3Dspectralwave,680944,17165766,0.875,1.2761,0.8758,2.2569,2.4536,2.386,1.8342,1.4714,1.3612,1.3411,1.6274,0,1.0
3Dspectralwave2,292009,7307376,0.375,0.544,0.376,0.9595,1.04,1.0129,0.7827,0.616,0.5768,0.5665,0.6871,0,1.0
3dtube,45331,1629474,0.0344,0.1101,0.0358,0.0578,0.0694,0.0923,0.1037,0.1103,0.1128,0.1128,0.0772,0,0.96
598a,110972,741934,0.1007,0.1303,0.1014,0.1724,0.1302,0.1307,0.1293,0.131,0.1307,0.1294,0.0963,0,0.99
a0nsdsil,80017,200021,0.0261,0.0635,0.0268,0.0817,0.0818,0.0817,0.0817,0.0816,0.0816,0.0817,0.0261,0,0.97
a2nnsnsl,80017,196115,0.0258,0.0635,0.0267,0.0817,0.0817,0.0817,0.0817,0.08,0.0776,0.0752,0.0266,0,0.97
a5esindl,60009,145004,0.0205,0.0479,0.0213,0.0612,0.0611,0.0611,0.0611,0.0611,0.0611,0.0612,0.019,0,0.96
adaptive,6815745,13624320,6.8375,9.9567,6.8419,21.3829,12.6455,9.9585,9.9594,9.9638,9.9586,9.9592,2.3062,0,1.0
af_0_k101,503626,9027150,0.479,0.8064,0.4799,0.9802,1.1917,1.3787,1.5859,1.7353,1.7516,1.5101,0.3307,0,1.0
af_1_k101,503626,9027150,0.4786,0.8067,0.4804,0.9809,1.1905,1.3797,1.585,1.7326,1.7517,1.5088,0.3325,0,1.0
af_2_k101,503626,9027150,0.4787,0.8071,0.4798,0.9799,1.191,1.3784,1.5875,1.7341,1.7497,1.5091,0.3301,0,1.0
af_3_k101,503626,9027150,0.4788,0.8068,0.4806,0.9822,1.192,1.38,1.5848,1.7339,1.7487,1.5088,0.3338,0,1.0
af_4_k101,503626,9027150,0.4789,0.8065,0.48,0.9809,1.1903,1.3789,1.5854,1.7343,1.7502,1.5082,0.3356,0,1.0
af_5_k101,503626,9027150,0.479,0.8065,0.4796,0.9798,1.1879,1.3786,1.5837,1.7343,1.7502,1.5097,0.3311,0,1.0
af_shell1,504856,9046865,0.4875,0.7998,0.4883,0.9794,1.1788,1.3789,1.5774,1.7438,1.7422,1.5176,0.3394,0,1.0
af_shell10,1508066,27090195,1.4492,2.369,1.4506,2.9654,3.5367,4.1218,4.7365,5.2425,5.2448,4.559,1.0346,0,1.0
af_shell2,504856,9046865,0.4875,0.7998,0.4885,0.9797,1.1785,1.3782,1.5781,1.7437,1.7402,1.5193,0.339,0,1.0
af_shell3,504856,9046865,0.4875,0.8002,0.489,0.9802,1.1753,1.3787,1.5776,1.7442,1.7447,1.5186,0.3386,0,1.0
af_shell4,504856,9046865,0.4874,0.7995,0.4885,0.9751,1.1792,1.3785,1.5762,1.7429,1.7425,1.5192,0.3394,0,1.0
af_shell5,504856,9046865,0.4876,0.7997,0.4884,0.9803,1.1787,1.3785,1.5757,1.7438,1.7434,1.5173,0.3388,0,1.0
af_shell6,504856,9046865,0.4877,0.7995,0.4883,0.98,1.1786,1.3774,1.5774,1.7439,1.744,1.518,0.338,0,1.0
af_shell7,504856,9046865,0.4873,0.7994,0.4887,0.9788,1.1792,1.3778,1.5783,1.7429,1.7438,1.5189,0.3396,0,1.0
af_shell8,504856,9046865,0.4874,0.7997,0.4884,0.9802,1.1785,1.3791,1.579,1.7437,1.7454,1.5192,0.3381,0,1.0
af_shell9,504856,9046865,0.4873,0.7997,0.4887,0.9798,1.178,1.3792,1.5776,1.7433,1.7441,1.5212,0.3407,0,1.0
ak2010,45293,108549,0.0182,0.0339,0.0194,0.0504,0.0373,0.0349,0.034,0.0341,0.0341,0.034,0.0198,0,0.94
Andrews,60001,410077,0.0379,0.0634,0.0381,0.0676,0.0635,0.0635,0.0635,0.0636,0.0635,0.0636,0.0548,0,0.99
AS365,3799276,11368076,4.8768,6.5824,4.8787,11.8571,6.9754,6.6051,6.5808,6.5813,6.5814,6.5812,1.8232,0,1.0
as-caida,31380,106762,0.0145,0.0257,0.0152,0.0373,0.0291,0.0267,0.0259,0.0259,0.0258,0.0259,0.0176,0,0.95
ASIC_680k,682863,3871773,0.8885,1.5854,0.8895,2.7734,2.7932,2.754,2.7405,2.7433,2.7407,2.7391,0.4532,0,1.0
as-Skitter,1696416,11095298,1.6699,2.5639,1.6705,4.3899,4.4622,4.3476,4.2031,4.0982,4.0292,3.9845,1.2629,0,1.0
astro-ph,16707,121251,0.0095,0.0167,0.0103,0.0226,0.0209,0.0186,0.0168,0.017,0.0169,0.0169,0.0126,0,0.92
audikw_1,943696,39297771,1.1928,2.7914,1.1935,2.2658,2.7442,3.5504,3.6535,3.7498,3.7726,3.7169,2.3749,0,1.0
auto,448696,3314611,0.46,0.6304,0.4646,0.9476,0.7867,0.6768,0.6563,0.6383,0.6316,0.6312,0.4094,0,0.99
barrier2-1,113077,3805068,0.1783,0.2702,0.1789,0.3561,0.3985,0.2994,0.2816,0.2738,0.2714,0.2704,0.4056,0,1.0
barrier2-10,115626,3897557,0.1827,0.2766,0.1836,0.3664,0.4082,0.3099,0.2909,0.2813,0.2776,0.2766,0.4101,0,1.0
barrier2-11,115626,3897557,0.1827,0.2768,0.1838,0.366,0.4072,0.3078,0.2917,0.2811,0.2781,0.2773,0.4108,0,0.99
barrier2-12,115626,3897557,0.183,0.2767,0.1844,0.3663,0.4075,0.308,0.2912,0.2813,0.278,0.277,0.4327,0,0.99
barrier2-2,113077,3805068,0.178,0.2698,0.1791,0.3557,0.3977,0.2997,0.2818,0.2743,0.2702,0.2705,0.404,0,0.99
barrier2-3,113077,3805068,0.1783,0.2702,0.1788,0.3559,0.398,0.2995,0.2816,0.2741,0.2703,0.2706,0.4026,0,1.0
barrier2-4,113077,3805068,0.1783,0.2705,0.1789,0.356,0.3979,0.3002,0.2818,0.274,0.2705,0.2704,0.4025,0,1.0
barrier2-9,115626,3897557,0.1828,0.2768,0.1833,0.3664,0.4078,0.3102,0.2918,0.2811,0.2776,0.2773,0.4145,0,1.0
bauru5727,40367,145019,0.0168,0.039,0.0178,0.0547,0.0505,0.0415,0.0391,0.0392,0.0391,0.0391,0.018,0,0.94
bbmat,38745,1771722,0.0342,0.1086,0.0349,0.0848,0.085,0.0849,0.0866,0.0784,0.1161,0.1202,0.0907,0,0.98
bcsstk17,10975,219812,0.0081,0.0184,0.0088,0.0153,0.0178,0.0194,0.0202,0.0211,0.0218,0.021,0.0109,0,0.92
bcsstk18,11949,80519,0.0075,0.0151,0.0088,0.0194,0.021,0.0178,0.0171,0.0153,0.0154,0.0154,0.0086,0,0.85
bcsstk25,15440,133840,0.0088,0.0201,0.0097,0.0235,0.0276,0.0267,0.0242,0.0227,0.0214,0.0202,0.0111,0,0.91
bcsstk29,13993,316740,0.0099,0.0233,0.0113,0.0178,0.0203,0.0234,0.026,0.0252,0.026,0.0268,0.0152,0,0.88
bcsstk30,28925,1036208,0.0214,0.07,0.0226,0.0374,0.0431,0.0506,0.0563,0.0636,0.0669,0.0702,0.0526,0,0.95
bcsstk31,35589,608502,0.0196,0.0499,0.0203,0.0432,0.0578,0.0628,0.0604,0.0555,0.053,0.0537,0.0371,0,0.97
bcsstk32,44610,1029655,0.0249,0.0708,0.0259,0.0498,0.0613,0.0711,0.0776,0.08,0.0809,0.0801,0.0482,0,0.96
bcsstk35,30238,740200,0.0172,0.0503,0.0177,0.0333,0.0382,0.0465,0.0505,0.0555,0.0579,0.058,0.032,0,0.97
bcsstk36,23053,583096,0.014,0.0388,0.0145,0.0267,0.0308,0.0341,0.0391,0.0431,0.0448,0.0447,0.0243,0,0.97
bcsstk37,25504,583240,0.0145,0.0405,0.0153,0.0283,0.0334,0.039,0.0433,0.0464,0.0473,0.0472,0.0247,0,0.95
bcsstk39,46773,1068033,0.0259,0.0693,0.0275,0.0546,0.0685,0.0792,0.0824,0.0727,0.072,0.0721,0.0421,0,0.94
bcsstm36,23053,166389,0.0108,0.0184,0.012,0.0235,0.0267,0.0251,0.0226,0.0194,0.0186,0.0186,0.0102,0,0.9
belgium_osm,1441296,1549970,1.2517,1.9514,1.2537,2.3387,1.9644,1.957,1.9519,1.9572,1.9566,1.9526,0.3708,0,1.0
BenElechi1,245875,6698185,0.2413,0.4221,0.2436,0.4757,0.5325,0.6687,0.7275,0.8327,0.849,0.8574,0.2021,0,0.99
blockqp1,60013,340022,0.0266,0.0766,0.0275,0.1129,0.0931,0.0931,0.0931,0.0932,0.093,0.0931,0.0242,0,0.97
bloweya,30005,80005,0.0128,0.0318,0.0138,0.0399,0.0456,0.0325,0.0317,0.0317,0.0317,0.0317,0.0093,0,0.93
bloweybl,30004,70001,0.0126,0.0315,0.0138,0.0399,0.0399,0.0316,0.0318,0.0316,0.0317,0.0317,0.0096,0,0.91
bmw3_2,227363,5757996,0.2333,0.4413,0.234,0.455,0.5611,0.6513,0.6979,0.6917,0.6727,0.6452,0.2886,0,1.0
bmw7st_1,141348,3740507,0.1447,0.2763,0.1452,0.2594,0.3051,0.3583,0.4015,0.4203,0.422,0.404,0.1828,0,1.0
bmwcra_1,148771,5396386,0.168,0.3692,0.169,0.2897,0.3526,0.4535,0.514,0.5147,0.502,0.4652,0.3075,0,0.99
bone010,986704,36326514,1.0492,2.7252,1.05,2.0969,2.481,2.9237,3.5092,3.4077,3.3575,3.2075,1.6736,0,1.0
boneS01,127225,3421188,0.1323,0.2467,0.1336,0.2319,0.2733,0.3384,0.4069,0.3988,0.3489,0.2997,0.1842,0,0.99
boneS10,914899,28191660,0.9527,2.1054,0.9533,1.9618,2.3437,2.7375,3.1528,2.9964,2.7675,2.5556,1.5347,0,1.0
boyd1,93280,652246,0.0731,0.3436,0.0737,0.1136,0.1885,0.2222,0.2868,0.339,0.3442,0.3701,0.0658,0,0.99
boyd2,466317,890091,0.4644,0.71,0.4653,1.0414,1.0409,1.0424,1.0412,1.0422,1.0421,1.0413,0.131,0,1.0
brack2,62632,366559,0.028,0.0634,0.0292,0.0906,0.1029,0.0924,0.0817,0.0694,0.0652,0.0636,0.0408,0,0.96
brainpc2,27608,96601,0.0112,0.0257,0.012,0.0374,0.0366,0.0375,0.0374,0.0374,0.0373,0.0375,0.009,0,0.93
bratu3d,27793,88627,0.0106,0.0187,0.0113,0.0259,0.026,0.0194,0.0195,0.0193,0.0194,0.0189,0.009,0,0.94
Bump_2911,2911420,65320659,2.9628,4.7767,2.9643,6.1691,7.4138,9.1553,9.9202,9.313,5.846,5.4773,3.467,0,1.0
bundle1,10582,390741,0.0089,0.02,0.0095,0.0161,0.0186,0.0218,0.0209,0.021,0.021,0.021,0.0151,0,0.94
bundle_adj,513352,10360701,0.4977,0.8231,0.4991,1.2051,1.4876,1.7262,1.7357,1.7494,1.7527,1.7573,0.433,0,1.0
c-42,10472,60378,0.0085,0.0119,0.0096,0.0153,0.0144,0.0145,0.0145,0.0137,0.0136,0.0129,0.0055,0,0.89
c-43,11126,67400,0.0086,0.0119,0.0096,0.0161,0.0161,0.0153,0.0153,0.0153,0.0152,0.0153,0.0055,0,0.9
c-45,13207,93829,0.0075,0.0135,0.0087,0.0194,0.0194,0.0185,0.0178,0.0178,0.0177,0.0177,0.0062,0,0.86
c-46,14914,72655,0.0092,0.0143,0.0097,0.0209,0.0202,0.0201,0.0185,0.0186,0.0185,0.0177,0.0069,0,0.95
c-47,15344,113372,0.013,0.0175,0.0136,0.0217,0.021,0.0209,0.021,0.0202,0.0201,0.0202,0.0143,0,0.96
c-48,18355,92217,0.0114,0.0184,0.0119,0.0242,0.0235,0.0235,0.0217,0.0218,0.0209,0.021,0.0096,0,0.96
c-49,21133,89087,0.0125,0.0209,0.0136,0.0267,0.0245,0.0243,0.0234,0.0226,0.0226,0.0217,0.0105,0,0.92
c-50,22402,108013,0.0128,0.0224,0.0136,0.0283,0.0275,0.0275,0.0259,0.0259,0.0251,0.025,0.0115,0,0.94
c-51,23197,113123,0.0132,0.0225,0.0143,0.0291,0.0283,0.0275,0.0267,0.0259,0.0258,0.0251,0.0123,0,0.92
c-52,23949,113332,0.0133,0.0233,0.0143,0.03,0.0294,0.0291,0.0267,0.0268,0.0259,0.0258,0.0118,0,0.93
c-53,30236,201224,0.0151,0.029,0.016,0.0406,0.0399,0.0397,0.0389,0.0373,0.0381,0.0365,0.0152,0,0.94
c-54,31794,211743,0.0161,0.0323,0.0168,0.0415,0.0416,0.0414,0.0398,0.039,0.0381,0.0382,0.0169,0,0.96
c-55,32781,218115,0.0185,0.0347,0.0193,0.0414,0.0414,0.0415,0.0381,0.0382,0.0365,0.0365,0.0232,0,0.96
c-56,35911,208405,0.0175,0.0356,0.0184,0.0471,0.0456,0.0455,0.0438,0.0422,0.0422,0.0406,0.0194,0,0.95
c-57,37834,221515,0.0163,0.0348,0.0169,0.0504,0.0497,0.0496,0.0488,0.0481,0.0479,0.0472,0.0179,0,0.96
c-58,37596,295076,0.0248,0.0446,0.0258,0.0525,0.0497,0.0504,0.0472,0.0471,0.0472,0.0472,0.0362,0,0.96
c-59,41283,260909,0.0219,0.0438,0.0225,0.0529,0.0512,0.0513,0.0488,0.0471,0.0471,0.0464,0.0293,0,0.97
c-60,43641,171109,0.0198,0.0413,0.0201,0.0553,0.053,0.0523,0.0488,0.0489,0.0471,0.0463,0.0198,0,0.99
c-61,43619,176817,0.0204,0.0414,0.0209,0.0544,0.0513,0.0504,0.0471,0.057,0.0447,0.0438,0.021,0,0.98
c-62,41732,300537,0.0233,0.0471,0.0242,0.0553,0.0545,0.0545,0.0497,0.0504,0.0496,0.0496,0.0339,0,0.96
c-62ghs,41732,300537,0.0237,0.047,0.0242,0.0553,0.0545,0.0545,0.0504,0.0504,0.0496,0.0497,0.0357,0,0.98
c-63,44235,239469,0.0216,0.0446,0.0225,0.0554,0.0533,0.0537,0.0496,0.0496,0.0479,0.048,0.0247,0,0.96
c-64,51036,384438,0.0224,0.0478,0.0234,0.0671,0.0654,0.0643,0.0635,0.0618,0.0619,0.0602,0.0271,0,0.96
c-64b,51036,384438,0.0224,0.0478,0.0234,0.0671,0.0652,0.0643,0.0635,0.0626,0.0619,0.0602,0.027,0,0.96
c-65,48067,204297,0.0218,0.0465,0.0229,0.0598,0.0554,0.0553,0.0521,0.0513,0.0496,0.0496,0.0232,0,0.95
c-66,49990,274498,0.0222,0.0495,0.0234,0.0635,0.0619,0.0618,0.0594,0.0578,0.0578,0.0561,0.0269,0,0.95
c-66b,49990,274498,0.0223,0.0497,0.0234,0.0635,0.0618,0.062,0.0595,0.0578,0.0577,0.0561,0.0271,0,0.95
c-67b,57976,294955,0.024,0.0544,0.025,0.075,0.0742,0.0742,0.0726,0.0725,0.07,0.0701,0.0255,0,0.96
c-68,64811,315408,0.0293,0.0634,0.0299,0.0832,0.0807,0.0799,0.0742,0.0741,0.0701,0.0701,0.0367,0,0.98
c-69,67459,345714,0.0299,0.0666,0.0307,0.0849,0.0824,0.0816,0.0774,0.0767,0.0725,0.0726,0.0363,0,0.97
c-70,68925,363955,0.0309,0.0683,0.0315,0.0864,0.084,0.0833,0.0783,0.0783,0.0758,0.0758,0.0378,0,0.98
c-71,76639,468096,0.0363,0.0806,0.0372,0.0971,0.0948,0.0947,0.0882,0.0881,0.0849,0.0848,0.0509,0,0.98
c-73,169423,724348,0.1748,0.2465,0.1759,0.3274,0.3223,0.3196,0.3166,0.3119,0.3114,0.3106,0.0767,0,0.99
c-73b,169423,724348,0.1754,0.2464,0.1764,0.3279,0.3223,0.3196,0.3169,0.3114,0.3111,0.3107,0.0769,0,0.99
ca-AstroPh,18773,198110,0.0195,0.0232,0.0202,0.0275,0.0235,0.0234,0.0234,0.0234,0.0233,0.0234,0.0274,0,0.97
ca-CondMat,23134,93497,0.0146,0.02,0.0152,0.0225,0.0201,0.0201,0.0201,0.0201,0.0201,0.0202,0.0141,0,0.96
cage14,1505786,27130349,2.7813,3.2486,2.7824,5.9231,4.6421,3.4373,3.2454,3.2453,3.2451,3.2444,3.0888,0,1.0
cage15,5154860,99199551,11.6092,13.1707,11.6092,21.9104,17.7548,13.8262,13.1799,13.1731,13.1723,13.1818,11.45,0,1.0
ca-HepPh,12009,118521,0.012,0.015,0.0128,0.0168,0.0152,0.0151,0.0152,0.0153,0.0152,0.0151,0.0165,0,0.94
caidaRouterLevel,192245,609066,0.1563,0.2382,0.1575,0.3883,0.2633,0.2465,0.2437,0.24,0.241,0.2413,0.0989,0,0.99
cant,62452,2034917,0.0405,0.1396,0.0414,0.0799,0.0958,0.1146,0.1269,0.1275,0.1306,0.1471,0.1045,0,0.98
case39,40217,526139,0.0159,0.0453,0.0169,0.0389,0.0415,0.0431,0.0447,0.0463,0.0472,0.0479,0.0235,0,0.94
case9,14455,75801,0.0066,0.0135,0.008,0.0168,0.0169,0.0177,0.0176,0.0177,0.0177,0.0176,0.0055,0,0.82
c-big,345242,1343126,0.3762,0.5501,0.3769,0.7187,0.708,0.7151,0.6794,0.6448,0.6298,0.6032,0.155,0,1.0
cbuckle,13682,345098,0.0111,0.0233,0.012,0.0169,0.0197,0.0211,0.0249,0.0266,0.0275,0.029,0.0138,0,0.93
ccc,49153,73728,0.0163,0.0438,0.0172,0.045,0.0447,0.0442,0.0447,0.0447,0.0447,0.0447,0.0129,0,0.95
cfd1,70657,949510,0.0405,0.0871,0.0414,0.1004,0.1356,0.1044,0.0971,0.093,0.0898,0.0889,0.0717,0,0.98
Chebyshev4,68122,5377761,0.1621,0.9041,0.162,0.2166,0.3956,0.4392,0.8764,0.8954,0.9053,0.9051,0.3682,1,1.0
circuit_4,80210,307604,0.0325,0.0789,0.0332,0.1299,0.1381,0.1389,0.1175,0.0865,0.0851,0.084,0.037,0,0.98
circuit5M,5558327,59524291,10.5312,17.3848,10.5436,23.782,26.6771,26.7475,26.762,26.8118,26.7823,26.8011,5.7862,0,1.0
circuit5M_dc,3523318,19194193,4.6739,6.4269,4.6758,10.5269,9.2503,6.6797,6.4747,6.4551,6.4456,6.4368,1.9526,0,1.0
citationCiteseer,268496,1156647,0.2515,0.318,0.252,0.3264,0.3201,0.3206,0.3205,0.3207,0.3207,0.3209,0.1765,0,1.0
cit-Patents,3774769,16518948,4.9257,5.7356,4.9251,6.2626,5.761,5.7395,5.7376,5.7376,5.7373,5.7361,2.4062,1,1.0
ckt11752_dc_1,49703,333029,0.0212,0.0486,0.0226,0.0741,0.0751,0.0668,0.0635,0.0619,0.0612,0.0603,0.0311,0,0.94
ckt11752_tr_0,49703,333029,0.0212,0.0486,0.0226,0.0742,0.075,0.0676,0.0635,0.0618,0.0668,0.066,0.0313,0,0.94
cnr-2000,325558,3216152,0.289,0.4615,0.2895,0.6954,0.7086,0.696,0.6701,0.6527,0.6374,0.6065,0.2067,0,1.0
CO,221120,3943588,0.2681,0.3548,0.2694,0.7675,0.7743,0.771,0.7615,0.7344,0.7048,0.3549,0.3343,0,1.0
coAuthorsCiteseer,227321,814134,0.1851,0.2956,0.1857,0.5546,0.5566,0.4739,0.4013,0.359,0.3368,0.3235,0.0993,0,1.0
coAuthorsDBLP,299068,977676,0.2457,0.393,0.2468,0.7608,0.7469,0.6335,0.537,0.4803,0.4512,0.4289,0.1353,0,1.0
cond-mat-2003,31164,120029,0.0139,0.029,0.0152,0.0439,0.0381,0.0325,0.0307,0.0299,0.0291,0.0292,0.0159,0,0.91
cond-mat-2005,40422,175693,0.0182,0.038,0.0191,0.0587,0.0512,0.0431,0.0397,0.0389,0.0389,0.0381,0.0231,0,0.95
conf5_4-8x8-05,49153,1916928,0.0465,0.1379,0.0471,0.0529,0.0757,0.1225,0.1307,0.1331,0.1381,0.1381,0.0939,0,0.99
conf5_4-8x8-10,49153,1916928,0.0462,0.1379,0.0472,0.0529,0.0758,0.1225,0.1307,0.1332,0.1381,0.1381,0.0936,0,0.98
conf5_4-8x8-15,49153,1916928,0.0463,0.1379,0.0472,0.0537,0.0758,0.1226,0.1307,0.1331,0.1381,0.1381,0.0934,0,0.98
conf5_4-8x8-20,49153,1916928,0.0463,0.1379,0.0471,0.0537,0.0758,0.1225,0.1307,0.1324,0.1381,0.1381,0.0933,0,0.98
conf6_0-8x8-20,49153,1916928,0.0462,0.138,0.0472,0.0528,0.0757,0.1225,0.1307,0.1324,0.138,0.138,0.0932,0,0.98
conf6_0-8x8-30,49153,1916928,0.0463,0.1379,0.0472,0.0536,0.0758,0.1225,0.1307,0.1332,0.1381,0.138,0.0939,0,0.98
conf6_0-8x8-80,49153,1916928,0.0462,0.138,0.0471,0.0529,0.0758,0.1226,0.13,0.1332,0.1381,0.1381,0.0934,0,0.98
consph,83335,3046907,0.0749,0.2261,0.0756,0.1194,0.1346,0.1574,0.1864,0.1868,0.1962,0.2087,0.1301,0,0.99
cont-201,80596,239596,0.0288,0.0716,0.03,0.1054,0.1053,0.0725,0.0718,0.0725,0.0726,0.0717,0.0266,0,0.96
cont-300,180896,539396,0.1453,0.2297,0.146,0.3416,0.3454,0.2293,0.2296,0.2267,0.2273,0.2292,0.0597,0,1.0
coPapersCiteseer,434103,16036720,0.5043,1.1707,0.506,1.0531,1.2124,1.2934,1.3052,1.3065,1.3171,1.3494,0.8465,0,1.0
coPapersDBLP,540487,15245729,0.6202,1.239,0.6216,1.3806,1.5599,1.6276,1.6209,1.5941,1.5787,1.5867,0.9201,0,1.0
copter1,17223,114143,0.0101,0.0208,0.0112,0.0258,0.0324,0.0209,0.021,0.021,0.021,0.0209,0.0089,0,0.9
CoupCons3D,416801,22322336,0.6634,1.4836,0.6643,1.036,1.0377,1.431,1.6424,1.7212,1.7221,1.8612,1.0757,0,1.0
crankseg_1,52805,5333507,0.0894,0.317,0.0897,0.1079,0.1267,0.166,0.1873,0.2192,0.2519,0.2683,0.2835,0,1.0
crankseg_2,63839,7106348,0.1231,0.4238,0.1236,0.145,0.1664,0.2169,0.2464,0.2907,0.3377,0.3608,0.3756,0,1.0
crplat2,18011,489478,0.011,0.0332,0.012,0.0208,0.0234,0.0267,0.0292,0.034,0.0357,0.0364,0.0173,0,0.92
crystk02,13966,491274,0.0117,0.0347,0.0128,0.0193,0.021,0.0234,0.0291,0.0292,0.0299,0.0341,0.02,0,0.91
crystk03,24697,887937,0.0182,0.0609,0.0193,0.0308,0.0348,0.0415,0.0512,0.0512,0.0519,0.0553,0.0358,0,0.94
crystm02,13966,168435,0.0109,0.0199,0.012,0.0242,0.0267,0.0201,0.0202,0.0201,0.0202,0.0201,0.0115,0,0.91
crystm03,24697,304233,0.017,0.0322,0.0176,0.0414,0.0463,0.0324,0.0332,0.0324,0.0332,0.0324,0.0196,0,0.97
ct2010,67579,168176,0.0255,0.0519,0.0266,0.0816,0.0561,0.0528,0.052,0.052,0.0524,0.052,0.0282,0,0.96
ct20stif,52330,1375396,0.0303,0.0961,0.0315,0.0594,0.0717,0.0873,0.0954,0.1021,0.1052,0.1045,0.0686,0,0.96
Cube_Coup_dt0,2164761,64685452,2.3278,4.4766,2.3303,5.0616,5.6625,6.249,7.2194,7.1461,7.0901,4.9525,3.1979,0,1.0
Cube_Coup_dt6,2164761,64685452,2.3284,4.4704,2.33,5.0596,5.671,6.2412,7.2172,7.1489,7.1461,4.9876,3.1468,0,1.0
CurlCurl_0,11084,62213,0.0058,0.0126,0.007,0.0144,0.0176,0.014,0.0136,0.0129,0.0128,0.0127,0.0054,0,0.83
CurlCurl_4,2380516,14448191,2.2678,3.6989,2.2693,5.8068,7.666,3.8264,3.7207,3.7004,3.7003,3.7,1.0928,0,1.0
cvxqp3,17501,69981,0.009,0.0158,0.0095,0.0168,0.0168,0.0161,0.016,0.0168,0.0161,0.0168,0.0095,0,0.95
cyl6,13682,363961,0.0098,0.0216,0.0104,0.0152,0.0168,0.0193,0.0209,0.0234,0.0243,0.0258,0.0112,0,0.94
darcy003,389875,1167685,0.4318,0.6157,0.4325,1.0877,0.908,0.6362,0.617,0.6162,0.6163,0.6157,0.1738,0,1.0
dawson5,51538,531157,0.0255,0.0601,0.0267,0.0692,0.0906,0.0833,0.0774,0.0685,0.0635,0.0626,0.041,0,0.96
dblp-2010,326187,807700,0.2701,0.367,0.2708,0.6811,0.6547,0.5436,0.4496,0.4066,0.3857,0.3751,0.1143,0,1.0
dc3,116836,766396,0.1096,0.244,0.1104,0.3792,0.4173,0.428,0.4274,0.4287,0.4211,0.4171,0.0845,0,0.99
de2010,24116,58028,0.0109,0.0192,0.0119,0.0284,0.0202,0.0193,0.0193,0.0193,0.0193,0.0194,0.0101,0,0.92
debr,1048577,2097149,1.0606,1.6114,1.0626,2.8695,1.6122,1.6117,1.6123,1.6125,1.6116,1.6118,0.3068,0,1.0
delaunay_n15,32769,98274,0.013,0.0273,0.0135,0.0414,0.0456,0.0389,0.0291,0.0267,0.0266,0.0266,0.014,0,0.96
delaunay_n16,65537,196575,0.022,0.052,0.0234,0.0815,0.0889,0.075,0.0562,0.0529,0.052,0.052,0.0268,0,0.94
delaunay_n17,131073,393176,0.1134,0.1502,0.1142,0.2766,0.273,0.209,0.1564,0.1514,0.1483,0.1506,0.0539,0,0.99
delaunay_n18,262145,786396,0.2331,0.3579,0.2335,0.663,0.6996,0.5506,0.3884,0.3617,0.3585,0.3582,0.1095,0,1.0
delaunay_n19,524289,1572823,0.4732,0.7361,0.4741,1.3436,1.4324,1.1816,0.8375,0.752,0.7385,0.7368,0.2206,0,1.0
delaunay_n20,1048577,3145686,0.9459,1.4818,0.9471,2.7046,2.8448,2.3183,1.6679,1.504,1.4808,1.4821,0.4471,0,1.0
delaunay_n21,2097153,6291408,1.8938,3.0015,1.8942,5.4083,5.7427,4.7701,3.4235,3.0562,3.0033,3.0003,0.901,0,1.0
delaunay_n22,4194305,12582869,3.7832,5.949,3.7847,10.7415,11.4303,9.2825,6.7267,6.0421,5.9567,5.95,1.8098,0,1.0
denormal,89401,622812,0.0555,0.0899,0.0564,0.1573,0.165,0.0901,0.0899,0.0902,0.09,0.0903,0.0418,0,0.98
dictionary28,52653,89038,0.0165,0.0282,0.0177,0.0487,0.0373,0.0324,0.0315,0.0308,0.0308,0.0308,0.0159,0,0.93
dielFilterV2clx,607233,12958252,0.7092,1.0553,0.7098,1.8184,2.0898,2.1203,1.9822,1.8044,1.6378,1.4888,1.1118,0,1.0
dielFilterV2real,1157457,24848204,1.3523,2.0208,1.3538,3.5008,3.9929,4.019,3.7296,3.3542,3.0273,2.7234,2.1151,0,1.0
dielFilterV3clx,420409,16653308,0.5831,1.1587,0.5842,1.2048,1.4275,1.5497,1.5811,1.5632,1.5231,1.4755,1.2869,0,1.0
Dubcova1,16130,134569,0.0095,0.02,0.0104,0.0259,0.0291,0.0283,0.0242,0.0243,0.0234,0.0217,0.0126,0,0.91
Dubcova3,146690,1891669,0.1409,0.2162,0.1414,0.2896,0.3952,0.4165,0.4343,0.4347,0.3511,0.3581,0.12,0,1.0
e40r0100,17282,553562,0.0178,0.0388,0.0185,0.025,0.0307,0.0348,0.0389,0.0406,0.0423,0.0438,0.0382,0,0.96
EAT_RS,23220,325592,0.0279,0.0347,0.0292,0.0487,0.039,0.0356,0.0349,0.0348,0.0349,0.0348,0.0453,0,0.96
ecology1,1000001,2998000,0.9278,1.4406,0.9293,3.4076,1.4419,1.4417,1.4418,1.4419,1.4417,1.4416,0.3492,0,1.0
ecology2,1000000,2997995,0.9275,1.4409,0.9285,3.4133,1.4332,1.4417,1.4417,1.4419,1.4422,1.4414,0.3462,0,1.0
email-Enron,36693,183831,0.017,0.0364,0.0184,0.0471,0.0505,0.0503,0.0487,0.0471,0.0455,0.0454,0.0227,0,0.92
Emilia_923,923137,20964171,0.9637,1.5451,0.9651,2.1122,2.5699,3.048,2.9591,2.6201,1.8805,1.7367,1.2016,0,1.0
engine,143572,2424822,0.1557,0.2414,0.156,0.2896,0.3599,0.3843,0.3903,0.3627,0.2492,0.2477,0.1617,0,1.0
enron,69245,276143,0.0253,0.0306,0.0258,0.0324,0.0299,0.0291,0.0292,0.0291,0.029,0.0292,0.0365,0,0.98
eu-2005,862665,19235140,0.9733,1.6107,0.9734,2.4174,2.554,2.5672,2.5254,2.4734,2.4225,2.3444,1.2892,0,1.0
ex11,16615,1096948,0.0194,0.0675,0.0201,0.0233,0.0275,0.0332,0.0406,0.0464,0.0552,0.0619,0.0563,0,0.97
ex19,12006,259879,0.0105,0.0216,0.0119,0.0171,0.0209,0.0209,0.0218,0.0218,0.0218,0.0218,0.0122,0,0.88
F1,343792,13590452,0.4899,0.9966,0.4902,0.8464,1.0182,1.2595,1.2671,1.2393,1.1857,1.1516,0.8257,0,1.0
F2,71506,2682895,0.0613,0.1836,0.0619,0.1007,0.1233,0.1635,0.1701,0.175,0.179,0.1796,0.1648,0,0.99
Fault_639,638803,14626683,0.6623,1.0757,0.6633,1.4197,1.7235,2.1467,2.156,1.9476,1.473,1.3413,0.8174,0,1.0
fcondp2,201823,5748069,0.2052,0.4244,0.2057,0.384,0.4583,0.5473,0.6285,0.6841,0.7085,0.6937,0.2462,0,1.0
fem_hifreq_circuit,491101,20239237,0.8233,1.3352,0.8241,1.3577,1.8913,1.9295,1.9092,1.7051,1.6158,1.4273,1.4875,0,1.0
filter3D,106438,1406808,0.117,0.1644,0.1182,0.2405,0.2378,0.2221,0.1707,0.1672,0.1681,0.1671,0.1262,0,0.99
finance256,37377,167936,0.0171,0.0372,0.0185,0.0594,0.0488,0.0463,0.0422,0.0406,0.0398,0.039,0.0178,0,0.92
Flan_1565,1564795,59485419,1.6985,4.3334,1.7004,3.4125,4.0603,4.8038,5.514,5.2871,5.1555,4.8735,2.9281,0,1.0
flickr,820879,9837214,1.169,1.3618,1.1696,2.0382,1.9283,1.7614,1.6257,1.532,1.4541,1.3956,1.4802,0,1.0
foldoc,13357,120238,0.0099,0.0183,0.0103,0.0226,0.0251,0.0251,0.0242,0.0217,0.0185,0.0185,0.0114,0,0.96
Freescale1,3428756,18920347,5.1488,6.8468,5.1494,10.2113,9.4033,7.0519,6.9033,6.8779,6.8637,6.8565,2.0367,0,1.0
fullb,199188,5953632,0.211,0.4159,0.2125,0.376,0.4564,0.5184,0.6041,0.6371,0.6537,0.6521,0.2597,0,0.99
FullChip,2987013,26621990,4.5499,7.8191,4.5604,10.6485,13.315,13.3012,13.1156,12.5251,11.1954,9.603,2.9489,0,1.0
fxm4_6,18893,258368,0.0131,0.0249,0.0136,0.025,0.0275,0.0291,0.0291,0.0291,0.0275,0.0259,0.0194,0,0.96
G2_circuit,150103,438388,0.1387,0.212,0.1394,0.4774,0.2121,0.212,0.2137,0.2132,0.2134,0.2133,0.0513,0,0.99
G3_circuit,1585479,4623152,1.545,2.421,1.546,5.0687,2.422,2.4217,2.4222,2.4217,2.4215,2.4209,0.5575,0,1.0
Ga10As10H30,113082,3114357,0.1507,0.2397,0.1515,0.3941,0.4021,0.4059,0.4022,0.3748,0.3641,0.2353,0.2456,0,0.99
Ga19As19H42,133124,4508981,0.1865,0.3294,0.1876,0.47,0.4795,0.49,0.504,0.4978,0.4976,0.3232,0.3459,0,0.99
Ga3As3H12,61350,3016148,0.087,0.2117,0.088,0.1479,0.1585,0.1676,0.1798,0.1945,0.2086,0.1915,0.2091,0,0.99
Ga41As41H72,268097,9378286,0.3786,0.6822,0.3799,0.9561,0.9735,0.9982,1.0219,1.0186,1.0585,0.6676,0.7089,0,1.0
GaAsH6,61350,1721579,0.0636,0.1272,0.0643,0.1299,0.1324,0.1373,0.1421,0.1462,0.1495,0.1192,0.1296,0,0.99
gas_sensor,66918,885141,0.0383,0.0825,0.0389,0.0865,0.1283,0.0857,0.0849,0.0848,0.0824,0.0824,0.0639,0,0.98
Ge87H76,112986,4002590,0.163,0.2883,0.1637,0.3968,0.407,0.4199,0.4267,0.4166,0.4106,0.2877,0.314,0,1.0
Ge99H100,112986,4282190,0.1663,0.3044,0.1671,0.3988,0.4091,0.4253,0.4357,0.4253,0.4266,0.3047,0.3324,0,1.0
gearbox,153747,4617075,0.1688,0.3219,0.1693,0.3037,0.3776,0.4735,0.5015,0.4838,0.4433,0.4092,0.2539,0,1.0
Geo_1438,1437961,32297325,1.4882,2.3822,1.4892,3.247,3.9359,4.7555,4.6745,4.1486,3.005,2.7785,1.8756,0,1.0
gridgena,48963,280523,0.018,0.0454,0.0192,0.0544,0.0725,0.0677,0.0463,0.0463,0.0455,0.0456,0.0233,0,0.94
gsm_106857,589447,11174185,1.6181,1.735,1.6196,2.5795,2.3976,2.1826,1.9413,1.8156,1.7627,1.7383,1.2754,0,1.0
gupta1,31803,1098006,0.0255,0.0609,0.0266,0.064,0.0627,0.0619,0.0627,0.0635,0.066,0.0709,0.0826,0,0.96
gupta2,62065,2155175,0.0467,0.1166,0.0479,0.1241,0.1209,0.1201,0.1209,0.1233,0.1284,0.1381,0.1627,0,0.97
gupta3,16784,4670105,0.0621,0.6008,0.0635,0.0733,0.0816,0.0947,0.1168,0.1569,0.2143,0.2544,0.2501,0,0.98
gyro,17362,519260,0.0139,0.0371,0.0144,0.0242,0.0267,0.0324,0.0332,0.0348,0.035,0.0364,0.0286,0,0.97
gyro_k,17362,519260,0.0139,0.0372,0.0152,0.0242,0.0266,0.0325,0.0331,0.0348,0.0348,0.0366,0.029,0,0.91
gyro_m,17362,178896,0.0127,0.0232,0.0136,0.0283,0.0258,0.0234,0.0234,0.0234,0.0235,0.0234,0.0176,0,0.93
H2O,67025,1141880,0.0569,0.0896,0.0577,0.1317,0.1306,0.1314,0.1308,0.1266,0.1233,0.0898,0.0978,0,0.99
halfb,224618,6306219,0.2351,0.4599,0.2355,0.4379,0.514,0.6104,0.6826,0.7306,0.7453,0.7251,0.2685,0,1.0
Hamrle3,1447361,5514242,1.6974,2.4436,1.6983,4.8525,4.8662,4.4022,2.4424,2.4426,2.4439,2.4424,0.5445,0,1.0
hangGlider_4,15562,79088,0.0096,0.0191,0.0103,0.0226,0.022,0.0225,0.0226,0.0225,0.0226,0.0225,0.008,0,0.93
hangGlider_5,16012,82070,0.0087,0.0175,0.0094,0.0233,0.0234,0.0234,0.0234,0.0234,0.0233,0.0235,0.0081,0,0.93
helm2d03,392258,1567096,0.3876,0.5983,0.3908,1.1227,1.1667,1.0727,0.7573,0.663,0.5993,0.5989,0.1899,0,0.99
helm3d01,32227,230335,0.0176,0.0363,0.0186,0.057,0.0569,0.0521,0.0473,0.0431,0.0398,0.0381,0.0251,0,0.95
hi2010,25017,62063,0.0111,0.02,0.012,0.0315,0.0226,0.0202,0.0202,0.0201,0.0201,0.0202,0.0105,0,0.93
hollywood-2009,1139906,57515616,2.8622,4.4916,2.864,4.3708,4.8333,4.9093,4.8151,4.6917,4.598,4.5074,6.3543,0,1.0
hood,220543,5494489,0.2193,0.445,0.2208,0.4394,0.5304,0.6111,0.6524,0.6538,0.6453,0.6084,0.2573,0,0.99
Hook_1498,1498024,31207734,1.5087,2.472,1.5094,3.3454,4.0798,5.1045,5.0189,4.6204,4.0463,3.6271,1.8072,0,1.0
HTC_336_4438,226341,565431,0.2446,0.3508,0.2451,0.3633,0.3625,0.3623,0.362,0.361,0.3596,0.3578,0.0777,0,1.0
HTC_336_9129,226341,554881,0.2449,0.3512,0.245,0.3657,0.3645,0.364,0.3616,0.3594,0.3582,0.3569,0.0768,0,1.0
hugetric-00000,5824555,8733523,5.3285,7.6095,5.3277,16.0109,7.6196,7.6138,7.6164,7.6158,7.6121,7.6126,1.6967,1,1.0
human_gene1,22284,12345963,0.4914,1.017,0.4921,0.4962,0.6234,0.7467,0.8582,0.9352,0.9876,1.0129,1.4423,0,1.0
human_gene2,14341,9041364,0.316,0.7072,0.3162,0.3163,0.3871,0.4715,0.5549,0.6212,0.6696,0.6991,0.9749,0,1.0
HV15R,2017170,283073458,4.3972,15.5907,4.3872,5.8658,6.6424,7.9613,9.4384,11.8105,14.3886,15.3676,16.4546,1,1.0
ibm_matrix_2,51449,1056610,0.0312,0.0699,0.0324,0.043,0.0602,0.0979,0.0963,0.0996,0.0767,0.0766,0.0564,0,0.96
igbt3,10939,234006,0.0132,0.0192,0.0144,0.0201,0.0218,0.0193,0.0194,0.0194,0.0194,0.0192,0.02,0,0.92
in-2004,1382909,16917053,1.2269,1.9903,1.2274,2.8086,2.9965,3.0214,2.9662,2.8952,2.8199,2.7352,0.9302,0,1.0
inlet,11731,328323,0.0095,0.024,0.0104,0.0201,0.0192,0.021,0.0234,0.0243,0.0241,0.0268,0.0128,0,0.91
inline_1,503713,18660027,0.5992,1.3411,0.5997,1.1717,1.4265,1.8019,1.8553,1.8692,1.8236,1.7825,1.1155,0,1.0
ins2,309413,1530448,0.4516,0.7573,0.4522,0.692,0.7569,0.7567,0.7581,0.7576,0.7582,0.7563,0.221,0,1.0
italy_osm,6686494,7013978,5.8162,9.1943,5.8177,10.3324,9.2196,9.1786,9.1911,9.2006,9.1773,9.1775,1.6911,0,1.0
jan99jac120sc,41375,260202,0.0186,0.0408,0.0193,0.061,0.0627,0.0571,0.052,0.0495,0.0479,0.0455,0.0278,0,0.96
juba40k,40338,144945,0.0152,0.0354,0.016,0.0504,0.0463,0.0382,0.0357,0.0357,0.0357,0.0357,0.0176,0,0.95
k3plates,11108,378927,0.0086,0.0274,0.0095,0.012,0.0129,0.016,0.0185,0.025,0.0267,0.0275,0.0183,0,0.91
kim1,38416,933195,0.0254,0.0576,0.0267,0.0456,0.0553,0.066,0.0758,0.0578,0.0578,0.0578,0.0355,0,0.95
kkt_power,2063495,8130343,2.2657,3.3413,2.2664,3.5566,3.3638,3.3422,3.3416,3.3414,3.341,3.3407,1.168,0,1.0
kron_g500-logn16,65537,2456398,0.1673,0.1977,0.1823,0.2421,0.2356,0.2225,0.2176,0.2175,0.2168,0.2168,0.3585,0,0.92
kron_g500-logn17,131073,5114375,0.3825,0.4815,0.3834,0.5764,0.5145,0.4871,0.4812,0.4809,0.4823,0.4806,0.7571,0,1.0
kron_g500-logn18,262145,10583222,0.8111,1.0661,0.8125,1.2916,1.1386,1.0794,1.0693,1.0665,1.0694,1.067,1.5813,0,1.0
kron_g500-logn19,524289,21781478,1.6908,2.3375,1.6957,2.8148,2.521,2.4288,2.417,2.413,2.414,2.4153,3.3421,0,1.0
kron_g500-logn20,1048577,44620272,3.5977,5.4149,3.6174,6.1507,5.5467,5.4167,5.4127,5.4185,5.4045,5.4038,6.909,0,0.99
laminar_duct3D,67174,3833077,0.0664,0.218,0.0718,0.0866,0.1028,0.116,0.1351,0.1588,0.2012,0.2155,0.1666,0,0.92
language,399131,1216334,0.4179,0.6124,0.4182,1.1976,0.7667,0.7103,0.6783,0.6593,0.646,0.6366,0.184,0,1.0
largebasis,440021,5560100,0.6556,0.8944,0.6564,1.6306,1.5717,1.5779,1.5517,0.8944,0.8945,0.8936,0.3032,0,1.0
ldoor,952204,23737339,0.9982,2.0599,1.0004,2.0513,2.4248,2.7706,2.9587,2.9517,2.8637,2.7235,1.138,0,1.0
lhr34,35153,764014,0.0194,0.0568,0.0201,0.0366,0.0569,0.0554,0.066,0.0578,0.0569,0.057,0.0419,0,0.97
lhr34c,35153,764014,0.0194,0.0568,0.0201,0.0398,0.0619,0.061,0.0718,0.0627,0.0627,0.0627,0.0415,0,0.97
lhr71,70305,1528092,0.0402,0.119,0.0414,0.0784,0.1225,0.1209,0.1438,0.1201,0.12,0.1201,0.0836,0,0.97
lhr71c,70305,1528092,0.0403,0.119,0.0414,0.0783,0.1227,0.1209,0.1438,0.1201,0.1201,0.1201,0.0845,0,0.97
li,22696,1350309,0.0298,0.0831,0.0308,0.0448,0.0511,0.0579,0.0651,0.0742,0.0823,0.0832,0.0834,0,0.97
ljournal-2008,5363261,79023142,10.0029,12.2093,10.0023,18.8753,17.7546,15.9679,14.7499,13.9501,13.2742,12.7263,9.8338,1,1.0
Long_Coup_dt0,1470153,44279572,1.5965,3.2112,1.598,3.5085,3.9901,4.4698,4.9672,4.6191,4.6408,3.7061,2.4392,0,1.0
Long_Coup_dt6,1470153,44279572,1.5962,3.2115,1.5986,3.5079,3.9876,4.4699,4.9475,4.6228,4.6366,3.7144,2.4336,0,1.0
lowThrust_10,18261,116074,0.0097,0.0167,0.0103,0.0208,0.0209,0.0209,0.0218,0.0217,0.0217,0.022,0.0107,0,0.94
lowThrust_11,18369,117002,0.0097,0.0167,0.0104,0.0209,0.0209,0.021,0.0218,0.0217,0.0218,0.0218,0.0111,0,0.93
lowThrust_12,18459,117423,0.0097,0.0167,0.0111,0.0209,0.0209,0.021,0.0218,0.0217,0.0218,0.0222,0.0111,0,0.87
lowThrust_13,18477,117580,0.0097,0.0175,0.0104,0.021,0.021,0.021,0.0218,0.0218,0.0226,0.0218,0.0106,0,0.93
lowThrust_4,13563,84240,0.0077,0.0126,0.0087,0.016,0.016,0.0161,0.0168,0.0185,0.0185,0.0185,0.0077,0,0.89
lowThrust_5,16263,103701,0.0097,0.0168,0.0104,0.0202,0.0201,0.0209,0.021,0.021,0.0217,0.0218,0.0093,0,0.93
lowThrust_6,16929,108376,0.01,0.0175,0.0112,0.0209,0.0209,0.0218,0.0218,0.0225,0.0226,0.0226,0.01,0,0.89
lowThrust_7,17379,110607,0.0102,0.0174,0.0112,0.0217,0.0218,0.0218,0.0226,0.0226,0.0227,0.0227,0.0101,0,0.91
lowThrust_8,17703,113139,0.0103,0.0184,0.0114,0.0218,0.0225,0.0226,0.0226,0.0234,0.0234,0.0234,0.0104,0,0.9
lowThrust_9,18045,114806,0.0105,0.0184,0.012,0.0226,0.0226,0.0227,0.0234,0.0233,0.0234,0.0234,0.0107,0,0.88
lp1,534389,1088904,0.4784,0.757,0.4791,1.4053,1.7134,1.5621,0.7968,0.7663,0.7631,0.7611,0.1548,0,1.0
luxembourg_osm,114600,119666,0.0952,0.1513,0.0962,0.1513,0.1523,0.1524,0.1518,0.152,0.1523,0.152,0.0273,0,0.99
m14b,214766,1679018,0.2253,0.3071,0.2261,0.5154,0.4074,0.3228,0.3151,0.3112,0.3078,0.308,0.1927,0,1.0
mario001,38435,114643,0.0155,0.0372,0.0169,0.057,0.0512,0.0389,0.0373,0.0374,0.0374,0.0373,0.0173,0,0.92
mario002,389875,1167685,0.4315,0.6156,0.4327,1.0862,0.9095,0.6369,0.617,0.6155,0.6161,0.6161,0.1737,0,1.0
mark3jac040sc,18290,113435,0.0111,0.0208,0.0119,0.0308,0.0307,0.0283,0.0242,0.021,0.0202,0.0209,0.0129,0,0.93
mark3jac060sc,27450,170695,0.0153,0.029,0.0161,0.0463,0.0455,0.0414,0.0357,0.0299,0.0291,0.0291,0.0196,0,0.95
me2010,69519,167738,0.0261,0.0528,0.0267,0.0848,0.0586,0.0529,0.0529,0.0529,0.0529,0.0529,0.0291,0,0.98
memplus,17759,126150,0.011,0.0208,0.0119,0.0242,0.0348,0.0275,0.0258,0.0242,0.0242,0.021,0.0131,0,0.92
mip1,66464,5209641,0.0625,0.2931,0.0627,0.1495,0.1503,0.1514,0.1536,0.1561,0.1586,0.1586,0.1541,0,1.0
ML_Laplace,377003,27689972,0.5148,1.7543,0.5156,0.8902,1.0594,1.2926,1.2947,1.5494,1.6494,1.9977,1.0589,0,1.0
mouse_gene,45102,14506196,0.7953,1.0656,0.7958,0.8038,0.9479,1.0296,1.0535,1.0635,1.0666,1.0673,2.0187,0,1.0
msc10848,10849,620313,0.0131,0.0429,0.0136,0.0185,0.021,0.0234,0.025,0.0283,0.03,0.0333,0.0313,0,0.96
msc23052,23053,588933,0.0165,0.0462,0.0169,0.0291,0.034,0.0381,0.0414,0.0422,0.0406,0.0414,0.0302,0,0.98
msdoor,415864,10328399,0.4243,0.8742,0.425,0.8909,1.0648,1.2197,1.2822,1.2718,1.2491,1.1499,0.4978,0,1.0
m_t1,97579,4925574,0.1173,0.3294,0.1184,0.1759,0.201,0.2387,0.2769,0.3119,0.3504,0.3502,0.2318,0,0.99
mult_dcop_01,25188,193276,0.0189,0.0422,0.0201,0.0586,0.0603,0.0602,0.0602,0.0594,0.0569,0.0504,0.0244,0,0.94
mult_dcop_02,25188,193276,0.0193,0.0421,0.0193,0.0586,0.0602,0.0602,0.0602,0.0594,0.0569,0.0497,0.0244,0,1.0
mult_dcop_03,25188,193216,0.0188,0.042,0.0201,0.0587,0.0603,0.0602,0.0603,0.0594,0.0562,0.0512,0.0245,0,0.94
NACA0015,1039184,3114818,1.275,1.7019,1.276,3.2299,1.7997,1.7066,1.7019,1.7025,1.7031,1.7023,0.4993,0,1.0
nasasrb,54871,1366097,0.032,0.0831,0.0332,0.0651,0.0807,0.102,0.1053,0.0914,0.0872,0.089,0.0592,0,0.96
nd12k,36001,7128473,0.087,0.4262,0.088,0.1102,0.12,0.1257,0.1339,0.1536,0.1815,0.2356,0.356,0,0.99
nd24k,72001,14393817,0.182,0.874,0.1827,0.2323,0.2556,0.2697,0.2899,0.3304,0.3929,0.504,0.7177,0,1.0
nd6k,18001,3457658,0.0434,0.2043,0.0438,0.0553,0.0594,0.0619,0.0659,0.0749,0.0881,0.1143,0.1704,0,0.99
net100,29921,1031560,0.0404,0.0789,0.0407,0.0676,0.0684,0.0685,0.0684,0.0676,0.0677,0.0685,0.0739,0,0.99
net125,36721,1306960,0.0492,0.0978,0.0504,0.0849,0.0849,0.0848,0.0849,0.0856,0.0848,0.0856,0.0934,0,0.98
net150,43521,1582360,0.0568,0.1158,0.0578,0.102,0.1019,0.102,0.102,0.1021,0.1021,0.1028,0.1085,0,0.98
net4-1,88344,1265035,0.1114,0.1338,0.1131,0.1713,0.1431,0.1426,0.1341,0.1337,0.1336,0.1337,0.167,0,0.98
net50,16321,480760,0.0215,0.0396,0.0217,0.034,0.034,0.0348,0.0349,0.034,0.0341,0.0348,0.0362,0,0.99
net75,23121,756160,0.0306,0.0593,0.0315,0.0513,0.0512,0.0513,0.0514,0.0513,0.0512,0.0513,0.0534,0,0.97
netherlands_osm,2216689,2441238,1.8772,2.8126,1.8788,3.5386,2.8348,2.8133,2.813,2.8131,2.8138,2.8129,0.598,0,1.0
nh2010,48838,117275,0.0175,0.0339,0.0185,0.0537,0.0372,0.034,0.0341,0.034,0.0341,0.034,0.0202,0,0.95
NLR,4163764,12487976,5.3852,7.2641,5.3872,13.0406,7.8063,7.2917,7.2656,7.2698,7.2697,7.2726,2.006,0,1.0
NotreDame_www,325730,929849,0.1871,0.2261,0.188,0.3811,0.3581,0.3403,0.326,0.3135,0.3047,0.2944,0.0994,0,1.0
nv2010,84539,208499,0.0315,0.0642,0.0324,0.0979,0.0701,0.0652,0.0643,0.0647,0.0644,0.0643,0.0375,0,0.97
ohne2,181344,11063545,0.384,0.7323,0.3851,0.6534,0.8036,0.7885,0.8228,0.8156,0.7753,0.7501,0.9254,0,1.0
oilpan,73753,1835470,0.0349,0.1273,0.0357,0.0718,0.0857,0.1012,0.1176,0.1315,0.1414,0.1474,0.0627,0,0.98
olafu,16147,515651,0.0114,0.0372,0.0128,0.021,0.0234,0.0282,0.0315,0.0341,0.034,0.0374,0.024,0,0.89
onetone2,36058,227628,0.0176,0.0372,0.0184,0.0521,0.0569,0.0553,0.0496,0.0398,0.0381,0.0381,0.0244,0,0.96
OPF_10000,43888,255799,0.0169,0.0454,0.0177,0.0553,0.0668,0.0733,0.0471,0.0472,0.0471,0.0471,0.0197,0,0.95
opt1,15450,973052,0.017,0.061,0.0177,0.0242,0.0275,0.0332,0.0373,0.0448,0.0504,0.0537,0.0459,0,0.96
p2p-Gnutella31,62587,147892,0.0228,0.022,0.0234,0.0226,0.0217,0.0218,0.0218,0.0226,0.0218,0.0225,0.0201,3,1.01
parabolic_fem,525826,2100225,0.6966,0.9613,0.6973,1.4474,1.3155,0.9595,0.9602,0.96,0.9604,0.9596,0.2433,0,1.0
patents,3774769,14970767,4.6393,5.4827,4.6392,5.9793,5.4976,5.4811,5.4816,5.4826,5.482,5.479,2.1724,1,1.0
pattern1,19243,4671337,0.2933,0.2665,0.3169,0.293,0.2937,0.2938,0.2922,0.2913,0.2921,0.2937,0.7567,9,0.91
pcrystk02,13966,491274,0.0117,0.0347,0.0127,0.0184,0.021,0.0241,0.0299,0.0291,0.0299,0.034,0.0205,0,0.92
pcrystk03,24697,887937,0.0183,0.0601,0.0193,0.0308,0.0348,0.0414,0.0513,0.052,0.0525,0.0554,0.0363,0,0.95
pct20stif,52330,1375396,0.0303,0.0961,0.0316,0.0595,0.0717,0.0872,0.0947,0.102,0.1053,0.1045,0.069,0,0.96
pdb1HYS,36418,2190591,0.0306,0.1339,0.0316,0.0487,0.0553,0.0725,0.0799,0.0897,0.0971,0.1029,0.0988,0,0.97
pds10,16559,83108,0.0105,0.0174,0.0112,0.0234,0.0226,0.021,0.0185,0.0177,0.0178,0.0177,0.01,0,0.94
PFlow_742,742794,18940627,0.7535,1.5825,0.7538,1.6031,1.8868,2.17,2.4247,2.3628,2.278,2.1828,0.8065,0,1.0
pkustk01,22045,500712,0.0147,0.0389,0.0161,0.0268,0.0309,0.0357,0.0381,0.0374,0.0373,0.0373,0.0281,0,0.91
pkustk02,10801,410400,0.0103,0.0289,0.0112,0.0152,0.0177,0.0193,0.0209,0.0226,0.0251,0.0266,0.0204,0,0.92
pkustk03,63337,1596876,0.0369,0.1166,0.0374,0.0751,0.0881,0.1078,0.116,0.1135,0.1103,0.1135,0.0865,0,0.99
pkustk04,55591,2137125,0.0481,0.1642,0.049,0.081,0.1031,0.1289,0.1405,0.1512,0.1603,0.1651,0.1257,0,0.98
pkustk05,37165,1121154,0.0269,0.0798,0.0274,0.0479,0.0561,0.0684,0.0741,0.0742,0.0734,0.0758,0.0629,0,0.98
pkustk06,43165,1307466,0.0304,0.0929,0.0316,0.0553,0.0643,0.0799,0.0856,0.0865,0.0857,0.0881,0.0728,0,0.96
pkustk07,16861,1217832,0.027,0.0774,0.0283,0.0356,0.0406,0.0504,0.0554,0.0618,0.0669,0.0693,0.0746,0,0.95
pkustk08,22210,1624440,0.0364,0.1028,0.0374,0.0471,0.0537,0.0701,0.0758,0.0833,0.0923,0.0947,0.1019,0,0.97
pkustk09,33961,808800,0.0209,0.0618,0.0221,0.0405,0.0471,0.0577,0.0619,0.0594,0.0578,0.0586,0.0439,0,0.95
pkustk10,80677,2194830,0.0502,0.1588,0.0512,0.0939,0.1111,0.1351,0.1464,0.1454,0.1438,0.1484,0.112,0,0.98
pkustk11,87805,2652858,0.0868,0.1931,0.0878,0.1422,0.1534,0.1821,0.1948,0.1812,0.18,0.1862,0.1485,0,0.99
pkustk12,94654,3803485,0.1172,0.3138,0.118,0.1816,0.2177,0.2916,0.3039,0.3155,0.3197,0.3286,0.2308,0,0.99
pkustk13,94894,3355860,0.1175,0.2368,0.1179,0.1807,0.2148,0.2393,0.2446,0.2487,0.2482,0.2466,0.2273,0,1.0
pkustk14,151927,7494215,0.197,0.5015,0.1974,0.3355,0.4147,0.4912,0.5202,0.5282,0.5169,0.5164,0.4326,0,1.0
pli,22696,686502,0.0183,0.0478,0.0194,0.0348,0.0438,0.0463,0.048,0.0512,0.0496,0.048,0.0401,0,0.94
PR02R,161071,8185136,0.205,0.6371,0.206,0.4068,0.4588,0.4925,0.5771,0.6248,0.6536,0.6378,0.3479,0,1.0
Pres_Poisson,14823,365313,0.011,0.0282,0.012,0.0198,0.0242,0.0282,0.03,0.0299,0.0308,0.0316,0.0223,0,0.92
pwtk,217919,5926171,0.2149,0.4028,0.2151,0.3961,0.4849,0.5512,0.6703,0.7082,0.7499,0.7548,0.1812,0,1.0
qa8fk,66128,863353,0.0357,0.0798,0.0365,0.0749,0.1274,0.0815,0.0815,0.0807,0.0808,0.0807,0.05,0,0.98
qa8fm,66128,863353,0.0356,0.0806,0.0365,0.075,0.1274,0.0815,0.0817,0.0807,0.0807,0.0807,0.0501,0,0.98
raefsky3,21201,1488768,0.0182,0.0937,0.0193,0.0267,0.0269,0.0275,0.0266,0.0275,0.0275,0.0487,0.0353,0,0.94
raefsky4,19780,674195,0.0152,0.047,0.016,0.0258,0.0291,0.0341,0.0398,0.0414,0.0431,0.0455,0.0314,0,0.95
rajat15,37262,443573,0.0263,0.0487,0.0275,0.066,0.0701,0.0644,0.061,0.0586,0.0562,0.0538,0.0435,0,0.96
rajat22,39900,197264,0.0186,0.0412,0.0193,0.0513,0.0684,0.0668,0.0603,0.0521,0.0455,0.0431,0.0224,0,0.96
rajat26,51033,249302,0.023,0.0519,0.0234,0.0635,0.0873,0.0832,0.07,0.0627,0.0561,0.0538,0.0287,0,0.98
rajat29,643995,4866270,0.8718,1.5105,0.8727,2.2843,2.6491,2.6733,2.6651,2.6086,2.3519,1.9735,0.5096,0,1.0
rajat30,643995,6175377,0.906,1.5646,0.9065,2.3199,2.6561,2.7675,2.7587,2.6581,2.3945,1.9945,0.6247,0,1.0
ramage02,16831,1441591,0.0244,0.0855,0.0258,0.0316,0.0374,0.0447,0.0553,0.0627,0.0832,0.0865,0.0728,0,0.95
Reuters911,13333,148038,0.015,0.0192,0.016,0.0239,0.021,0.0192,0.0193,0.0193,0.0192,0.0193,0.021,0,0.94
rgg_n_2_15_s0,32769,160240,0.0174,0.0331,0.0185,0.0529,0.0358,0.0332,0.0332,0.0332,0.0333,0.0332,0.0222,0,0.94
rgg_n_2_22_s0,4194305,30359198,4.3981,6.2387,4.4008,7.389,6.2511,6.231,6.2408,6.2409,6.2392,6.24,4.2307,0,1.0
ri2010,25182,62875,0.0102,0.0183,0.0112,0.0283,0.0201,0.0185,0.0185,0.0185,0.0185,0.0185,0.0108,0,0.91
rim,22561,1014951,0.0193,0.0625,0.0202,0.0258,0.0332,0.039,0.0446,0.0471,0.0515,0.0602,0.0513,0,0.96
RM07R,381690,37464962,0.6941,2.341,0.6947,1.0951,1.2184,1.4277,1.7343,2.4219,2.3416,2.3414,1.9576,0,1.0
rma10,46836,2374001,0.0391,0.1436,0.0398,0.0463,0.057,0.075,0.0922,0.1093,0.1323,0.1396,0.1107,0,0.98
roadNet-CA,1971282,2766607,1.8012,3.0451,1.8031,6.0435,4.0151,3.0888,3.0455,3.0452,3.0449,3.0453,0.9113,0,1.0
roadNet-PA,1090921,1541898,0.9965,1.6944,1.0002,3.368,2.2325,1.7196,1.6951,1.6945,1.6894,1.6859,0.5038,0,1.0
roadNet-TX,1393384,1921660,1.2702,2.1342,1.2775,4.2549,2.7339,2.159,2.1355,2.1347,2.1346,2.135,0.639,0,0.99
s3dkq4m2,90450,2455670,0.0728,0.1512,0.0736,0.1231,0.1301,0.1548,0.1751,0.2048,0.2237,0.2348,0.0719,0,0.99
s3dkt3m2,90450,1921955,0.0639,0.1412,0.0643,0.1269,0.1288,0.1421,0.1675,0.1923,0.21,0.1981,0.0628,0,0.99
s4dkt3m2,90450,1921955,0.0639,0.1407,0.0644,0.1267,0.1291,0.1422,0.1682,0.1935,0.2099,0.1949,0.0627,0,0.99
Serena,1391350,32961525,1.562,2.5699,1.5637,3.2067,3.8702,4.8198,4.7616,4.406,3.9441,3.5983,1.8688,0,1.0
shermanACb,18511,145149,0.0129,0.0274,0.0136,0.0365,0.0382,0.0373,0.0365,0.0349,0.0332,0.0316,0.0175,0,0.95
ship_001,34921,2339575,0.0307,0.1347,0.0315,0.0455,0.0578,0.0644,0.0807,0.0873,0.1045,0.1078,0.0926,0,0.97
ship_003,121729,4103881,0.1333,0.2882,0.1339,0.2255,0.2725,0.3082,0.344,0.3652,0.3367,0.3388,0.2005,0,1.0
shipsec1,140875,3977139,0.1551,0.2776,0.156,0.2862,0.3364,0.4054,0.4403,0.3392,0.299,0.2905,0.2044,0,0.99
shipsec5,179861,5146478,0.1945,0.3561,0.195,0.3684,0.4577,0.5339,0.5447,0.4951,0.3902,0.3833,0.2541,0,1.0
shipsec8,114920,3384159,0.1243,0.237,0.1255,0.2124,0.244,0.2908,0.318,0.3004,0.2747,0.2647,0.1638,0,0.99
Si10H16,17078,446500,0.0206,0.0356,0.0218,0.0365,0.0373,0.0389,0.0406,0.0413,0.0414,0.0357,0.0374,0,0.94
Si34H36,97570,2626974,0.131,0.2021,0.1315,0.3068,0.3093,0.3088,0.3067,0.2875,0.2828,0.2007,0.2136,0,1.0
Si41Ge41H72,185640,7598452,0.2758,0.5322,0.2771,0.6668,0.6844,0.7066,0.7352,0.7479,0.7671,0.5227,0.5635,0,1.0
Si5H12,19897,379247,0.0202,0.0314,0.0209,0.0406,0.0406,0.0406,0.0406,0.0397,0.0397,0.0316,0.0321,0,0.97
Si87H76,240370,5451000,0.3027,0.4376,0.3035,0.8388,0.8477,0.8562,0.8518,0.8287,0.8098,0.4376,0.4572,0,1.0
sinc15,11533,568526,0.03,0.0364,0.0308,0.0316,0.0315,0.0324,0.0323,0.0316,0.0316,0.0324,0.0492,0,0.97
SiO,33402,675528,0.0313,0.0536,0.0324,0.0668,0.0676,0.0685,0.07,0.0684,0.0676,0.0537,0.0557,0,0.97
SiO2,155332,5719417,0.2192,0.4726,0.2199,0.5551,0.5667,0.5786,0.592,0.5948,0.5989,0.4037,0.4099,0,1.0
skirt,12599,104559,0.0078,0.0166,0.0087,0.0176,0.0225,0.0209,0.0193,0.0193,0.0177,0.0169,0.0089,0,0.9
smallworld,100001,499998,0.0826,0.1127,0.0834,0.2028,0.2116,0.2299,0.1937,0.1124,0.1123,0.1128,0.0506,0,0.99
sme3Dc,42931,3148656,0.21,0.1969,0.2109,0.1962,0.202,0.2004,0.1987,0.1979,0.1979,0.1979,0.4436,2,1.0
smt,25711,1889447,0.0311,0.115,0.0324,0.0447,0.0504,0.0667,0.0734,0.0857,0.0946,0.0995,0.1019,0,0.96
soc-LiveJournal1,4847572,68993773,12.529,13.7522,12.5395,19.9821,19.0743,17.9715,17.0109,16.2386,15.58,14.8915,9.5916,0,1.0
soc-sign-Slashdot090221,82145,549202,0.0493,0.0569,0.0505,0.0791,0.0668,0.0619,0.0594,0.0635,0.0633,0.0627,0.0795,0,0.98
sparsine,50001,799494,0.0572,0.0699,0.0577,0.0708,0.0701,0.0703,0.0701,0.0701,0.0701,0.0701,0.0993,0,0.99
srb1,54925,1508538,0.0308,0.0978,0.0316,0.0578,0.0652,0.0823,0.0898,0.1069,0.1094,0.1118,0.0614,0,0.97
Stanford,281904,2312497,0.3786,0.5479,0.3799,0.5481,0.5492,0.5478,0.5477,0.5478,0.5479,0.5478,0.3571,0,1.0
std1_Jac2,21983,1248731,0.034,0.0913,0.0349,0.048,0.0521,0.0553,0.0586,0.0652,0.0717,0.0865,0.0906,0,0.97
std1_Jac3,21983,1455848,0.0368,0.1069,0.0373,0.0512,0.0561,0.0595,0.0644,0.0692,0.0791,0.0897,0.1013,0,0.99
stokes128,49667,295938,0.0214,0.0503,0.0226,0.0505,0.0759,0.0504,0.0504,0.0504,0.0504,0.0503,0.0221,0,0.95
stokes64,12547,74242,0.008,0.0151,0.0088,0.0152,0.0202,0.0151,0.0152,0.0152,0.0152,0.0152,0.0059,0,0.91
struct3,53571,613632,0.024,0.0642,0.025,0.0652,0.0921,0.1004,0.0824,0.0685,0.0639,0.0644,0.0332,0,0.96
t2dah,11446,93781,0.0065,0.015,0.0079,0.0136,0.0194,0.0201,0.0209,0.0209,0.0209,0.0151,0.006,0,0.82
t2dah_a,11446,93781,0.0066,0.015,0.0078,0.0144,0.0194,0.0201,0.0209,0.021,0.021,0.0152,0.0059,0,0.85
t2dah_e,11446,93781,0.0066,0.015,0.008,0.0143,0.0192,0.0202,0.0209,0.0209,0.0202,0.0159,0.0061,0,0.82
t3dh,79172,2215638,0.0714,0.152,0.0718,0.1195,0.1472,0.1635,0.161,0.1562,0.1553,0.1545,0.1442,0,0.99
t3dh_a,79172,2215638,0.0711,0.1522,0.0722,0.1192,0.1479,0.1636,0.1613,0.1563,0.1553,0.1546,0.1438,0,0.98
t3dh_e,79172,2215638,0.0712,0.1521,0.072,0.1193,0.1479,0.1635,0.1609,0.1554,0.1553,0.1548,0.1441,0,0.99
t3dl,20361,265113,0.0145,0.0274,0.0161,0.0324,0.0382,0.0291,0.0283,0.0283,0.0275,0.0274,0.0225,0,0.9
t3dl_a,20361,265113,0.0146,0.0273,0.0152,0.0323,0.0389,0.0291,0.0283,0.0283,0.0275,0.0275,0.0227,0,0.96
tandem_vtx,18455,135902,0.0111,0.0225,0.012,0.0299,0.0323,0.0308,0.0266,0.0242,0.0226,0.0226,0.014,0,0.93
ted_A,10606,424587,0.0102,0.0314,0.0112,0.0136,0.0136,0.016,0.0184,0.025,0.025,0.0315,0.0202,0,0.91
ted_AB,10606,522387,0.0123,0.0365,0.0128,0.016,0.0176,0.0193,0.0242,0.03,0.03,0.0356,0.0287,0,0.96
ted_AB_unscaled,10606,522387,0.0123,0.0364,0.0137,0.0161,0.0169,0.0201,0.0242,0.03,0.0302,0.0356,0.0283,0,0.9
ted_A_unscaled,10606,424587,0.0103,0.0315,0.0111,0.0136,0.0144,0.0168,0.0185,0.0251,0.0258,0.0308,0.0203,0,0.93
ted_B_unscaled,10606,77592,0.006,0.0135,0.0071,0.0128,0.0144,0.0152,0.0136,0.0144,0.0152,0.0144,0.0051,0,0.85
thread,29737,2249892,0.036,0.1371,0.0372,0.0496,0.0553,0.0701,0.0782,0.1013,0.1152,0.1232,0.117,0,0.97
tmt_sym,726714,2903837,0.6747,1.1564,0.6761,1.7579,2.4447,1.1572,1.1552,1.1563,1.1565,1.1559,0.3214,0,1.0
torso1,116159,8516500,0.1594,0.8213,0.1598,0.2483,0.2955,0.2459,0.2564,0.26,0.2738,0.3,0.3913,0,1.0
transient,178867,961790,0.1917,0.2929,0.1923,0.4052,0.5836,0.5264,0.4218,0.4113,0.3677,0.3669,0.1083,0,1.0
trdheim,22099,978711,0.0154,0.0626,0.0163,0.0267,0.0299,0.0341,0.0374,0.0422,0.0446,0.0521,0.0336,0,0.94
Trefethen_20000,20001,287233,0.0182,0.0273,0.0185,0.039,0.0389,0.0389,0.0275,0.0275,0.0283,0.0275,0.0207,0,0.98
Trefethen_20000b,20000,287217,0.018,0.0273,0.0185,0.039,0.039,0.039,0.0275,0.0275,0.0283,0.0283,0.0204,0,0.97
troll,213454,6099282,0.2217,0.4145,0.2226,0.4183,0.5094,0.6116,0.6702,0.6838,0.6686,0.6534,0.2809,0,1.0
TSOPF_FS_b162_c1,10799,305732,0.0079,0.0216,0.0087,0.0136,0.0136,0.0136,0.0143,0.0136,0.0145,0.0152,0.01,0,0.91
TSOPF_FS_b162_c3,30799,904612,0.0165,0.0568,0.0178,0.0324,0.0333,0.034,0.0357,0.0365,0.0374,0.0397,0.0281,0,0.93
TSOPF_FS_b162_c4,40799,1204322,0.0201,0.0741,0.0213,0.0414,0.0439,0.0447,0.0464,0.0472,0.0497,0.0521,0.0369,0,0.94
TSOPF_FS_b300,29215,2203949,0.0256,0.1104,0.0267,0.0382,0.039,0.0398,0.0406,0.0422,0.0447,0.0471,0.0573,0,0.96
TSOPF_FS_b300_c1,29215,2203949,0.0258,0.11,0.0267,0.0381,0.039,0.0399,0.0413,0.0422,0.0447,0.047,0.0573,0,0.97
TSOPF_FS_b300_c2,56815,4391071,0.0448,0.214,0.0455,0.0709,0.0733,0.0758,0.0775,0.0807,0.0865,0.0898,0.1109,0,0.98
TSOPF_FS_b300_c3,84415,6578753,0.0645,0.3263,0.0652,0.1044,0.1078,0.1111,0.1153,0.1201,0.1275,0.1317,0.1655,0,0.99
TSOPF_FS_b39_c19,76217,998359,0.0267,0.0848,0.0282,0.0725,0.0767,0.0807,0.0832,0.0865,0.0881,0.0898,0.0443,0,0.95
TSOPF_FS_b39_c30,120217,1575639,0.0417,0.1366,0.0431,0.1135,0.1193,0.1258,0.1299,0.1359,0.1381,0.1417,0.0689,0,0.97
TSOPF_FS_b39_c7,28217,368599,0.0122,0.0338,0.0136,0.0275,0.0292,0.0308,0.0315,0.0324,0.0332,0.034,0.0161,0,0.9
TSOPF_FS_b9_c6,14455,75801,0.0065,0.0135,0.0079,0.0169,0.0168,0.0176,0.0176,0.0178,0.0176,0.0176,0.0055,0,0.82
TSOPF_RS_b162_c3,15375,610299,0.0129,0.0412,0.0136,0.025,0.025,0.025,0.0243,0.025,0.025,0.0258,0.018,0,0.95
TSOPF_RS_b162_c4,20375,812749,0.0153,0.0535,0.0168,0.0315,0.0317,0.0315,0.0316,0.0324,0.0324,0.0332,0.0237,0,0.91
TSOPF_RS_b2052_c1,25627,6761100,0.0651,0.3395,0.066,0.0847,0.0865,0.0856,0.0857,0.0864,0.0874,0.088,0.1848,0,0.99
TSOPF_RS_b2383,38121,16171169,0.141,0.946,0.1418,0.1709,0.1696,0.1703,0.171,0.1728,0.1746,0.1773,0.5822,0,0.99
TSOPF_RS_b2383_c1,38121,16171169,0.1409,0.9456,0.1413,0.1717,0.1695,0.1705,0.171,0.1728,0.1745,0.1774,0.5866,0,1.0
TSOPF_RS_b300_c1,14539,1474325,0.0201,0.0756,0.021,0.0291,0.0291,0.0294,0.03,0.03,0.03,0.0308,0.0361,0,0.96
TSOPF_RS_b300_c2,28339,2943887,0.0331,0.147,0.0341,0.0545,0.0553,0.0553,0.0553,0.0569,0.0578,0.0586,0.0703,0,0.97
TSOPF_RS_b300_c3,42139,4413449,0.0463,0.2174,0.0472,0.0807,0.0816,0.0816,0.0823,0.0833,0.0849,0.0857,0.1027,0,0.98
TSOPF_RS_b39_c19,38099,684206,0.0197,0.0462,0.0208,0.0545,0.0545,0.0554,0.0553,0.0553,0.0553,0.0553,0.0287,0,0.95
TSOPF_RS_b39_c30,60099,1079986,0.0292,0.0724,0.0299,0.0848,0.0848,0.0856,0.0856,0.0864,0.0856,0.0873,0.0438,0,0.98
TSOPF_RS_b39_c7,14099,252446,0.0092,0.02,0.0104,0.0208,0.021,0.021,0.0208,0.021,0.0209,0.0217,0.0103,0,0.88
TSOPF_RS_b678_c1,18697,4396289,0.0464,0.2092,0.0471,0.0578,0.057,0.0578,0.0585,0.0594,0.0594,0.061,0.1055,0,0.99
TSOPF_RS_b678_c2,35697,8781949,0.087,0.4175,0.0881,0.111,0.1111,0.1119,0.1127,0.1143,0.1151,0.1176,0.2079,0,0.99
tsyl201,20686,1237821,0.0237,0.0773,0.0243,0.0332,0.0382,0.0472,0.0528,0.0611,0.0701,0.0734,0.0642,0,0.98
tube1,21499,459277,0.0116,0.0322,0.0128,0.0226,0.0267,0.0299,0.0356,0.0381,0.0406,0.0405,0.0172,0,0.91
tube2,21499,459277,0.0118,0.0331,0.0131,0.0231,0.0267,0.03,0.0357,0.0398,0.043,0.0414,0.0176,0,0.9
turon_m,189925,912345,0.1924,0.2737,0.1935,0.5335,0.4654,0.4601,0.3479,0.3387,0.2774,0.2748,0.0975,0,0.99
usroads,129165,165435,0.1151,0.1767,0.116,0.1887,0.1771,0.1773,0.1769,0.1769,0.1767,0.1768,0.0361,0,0.99
usroads-48,126147,161950,0.1124,0.1728,0.1135,0.1833,0.1763,0.1758,0.1754,0.1738,0.1761,0.1737,0.0355,0,0.99
vanbody,47073,1191985,0.0268,0.0797,0.0274,0.0528,0.0652,0.0766,0.0832,0.0848,0.0857,0.0848,0.0578,0,0.98
venturiLevel3,4026820,8054237,3.7269,5.6608,3.7285,12.0254,7.6953,5.6615,5.661,5.6615,5.6607,5.6426,1.3963,0,1.0
vibrobox,12329,177578,0.0105,0.0175,0.0112,0.0209,0.0225,0.0185,0.0178,0.0177,0.0176,0.0177,0.0161,0,0.94
viscorocks,37763,1162244,0.0227,0.0667,0.0234,0.0291,0.0291,0.0602,0.0644,0.0708,0.0701,0.0733,0.0475,0,0.97
vsp_barth5_1Ksep_50in_5Kout,32213,101805,0.0154,0.0273,0.0163,0.0274,0.0274,0.0275,0.0274,0.0275,0.0275,0.0276,0.0162,0,0.94
vsp_bcsstk30_500sep_10in_1Kout,58349,2016578,0.1551,0.1388,0.1562,0.1422,0.139,0.1397,0.1397,0.1397,0.1398,0.1397,0.2863,9,1.0
vsp_befref_fxm_2_4_air02,14110,98224,0.0081,0.0143,0.0088,0.0226,0.0226,0.0218,0.0201,0.0169,0.0153,0.0152,0.01,0,0.92
vsp_bump2_e18_aa01_model1_crew1,56439,300801,0.0268,0.0503,0.0283,0.0758,0.0725,0.0702,0.0561,0.0537,0.0521,0.0504,0.0364,0,0.95
vsp_c-30_data_data,11024,62184,0.0057,0.0109,0.0071,0.0136,0.0155,0.0137,0.0127,0.012,0.0127,0.0127,0.0049,0,0.8
vsp_c-60_data_cti_cs4,85831,241080,0.0246,0.0569,0.0258,0.0897,0.0709,0.0701,0.0651,0.0643,0.0627,0.0619,0.0316,0,0.95
vsp_finan512_scagr7-2c_rlfddd,139753,552020,0.1109,0.1691,0.1115,0.3121,0.2617,0.2513,0.231,0.2138,0.1942,0.1781,0.0669,0,0.99
vsp_mod2_pgp2_slptsk,101365,389368,0.0402,0.0782,0.0415,0.1225,0.1036,0.0922,0.0865,0.0849,0.0832,0.0824,0.0516,0,0.97
vsp_model1_crew1_cr42_south31,45102,189976,0.0185,0.0412,0.0194,0.0684,0.0635,0.0611,0.0596,0.0586,0.0579,0.057,0.0231,0,0.95
vsp_msc10848_300sep_100in_1Kout,21997,1221028,0.0897,0.0822,0.0906,0.0856,0.0832,0.0823,0.0824,0.0824,0.0824,0.0823,0.1814,9,1.0
vsp_p0291_seymourl_iiasa,10499,53868,0.0086,0.0109,0.0096,0.0144,0.0135,0.0128,0.0128,0.0119,0.012,0.0119,0.0082,0,0.9
vsp_sctap1-2b_and_seymourl,40175,140831,0.0202,0.0347,0.021,0.057,0.0373,0.0357,0.0357,0.0357,0.0353,0.0349,0.0217,0,0.96
vsp_south31_slptsk,39669,189914,0.0178,0.0363,0.0184,0.057,0.057,0.0561,0.0545,0.0537,0.0529,0.0521,0.0212,0,0.97
vsp_vibrobox_scagr7-2c_rlfddd,77329,435586,0.0333,0.0773,0.034,0.1258,0.1241,0.1201,0.1168,0.1095,0.0972,0.0864,0.0524,0,0.98
vt2010,32581,77799,0.0136,0.0257,0.0145,0.0398,0.0276,0.0259,0.0259,0.0252,0.0259,0.0259,0.0139,0,0.94
wathen100,30402,251001,0.0149,0.0364,0.016,0.03,0.0569,0.0471,0.0471,0.0365,0.0365,0.0365,0.0163,0,0.93
wathen120,36442,301101,0.0173,0.0429,0.0186,0.0357,0.0687,0.0562,0.0562,0.043,0.0431,0.043,0.0187,0,0.93
web-Google,916429,5105039,1.2577,1.3276,1.2587,1.3902,1.3277,1.3262,1.3256,1.3264,1.3262,1.3258,0.7244,0,1.0
web-NotreDame,325730,1497134,0.2199,0.274,0.221,0.437,0.4072,0.3909,0.3743,0.3626,0.3519,0.3398,0.1361,0,1.0
wikipedia-20051105,1634990,19753078,2.8539,3.2513,2.8542,4.6077,3.6372,3.4252,3.3592,3.3255,3.3163,3.293,2.7496,0,1.0
wikipedia-20060925,2983495,37269096,6.0589,6.7971,6.0598,9.1815,7.4185,7.039,6.9348,6.8924,6.8713,6.8441,5.3666,0,1.0
wikipedia-20061104,3148441,39383235,6.4645,7.2527,6.4657,9.7596,7.9199,7.499,7.3778,7.33,7.3245,7.3,5.6566,0,1.0
wikipedia-20070206,3566908,45030389,7.5349,8.4063,7.5331,11.2205,9.1397,8.7059,8.5619,8.5178,8.5109,8.4601,6.4629,1,1.0
wiki-Talk,2394386,5021410,1.2996,1.1452,1.2996,1.3076,1.2628,1.2401,1.2262,1.2009,1.2076,1.189,0.9507,9,0.96
windscreen,22693,752541,0.015,0.0502,0.016,0.025,0.0282,0.0341,0.0431,0.0438,0.0446,0.0463,0.028,0,0.94
wing_nodal,10938,75488,0.0085,0.0126,0.0096,0.0144,0.0127,0.0128,0.0128,0.0128,0.0128,0.0128,0.01,0,0.89
wy2010,86205,213793,0.0299,0.0601,0.03,0.102,0.0717,0.0668,0.066,0.066,0.066,0.066,0.0364,0,1.0
x104,108385,5138004,0.1287,0.3517,0.1294,0.2031,0.2266,0.2727,0.2985,0.3251,0.3407,0.3434,0.2328,0,0.99
Zd_Jac2,22836,1642833,0.0405,0.1159,0.0413,0.0562,0.0611,0.0643,0.0717,0.0777,0.0865,0.1056,0.1162,0,0.98
Zd_Jac3,22836,1916152,0.0438,0.1346,0.0447,0.0594,0.0652,0.0709,0.0774,0.0848,0.0954,0.1053,0.1297,0,0.98
Zd_Jac6,22836,1711983,0.0416,0.1224,0.0422,0.0561,0.061,0.0652,0.0709,0.0791,0.089,0.0963,0.1171,0,0.99
