dataSet,num_nodes,num_edges,spmm_tcu,spmm_cuda,1,2,3,4,5,6,7,8,density,speedup
144,144650,1074393,0.1965,0.2493,0.202,0.3469,0.2572,0.2472,0.2479,0.2478,0.2476,0.2477,0,0.97
2D_27628_bjtcai,27629,442898,0.0244,0.0528,0.0271,0.0319,0.0425,0.0631,0.0639,0.0606,0.0565,0.0565,0,0.9
2D_54019_highK,54020,996414,0.0438,0.1143,0.0467,0.0557,0.0769,0.1147,0.1171,0.1171,0.1262,0.1229,0,0.94
333SP,3712816,11108633,5.966,8.0708,5.9468,13.4457,8.8323,8.0968,8.0789,8.0746,8.0692,8.0696,1,1.0
3D_28984_Tetra,28985,599170,0.0292,0.0667,0.031,0.0401,0.0483,0.0704,0.0721,0.0746,0.0688,0.0687,0,0.94
3D_51448_3D,51449,1056610,0.0495,0.1159,0.0508,0.0613,0.0844,0.1278,0.1327,0.1384,0.1278,0.1278,0,0.97
3Dspectralwave,680944,17165766,1.4437,2.0716,1.4567,2.5654,2.7809,2.8366,2.5332,2.2468,2.146,2.1198,0,0.99
3Dspectralwave2,292009,7307376,0.6098,0.8896,0.6289,1.0951,1.1894,1.2223,1.0833,0.9534,0.9194,0.9106,0,0.97
3dtube,45331,1629474,0.0553,0.1839,0.0574,0.0778,0.0909,0.1221,0.1311,0.1572,0.1802,0.1844,0,0.96
598a,110972,741934,0.1334,0.177,0.1382,0.226,0.1734,0.1773,0.177,0.1779,0.1794,0.1792,0,0.97
a0nsdsil,80017,200021,0.0328,0.066,0.0369,0.0869,0.0868,0.0869,0.0868,0.0876,0.0876,0.0868,0,0.89
a2nnsnsl,80017,196115,0.0321,0.066,0.0368,0.0876,0.0868,0.0876,0.0864,0.0859,0.0827,0.0803,0,0.87
a5esindl,60009,145004,0.0253,0.0495,0.0289,0.0657,0.0654,0.0655,0.0654,0.0662,0.0655,0.0655,0,0.88
adaptive,6815745,13624320,8.8906,12.679,9.2598,23.2654,15.2703,12.6785,12.6782,12.6793,12.6784,12.6791,0,0.96
af_0_k101,503626,9027150,0.6141,1.0954,0.631,1.1343,1.4024,1.5851,1.7987,1.9096,1.9329,1.6751,0,0.97
af_1_k101,503626,9027150,0.6179,1.0946,0.6316,1.1346,1.4024,1.5844,1.7995,1.9117,1.933,1.6751,0,0.98
af_2_k101,503626,9027150,0.618,1.0952,0.6309,1.1348,1.4019,1.5845,1.7967,1.9127,1.932,1.6746,0,0.98
af_3_k101,503626,9027150,0.6181,1.0953,0.6313,1.1341,1.4027,1.5831,1.7981,1.9121,1.9304,1.6763,0,0.98
af_4_k101,503626,9027150,0.6178,1.0952,0.6313,1.1349,1.4017,1.5838,1.7979,1.9111,1.9312,1.6741,0,0.98
af_5_k101,503626,9027150,0.6178,1.0934,0.6315,1.135,1.4018,1.584,1.7971,1.9116,1.9318,1.6743,0,0.98
af_shell1,504856,9046865,0.6212,1.106,0.6337,1.1323,1.3722,1.5819,1.7881,1.9296,1.9234,1.6992,0,0.98
af_shell10,1508066,27090195,1.8401,3.354,1.8787,3.41,4.1186,4.7032,5.351,5.7895,5.7296,5.0318,0,0.98
af_shell2,504856,9046865,0.6172,1.1075,0.6336,1.1321,1.3726,1.5817,1.7887,1.9307,1.9216,1.6999,0,0.97
af_shell3,504856,9046865,0.621,1.1057,0.6331,1.1319,1.3729,1.582,1.7896,1.9301,1.9225,1.6987,0,0.98
af_shell4,504856,9046865,0.621,1.1054,0.6333,1.1318,1.3723,1.5831,1.7901,1.9305,1.9235,1.7002,0,0.98
af_shell5,504856,9046865,0.621,1.1052,0.6332,1.1323,1.3732,1.582,1.7893,1.931,1.9239,1.6992,0,0.98
af_shell6,504856,9046865,0.6211,1.1058,0.633,1.1322,1.3726,1.5833,1.7903,1.9316,1.9234,1.7005,0,0.98
af_shell7,504856,9046865,0.6209,1.1055,0.6336,1.1324,1.3731,1.5822,1.7893,1.931,1.9237,1.6979,0,0.98
af_shell8,504856,9046865,0.621,1.1053,0.633,1.1329,1.3726,1.5827,1.7901,1.9307,1.923,1.7,0,0.98
af_shell9,504856,9046865,0.6212,1.1056,0.6332,1.1322,1.3731,1.5831,1.7901,1.9297,1.9225,1.6994,0,0.98
ak2010,45293,108549,0.0245,0.0356,0.0269,0.0556,0.0425,0.0393,0.0385,0.0385,0.0385,0.0376,0,0.91
Andrews,60001,410077,0.0573,0.0717,0.0605,0.0794,0.0746,0.0737,0.0729,0.0729,0.0728,0.0729,0,0.95
AS365,3799276,11368076,7.109,9.2639,7.2168,13.8141,9.6442,9.293,9.2671,9.2668,9.2634,9.2636,0,0.99
as-caida,31380,106762,0.0206,0.0274,0.0229,0.0441,0.0352,0.0319,0.031,0.0319,0.0311,0.0304,0,0.9
ASIC_680k,682863,3871773,1.3939,2.1143,1.3569,3.2775,3.2629,3.2609,3.2471,3.2439,3.2428,3.2444,1,1.03
as-Skitter,1696416,11095298,2.2175,3.194,2.2826,4.8762,4.9526,4.8497,4.7313,4.6345,4.5698,4.5304,0,0.97
astro-ph,16707,121251,0.0129,0.0205,0.0151,0.0289,0.0262,0.0245,0.0229,0.022,0.0221,0.0228,0,0.85
audikw_1,943696,39297771,1.8576,4.6745,1.8709,2.9521,3.4287,4.2133,4.4306,4.8945,4.9563,5.282,0,0.99
auto,448696,3314611,0.6662,0.933,0.6791,1.2274,1.0768,0.9812,0.9561,0.9444,0.9358,0.9333,0,0.98
barrier2-1,113077,3805068,0.3698,0.4699,0.3732,0.4988,0.5331,0.4893,0.4816,0.4756,0.4712,0.4702,0,0.99
barrier2-10,115626,3897557,0.3829,0.4781,0.384,0.5299,0.5515,0.5009,0.4925,0.486,0.482,0.4817,0,1.0
barrier2-11,115626,3897557,0.3831,0.4786,0.3843,0.5296,0.5518,0.5007,0.4925,0.4855,0.4826,0.4808,0,1.0
barrier2-12,115626,3897557,0.3829,0.4781,0.3844,0.5298,0.5512,0.5009,0.4923,0.4856,0.482,0.481,0,1.0
barrier2-2,113077,3805068,0.3698,0.4687,0.3733,0.4989,0.5327,0.4894,0.4815,0.4763,0.4713,0.4708,0,0.99
barrier2-3,113077,3805068,0.37,0.4682,0.3735,0.4987,0.5329,0.4897,0.4809,0.4756,0.4715,0.4707,0,0.99
barrier2-4,113077,3805068,0.3698,0.4688,0.3738,0.4993,0.5322,0.4891,0.4821,0.4761,0.4712,0.4702,0,0.99
barrier2-9,115626,3897557,0.3829,0.4786,0.3843,0.5307,0.5518,0.5009,0.4927,0.486,0.4819,0.4813,0,1.0
bauru5727,40367,145019,0.0207,0.0405,0.0238,0.0614,0.0565,0.0475,0.0445,0.0442,0.0433,0.0426,0,0.87
bbmat,38745,1771722,0.0656,0.1855,0.0682,0.1036,0.104,0.1056,0.1113,0.1155,0.1925,0.2015,0,0.96
bcsstk17,10975,219812,0.0118,0.0266,0.014,0.0229,0.0246,0.0278,0.0295,0.0279,0.0294,0.0294,0,0.84
bcsstk18,11949,80519,0.0099,0.0168,0.0124,0.0245,0.0262,0.0237,0.0205,0.0188,0.0188,0.018,0,0.8
bcsstk25,15440,133840,0.0114,0.0225,0.0138,0.0295,0.032,0.0328,0.031,0.0278,0.0254,0.0253,0,0.83
bcsstk29,13993,316740,0.0147,0.0356,0.0172,0.0246,0.0278,0.0327,0.0343,0.0352,0.0361,0.0385,0,0.85
bcsstk30,28925,1036208,0.0335,0.1183,0.036,0.0508,0.0581,0.0688,0.0794,0.0934,0.1015,0.1114,0,0.93
bcsstk31,35589,608502,0.0276,0.0733,0.0303,0.0547,0.068,0.0745,0.0737,0.0736,0.0753,0.0762,0,0.91
bcsstk32,44610,1029655,0.0356,0.1167,0.0392,0.0638,0.0762,0.0868,0.0925,0.0991,0.1057,0.1122,0,0.91
bcsstk35,30238,740200,0.0253,0.0847,0.0278,0.045,0.05,0.0588,0.0622,0.0704,0.0737,0.0802,0,0.91
bcsstk36,23053,583096,0.0207,0.0651,0.0238,0.0368,0.04,0.0458,0.0508,0.0557,0.0589,0.0622,0,0.87
bcsstk37,25504,583240,0.0205,0.0668,0.0237,0.0375,0.0442,0.05,0.054,0.0572,0.0598,0.063,0,0.86
bcsstk39,46773,1068033,0.0381,0.12,0.0409,0.0695,0.0819,0.1008,0.1092,0.1213,0.1206,0.122,0,0.93
bcsstm36,23053,166389,0.014,0.0225,0.0166,0.0298,0.0336,0.0327,0.0286,0.0254,0.0253,0.0253,0,0.84
belgium_osm,1441296,1549970,1.4598,2.3187,1.609,2.6989,2.3261,2.319,2.3187,2.3176,2.3185,2.3179,0,0.91
BenElechi1,245875,6698185,0.3308,0.7583,0.336,0.5673,0.6334,0.7765,0.8446,0.9379,0.954,0.9706,0,0.98
blockqp1,60013,340022,0.0361,0.0798,0.0384,0.1212,0.1007,0.1,0.1006,0.1007,0.0999,0.1007,0,0.94
bloweya,30005,80005,0.0158,0.0332,0.018,0.045,0.0506,0.0359,0.0351,0.0343,0.0344,0.0343,0,0.88
bloweybl,30004,70001,0.0147,0.0323,0.0179,0.0441,0.0441,0.0352,0.0344,0.0343,0.0343,0.0343,0,0.82
bmw3_2,227363,5757996,0.3197,0.7077,0.3257,0.5482,0.6769,0.766,0.8094,0.8072,0.7934,0.789,0,0.98
bmw7st_1,141348,3740507,0.1995,0.4528,0.203,0.3134,0.3837,0.444,0.4865,0.4972,0.4988,0.4994,0,0.98
bmwcra_1,148771,5396386,0.248,0.6287,0.2508,0.3741,0.4452,0.5328,0.5982,0.6178,0.6658,0.6736,0,0.99
bone010,986704,36326514,1.5248,4.239,1.5343,2.5696,2.9607,3.3639,3.969,3.9588,4.3882,4.5524,0,0.99
boneS01,127225,3421188,0.1809,0.3884,0.1838,0.2904,0.3582,0.4166,0.4721,0.4608,0.4724,0.4489,0,0.98
boneS10,914899,28191660,1.3328,3.4221,1.3428,2.3561,2.7614,3.1234,3.5537,3.4565,3.64,3.6602,0,0.99
boyd1,93280,652246,0.127,0.3753,0.1343,0.1869,0.2543,0.2874,0.358,0.3975,0.4247,0.4017,0,0.95
boyd2,466317,890091,0.5533,0.8908,0.6315,1.1928,1.1929,1.1948,1.1927,1.1935,1.1937,1.1937,0,0.88
brack2,62632,366559,0.038,0.07,0.0409,0.0999,0.1129,0.1024,0.0916,0.0801,0.0753,0.0729,0,0.93
brainpc2,27608,96601,0.0125,0.0266,0.0148,0.0393,0.0385,0.0384,0.0401,0.0401,0.0401,0.0417,0,0.84
bratu3d,27793,88627,0.0135,0.0201,0.0163,0.0311,0.0319,0.0213,0.0212,0.0213,0.0213,0.0213,0,0.83
Bump_2911,2911420,65320659,3.9297,7.7999,3.9777,7.2377,8.559,10.3141,11.0683,10.3419,7.9582,8.3522,0,0.99
bundle1,10582,390741,0.012,0.0225,0.0147,0.0229,0.0253,0.0278,0.0277,0.0294,0.0294,0.0303,0,0.82
bundle_adj,513352,10360701,0.6494,0.9664,0.6729,1.3198,1.6108,1.8538,1.8633,1.8743,1.8793,1.8834,0,0.97
c-42,10472,60378,0.0099,0.0134,0.0123,0.0196,0.0187,0.0179,0.0179,0.0171,0.0171,0.0172,0,0.8
c-43,11126,67400,0.0101,0.0135,0.0124,0.0204,0.0204,0.0204,0.0196,0.0196,0.0188,0.0188,0,0.81
c-45,13207,93829,0.0087,0.0142,0.0107,0.0228,0.0228,0.0229,0.0212,0.0211,0.0211,0.0212,0,0.81
c-46,14914,72655,0.012,0.016,0.0147,0.0253,0.0245,0.0236,0.0224,0.0228,0.022,0.022,0,0.82
c-47,15344,113372,0.0168,0.0208,0.0192,0.0281,0.0261,0.026,0.0261,0.0253,0.0262,0.026,0,0.88
c-48,18355,92217,0.0141,0.02,0.0172,0.0294,0.0278,0.0277,0.027,0.0269,0.0261,0.0261,0,0.82
c-49,21133,89087,0.015,0.0225,0.0179,0.0319,0.0294,0.0294,0.0278,0.0278,0.0277,0.027,0,0.84
c-50,22402,108013,0.0151,0.0241,0.0179,0.0343,0.0327,0.0327,0.0319,0.0319,0.0311,0.031,0,0.84
c-51,23197,113123,0.016,0.0248,0.0188,0.0343,0.0326,0.0326,0.031,0.0311,0.031,0.0303,0,0.85
c-52,23949,113332,0.0162,0.0258,0.0188,0.0359,0.0335,0.0334,0.0319,0.0319,0.031,0.0311,0,0.86
c-53,30236,201224,0.0185,0.0316,0.0213,0.0458,0.0449,0.0442,0.0425,0.0424,0.0416,0.0408,0,0.87
c-54,31794,211743,0.0195,0.0372,0.0221,0.0482,0.0466,0.0467,0.045,0.045,0.0442,0.0433,0,0.88
c-55,32781,218115,0.0256,0.0421,0.0286,0.0491,0.0491,0.0482,0.0466,0.0466,0.0467,0.0466,0,0.9
c-56,35911,208405,0.0218,0.0397,0.0254,0.0531,0.0515,0.0507,0.0498,0.0482,0.0475,0.0474,0,0.86
c-57,37834,221515,0.0206,0.0372,0.0237,0.0563,0.0548,0.054,0.0539,0.0531,0.0531,0.0523,0,0.87
c-58,37596,295076,0.0356,0.0535,0.0392,0.0614,0.0604,0.0597,0.0576,0.0572,0.0581,0.0581,0,0.91
c-59,41283,260909,0.0295,0.0511,0.033,0.0609,0.0588,0.0596,0.0572,0.0563,0.0564,0.0564,0,0.89
c-60,43641,171109,0.0238,0.0437,0.0269,0.0614,0.0588,0.058,0.0548,0.0547,0.053,0.0524,0,0.88
c-61,43619,176817,0.0247,0.0454,0.0277,0.0597,0.0563,0.0564,0.0531,0.0514,0.0506,0.0499,0,0.89
c-62,41732,300537,0.0347,0.0567,0.0383,0.0637,0.0645,0.0646,0.0621,0.062,0.0613,0.0614,0,0.91
c-62ghs,41732,300537,0.0345,0.0564,0.0384,0.0638,0.0645,0.0646,0.0621,0.062,0.0613,0.0613,0,0.9
c-63,44235,239469,0.0274,0.0511,0.031,0.0621,0.0596,0.0597,0.0565,0.0563,0.0556,0.0557,0,0.88
c-64,51036,384438,0.0284,0.0511,0.0318,0.0736,0.0719,0.0703,0.0696,0.0679,0.0678,0.0663,0,0.89
c-64b,51036,384438,0.0284,0.0511,0.0318,0.0735,0.0719,0.0703,0.0695,0.0687,0.0679,0.0662,0,0.89
c-65,48067,204297,0.0267,0.0503,0.0302,0.0654,0.0613,0.0614,0.0581,0.058,0.0563,0.0564,0,0.88
c-66,49990,274498,0.0289,0.056,0.0326,0.0704,0.0687,0.0686,0.067,0.0662,0.0654,0.0654,0,0.89
c-66b,49990,274498,0.0289,0.056,0.0327,0.0703,0.0686,0.0686,0.0671,0.0662,0.0654,0.0647,0,0.88
c-67b,57976,294955,0.0284,0.0593,0.0326,0.0818,0.0802,0.0793,0.0789,0.0785,0.0769,0.0769,0,0.87
c-68,64811,315408,0.0376,0.0718,0.0414,0.092,0.0892,0.0886,0.0829,0.0827,0.0802,0.0796,0,0.91
c-69,67459,345714,0.0383,0.0757,0.0425,0.0933,0.0899,0.0899,0.086,0.0851,0.0826,0.0826,0,0.9
c-70,68925,363955,0.0404,0.0791,0.0452,0.0958,0.0937,0.0926,0.0886,0.0885,0.087,0.0868,0,0.89
c-71,76639,468096,0.068,0.1155,0.0801,0.1202,0.1184,0.1184,0.1119,0.1123,0.1116,0.1114,0,0.85
c-73,169423,724348,0.2368,0.3334,0.2452,0.4173,0.4122,0.4118,0.4094,0.4023,0.4012,0.4,0,0.97
c-73b,169423,724348,0.2367,0.3336,0.2452,0.4169,0.4127,0.4112,0.4097,0.402,0.4021,0.4004,0,0.97
ca-AstroPh,18773,198110,0.0318,0.0314,0.0342,0.04,0.0342,0.0343,0.0334,0.0334,0.0334,0.0336,9,0.94
ca-CondMat,23134,93497,0.0195,0.0216,0.022,0.0277,0.0253,0.0245,0.0244,0.0236,0.0245,0.0229,0,0.89
cage14,1505786,27130349,4.8904,5.2294,4.9322,7.8327,6.5874,5.4168,5.222,5.1974,5.229,5.2286,0,0.99
cage15,5154860,99199551,20.997,22.2215,21.1221,31.0735,26.8189,22.8678,22.2163,22.2169,22.2182,22.2195,0,0.99
ca-HepPh,12009,118521,0.0187,0.0192,0.0204,0.0269,0.0253,0.022,0.0204,0.0204,0.0203,0.0204,0,0.92
caidaRouterLevel,192245,609066,0.1799,0.2668,0.1874,0.4192,0.2875,0.2706,0.2677,0.2668,0.268,0.2677,0,0.96
cant,62452,2034917,0.0705,0.234,0.0767,0.1053,0.1201,0.1384,0.1597,0.1882,0.2184,0.2457,0,0.92
case39,40217,526139,0.0212,0.056,0.0237,0.0457,0.0474,0.0497,0.0515,0.0531,0.0539,0.0572,0,0.89
case9,14455,75801,0.0075,0.0143,0.0098,0.0203,0.0204,0.0211,0.022,0.022,0.0228,0.0228,0,0.77
c-big,345242,1343126,0.504,0.7188,0.5356,0.9012,0.8803,0.8718,0.8399,0.8107,0.8004,0.7736,0,0.94
cbuckle,13682,345098,0.015,0.0373,0.0179,0.0236,0.0269,0.0294,0.0334,0.0359,0.0359,0.0399,0,0.84
ccc,49153,73728,0.0181,0.0445,0.0204,0.045,0.045,0.0448,0.0449,0.045,0.0449,0.0449,0,0.89
cfd1,70657,949510,0.0796,0.1262,0.0844,0.128,0.1626,0.1369,0.1357,0.1331,0.1308,0.1305,0,0.94
Chebyshev4,68122,5377761,0.299,1.0913,0.3031,0.3454,0.54,0.6041,1.0676,1.0927,1.093,1.0925,0,0.99
circuit_4,80210,307604,0.0907,0.1159,0.0921,0.1662,0.1797,0.1813,0.1472,0.1139,0.1129,0.1126,0,0.98
circuit5M,5558327,59524291,16.5883,23.7792,16.8732,29.6749,32.9793,33.2006,33.2945,33.1935,33.2563,33.2908,0,0.98
circuit5M_dc,3523318,19194193,6.8047,8.9476,6.9629,12.6765,11.3093,9.1936,8.999,8.9827,8.9709,8.9663,0,0.98
citationCiteseer,268496,1156647,0.3287,0.417,0.334,0.4253,0.42,0.4197,0.4195,0.4145,0.4178,0.4152,0,0.98
cit-Patents,3774769,16518948,8.7562,9.8587,8.8707,10.3798,9.8963,9.8731,9.8691,9.866,9.8674,9.8655,0,0.99
ckt11752_dc_1,49703,333029,0.0289,0.0544,0.0317,0.0818,0.0834,0.0743,0.0704,0.0687,0.0679,0.067,0,0.91
ckt11752_tr_0,49703,333029,0.0287,0.0544,0.0318,0.0818,0.0834,0.0744,0.0703,0.0687,0.0687,0.067,0,0.9
cnr-2000,325558,3216152,0.3788,0.57,0.3859,0.8024,0.8209,0.8296,0.7804,0.7634,0.7469,0.7215,0,0.98
CO,221120,3943588,0.3902,0.4898,0.3913,0.8526,0.8572,0.8559,0.8402,0.808,0.7878,0.4936,0,1.0
coAuthorsCiteseer,227321,814134,0.2215,0.3541,0.2281,0.5923,0.5965,0.5217,0.4528,0.411,0.3908,0.3789,0,0.97
coAuthorsDBLP,299068,977676,0.2928,0.4682,0.3013,0.8131,0.8004,0.7012,0.6063,0.5523,0.5232,0.5057,0,0.97
cond-mat-2003,31164,120029,0.0177,0.0306,0.0203,0.0489,0.0433,0.0383,0.0359,0.0351,0.0342,0.0335,0,0.87
cond-mat-2005,40422,175693,0.0241,0.0412,0.0269,0.0646,0.0572,0.049,0.0466,0.0457,0.0449,0.0449,0,0.9
conf5_4-8x8-05,49153,1916928,0.0783,0.2125,0.0801,0.0867,0.1137,0.1776,0.1957,0.2006,0.2137,0.2137,0,0.98
conf5_4-8x8-10,49153,1916928,0.0779,0.2117,0.0801,0.0866,0.1137,0.1776,0.1957,0.2006,0.2137,0.2137,0,0.97
conf5_4-8x8-15,49153,1916928,0.0778,0.2117,0.0801,0.0875,0.1139,0.1776,0.196,0.2006,0.2137,0.2137,0,0.97
conf5_4-8x8-20,49153,1916928,0.0779,0.2117,0.0797,0.0871,0.1137,0.1784,0.1965,0.2006,0.2137,0.2137,0,0.98
conf6_0-8x8-20,49153,1916928,0.0779,0.2125,0.0801,0.0867,0.1138,0.1784,0.1963,0.2006,0.2137,0.2137,0,0.97
conf6_0-8x8-30,49153,1916928,0.078,0.2117,0.0801,0.0867,0.1137,0.1776,0.1957,0.2006,0.2138,0.2137,0,0.97
conf6_0-8x8-80,49153,1916928,0.0778,0.2125,0.0801,0.0867,0.1138,0.1821,0.1964,0.2006,0.2138,0.2137,0,0.97
consph,83335,3046907,0.1366,0.3566,0.14,0.1842,0.2069,0.2511,0.3047,0.3237,0.3504,0.3528,0,0.98
cont-201,80596,239596,0.0331,0.0749,0.0367,0.1096,0.1113,0.0769,0.077,0.077,0.0768,0.0769,0,0.9
cont-300,180896,539396,0.1854,0.2841,0.1954,0.4712,0.428,0.2827,0.2827,0.2827,0.2832,0.2831,0,0.95
coPapersCiteseer,434103,16036720,0.7684,1.8577,0.7936,1.2827,1.4432,1.5306,1.5684,1.5814,1.6248,1.7267,0,0.97
coPapersDBLP,540487,15245729,0.9274,1.9452,0.9545,1.6423,1.8259,1.9125,1.9221,1.9137,1.9305,1.9987,0,0.97
copter1,17223,114143,0.0129,0.0225,0.0147,0.0318,0.0367,0.0237,0.0236,0.0237,0.0237,0.0237,0,0.88
CoupCons3D,416801,22322336,1.0535,2.531,1.0724,1.7224,1.722,2.0143,2.1942,2.4608,2.4609,2.7952,0,0.98
crankseg_1,52805,5333507,0.1735,0.5317,0.1835,0.1942,0.2191,0.2823,0.3152,0.3763,0.447,0.4835,0,0.95
crankseg_2,63839,7106348,0.2399,0.7714,0.2423,0.2592,0.2923,0.3828,0.4318,0.51,0.5988,0.6429,0,0.99
crplat2,18011,489478,0.0168,0.0561,0.0195,0.0293,0.0309,0.0367,0.0391,0.0442,0.0458,0.0506,0,0.86
crystk02,13966,491274,0.0178,0.0552,0.0204,0.0277,0.0303,0.0343,0.0408,0.0425,0.049,0.054,0,0.87
crystk03,24697,887937,0.0283,0.0995,0.031,0.0425,0.0473,0.0556,0.0678,0.0735,0.0843,0.095,0,0.91
crystm02,13966,168435,0.016,0.0249,0.0179,0.0318,0.035,0.0269,0.0262,0.0262,0.0269,0.0268,0,0.89
crystm03,24697,304233,0.025,0.0413,0.027,0.0523,0.0563,0.0425,0.0425,0.0426,0.0425,0.0425,0,0.93
ct2010,67579,168176,0.0322,0.0544,0.0351,0.0883,0.063,0.058,0.0573,0.0564,0.0572,0.0556,0,0.92
ct20stif,52330,1375396,0.045,0.1618,0.049,0.0768,0.0891,0.1072,0.1153,0.1301,0.1408,0.1514,0,0.92
Cube_Coup_dt0,2164761,64685452,3.2348,7.8186,3.2439,6.1407,6.8341,7.1269,8.0833,8.3731,8.7981,8.1093,0,1.0
Cube_Coup_dt6,2164761,64685452,3.2404,7.1853,3.229,6.1495,6.8348,7.1284,8.0833,8.632,8.8354,7.5257,1,1.0
CurlCurl_0,11084,62213,0.0067,0.0142,0.009,0.0171,0.0211,0.0171,0.0163,0.0154,0.0146,0.0146,0,0.74
CurlCurl_4,2380516,14448191,2.7623,4.6555,2.7885,6.4483,8.459,4.7831,4.6784,4.6538,4.6557,4.656,0,0.99
cvxqp3,17501,69981,0.0114,0.0176,0.0133,0.0207,0.0204,0.0203,0.0187,0.0195,0.0187,0.0187,0,0.86
cyl6,13682,363961,0.0148,0.0355,0.0163,0.0221,0.0236,0.0269,0.0286,0.0318,0.0326,0.0359,0,0.91
darcy003,389875,1167685,0.5942,0.8566,0.6159,1.2487,1.1357,0.8794,0.8627,0.8583,0.8583,0.8587,0,0.96
dawson5,51538,531157,0.0359,0.0724,0.0391,0.0802,0.1014,0.0949,0.0925,0.0842,0.0778,0.0744,0,0.92
dblp-2010,326187,807700,0.3249,0.4568,0.3419,0.7454,0.7309,0.6294,0.5508,0.508,0.4844,0.473,0,0.95
dc3,116836,766396,0.1655,0.292,0.1714,0.4494,0.4846,0.4791,0.468,0.4667,0.4597,0.4563,0,0.97
de2010,24116,58028,0.0137,0.0202,0.0162,0.0335,0.0237,0.0228,0.0228,0.0228,0.0228,0.0212,0,0.85
debr,1048577,2097149,1.4491,2.0182,1.4731,3.1377,2.0177,2.0189,2.019,2.0186,2.0174,2.0179,0,0.98
delaunay_n15,32769,98274,0.0136,0.0265,0.0163,0.0449,0.0474,0.0416,0.0326,0.0294,0.0294,0.0286,0,0.83
delaunay_n16,65537,196575,0.025,0.0519,0.0277,0.085,0.0911,0.0777,0.0604,0.0564,0.0547,0.0539,0,0.9
delaunay_n17,131073,393176,0.1424,0.2117,0.1484,0.3451,0.3409,0.2735,0.2137,0.2022,0.2115,0.2113,0,0.96
delaunay_n18,262145,786396,0.2917,0.469,0.3024,0.7306,0.7908,0.6615,0.5078,0.4774,0.4719,0.4692,0,0.96
delaunay_n19,524289,1572823,0.5928,0.9621,0.6113,1.4761,1.6006,1.3652,1.0674,0.9812,0.9662,0.9647,0,0.97
delaunay_n20,1048577,3145686,1.1879,1.9248,1.2195,2.9613,3.1856,2.6732,2.1138,1.9528,1.9298,1.9274,0,0.97
delaunay_n21,2097153,6291408,2.3809,3.8893,2.4398,5.9244,6.4179,5.5064,4.3157,3.9503,3.8956,3.8926,0,0.98
delaunay_n22,4194305,12582869,4.7548,7.7268,4.87,11.7978,12.7613,10.7502,8.4815,7.8305,7.7385,7.7283,0,0.98
denormal,89401,622812,0.1043,0.1571,0.1127,0.3393,0.2861,0.1583,0.1582,0.1578,0.1582,0.1578,0,0.93
dictionary28,52653,89038,0.0192,0.0289,0.0214,0.0533,0.0416,0.0368,0.0359,0.0359,0.0351,0.0342,0,0.9
dielFilterV2clx,607233,12958252,1.0319,1.6405,1.0404,2.1327,2.3817,2.3655,2.231,2.1285,2.0502,1.9705,0,0.99
dielFilterV2real,1157457,24848204,1.9713,3.1551,1.9871,4.0974,4.531,4.4779,4.2311,4.0178,3.8718,3.6896,0,0.99
dielFilterV3clx,420409,16653308,0.97,1.9821,0.9752,1.5398,1.7548,1.931,2.027,2.0888,2.1405,2.1568,0,0.99
Dubcova1,16130,134569,0.0126,0.0225,0.0147,0.0309,0.0343,0.0351,0.031,0.0294,0.0286,0.0261,0,0.86
Dubcova3,146690,1891669,0.2189,0.3082,0.2225,0.356,0.4871,0.4989,0.5044,0.5032,0.4373,0.4398,0,0.98
e40r0100,17282,553562,0.0301,0.0642,0.0327,0.0391,0.045,0.0525,0.0592,0.0646,0.0704,0.0713,0,0.92
EAT_RS,23220,325592,0.0476,0.0487,0.0502,0.0681,0.0566,0.0532,0.0522,0.0515,0.0507,0.0507,0,0.95
ecology1,1000001,2998000,1.1412,1.6829,1.142,3.6921,1.6824,1.6822,1.6825,1.6821,1.6823,1.6824,0,1.0
ecology2,1000000,2997995,1.1401,1.6825,1.1426,3.7053,1.6825,1.6822,1.6824,1.6826,1.6826,1.6821,0,1.0
email-Enron,36693,183831,0.0225,0.0379,0.0245,0.0498,0.0531,0.053,0.0514,0.0498,0.049,0.0482,0,0.92
Emilia_923,923137,20964171,1.3101,2.5054,1.3209,2.5106,2.9501,3.3901,3.3367,3.1481,2.7587,2.6586,0,0.99
engine,143572,2424822,0.238,0.3274,0.2441,0.4097,0.4674,0.4916,0.4923,0.4514,0.3483,0.3456,0,0.98
enron,69245,276143,0.037,0.0421,0.0392,0.0474,0.0474,0.0467,0.0476,0.0474,0.0483,0.0482,0,0.94
eu-2005,862665,19235140,1.4401,2.1453,1.4481,2.7942,2.9379,2.9566,2.9181,2.8808,2.8339,2.7674,0,0.99
ex11,16615,1096948,0.0379,0.1183,0.04,0.0416,0.045,0.0548,0.0662,0.0794,0.095,0.1088,0,0.95
ex19,12006,259879,0.0164,0.0323,0.0188,0.0262,0.031,0.031,0.0351,0.0352,0.0351,0.0351,0,0.87
F1,343792,13590452,0.8676,1.6672,0.8761,1.2724,1.4204,1.6393,1.6537,1.6474,1.6712,1.68,0,0.99
F2,71506,2682895,0.1262,0.3226,0.1289,0.1657,0.1869,0.2551,0.2709,0.2872,0.3018,0.3063,0,0.98
Fault_639,638803,14626683,0.8962,1.7578,0.9058,1.6829,1.9909,2.4007,2.4016,2.2568,2.0372,1.9523,0,0.99
fcondp2,201823,5748069,0.2844,0.7034,0.2905,0.456,0.5592,0.6493,0.7304,0.7866,0.8054,0.8266,0,0.98
fem_hifreq_circuit,491101,20239237,1.5711,2.3611,1.5832,2.1919,2.748,2.6911,2.7398,2.6601,2.6025,2.4447,0,0.99
filter3D,106438,1406808,0.1536,0.194,0.156,0.3243,0.3293,0.299,0.2145,0.2076,0.2056,0.2032,0,0.98
finance256,37377,167936,0.0219,0.0404,0.0245,0.0654,0.0539,0.0515,0.0483,0.0474,0.0458,0.0441,0,0.89
Flan_1565,1564795,59485419,2.4951,6.9182,2.5083,4.2034,4.8529,5.4877,6.2603,6.1696,6.6163,7.2271,0,0.99
flickr,820879,9837214,1.8897,1.9823,1.9155,2.5774,2.4941,2.3483,2.2324,2.1455,2.0759,2.0182,0,0.99
foldoc,13357,120238,0.0128,0.0191,0.0154,0.0277,0.0294,0.0302,0.0294,0.0269,0.022,0.0214,0,0.83
Freescale1,3428756,18920347,7.8516,9.9928,8.0638,13.0209,12.1181,10.1974,10.0494,10.0314,10.0181,10.0126,0,0.97
fullb,199188,5953632,0.3024,0.727,0.3134,0.4549,0.5791,0.6488,0.7435,0.778,0.7924,0.7925,0,0.96
FullChip,2987013,26621990,6.8305,10.1629,6.9111,12.833,15.8093,15.693,15.3065,14.8905,13.4663,11.9644,0,0.99
fxm4_6,18893,258368,0.0178,0.0347,0.0204,0.0325,0.0342,0.036,0.037,0.0367,0.0384,0.0384,0,0.87
G2_circuit,150103,438388,0.1747,0.2617,0.1772,0.5248,0.2599,0.2598,0.26,0.2603,0.2605,0.2608,0,0.99
G3_circuit,1585479,4623152,2.0451,3.0785,2.0486,5.55,3.0778,3.0779,3.0786,3.0783,3.0776,3.0779,0,1.0
Ga10As10H30,113082,3114357,0.2269,0.3611,0.2295,0.4522,0.4552,0.4656,0.4733,0.4767,0.4862,0.3903,0,0.99
Ga19As19H42,133124,4508981,0.3007,0.5521,0.3052,0.5424,0.5497,0.5656,0.5996,0.6222,0.6659,0.5495,0,0.99
Ga3As3H12,61350,3016148,0.1562,0.3618,0.16,0.2016,0.2115,0.2294,0.2509,0.2879,0.321,0.3253,0,0.98
Ga41As41H72,268097,9378286,0.6146,1.1291,0.6202,1.095,1.1079,1.152,1.214,1.2744,1.3728,1.1182,0,0.99
GaAsH6,61350,1721579,0.1118,0.2077,0.1149,0.1606,0.1633,0.1715,0.1826,0.1942,0.2142,0.2037,0,0.97
gas_sensor,66918,885141,0.062,0.1111,0.0657,0.108,0.1471,0.1167,0.1169,0.1161,0.1144,0.1145,0,0.94
Ge87H76,112986,4002590,0.2673,0.4919,0.2716,0.4665,0.4733,0.4936,0.5235,0.5608,0.5893,0.5008,0,0.98
Ge99H100,112986,4282190,0.2777,0.5133,0.2818,0.471,0.4776,0.5026,0.5433,0.5875,0.6144,0.5226,0,0.99
gearbox,153747,4617075,0.2369,0.546,0.2419,0.3778,0.4666,0.5473,0.5788,0.5825,0.6027,0.5948,0,0.98
Geo_1438,1437961,32297325,2.0122,3.8724,2.031,3.8378,4.5354,5.2998,5.2316,4.9126,4.1451,4.1754,0,0.99
gridgena,48963,280523,0.0217,0.0495,0.024,0.0616,0.0794,0.0752,0.0531,0.0531,0.0515,0.0515,0,0.9
gsm_106857,589447,11174185,3.1621,3.4492,3.1932,4.335,4.0774,3.8845,3.6607,3.545,3.4772,3.4526,0,0.99
gupta1,31803,1098006,0.0411,0.0634,0.0424,0.0686,0.0686,0.0679,0.0687,0.0703,0.0727,0.0769,0,0.97
gupta2,62065,2155175,0.0916,0.1431,0.0926,0.1442,0.1411,0.1427,0.1424,0.1467,0.1538,0.1658,0,0.99
gupta3,16784,4670105,0.1182,0.7907,0.1211,0.1335,0.1448,0.1573,0.1858,0.2317,0.2981,0.3447,0,0.98
gyro,17362,519260,0.0211,0.0602,0.0237,0.0334,0.0376,0.0457,0.0482,0.0515,0.0547,0.0572,0,0.89
gyro_k,17362,519260,0.0212,0.0602,0.0236,0.0334,0.0375,0.0466,0.049,0.0516,0.0547,0.0572,0,0.9
gyro_m,17362,178896,0.0187,0.0282,0.0212,0.0367,0.0343,0.0294,0.0293,0.0294,0.0293,0.0294,0,0.88
H2O,67025,1141880,0.1016,0.142,0.1042,0.1686,0.1709,0.1734,0.1751,0.1685,0.1726,0.1432,0,0.98
halfb,224618,6306219,0.3343,0.7594,0.3396,0.5417,0.6422,0.7463,0.8268,0.8648,0.8708,0.8627,0,0.98
Hamrle3,1447361,5514242,2.2287,3.2268,2.4364,5.5474,5.5509,5.0102,3.2274,3.2275,3.228,3.2273,0,0.91
hangGlider_4,15562,79088,0.0119,0.02,0.013,0.0261,0.0261,0.0261,0.0264,0.0269,0.0269,0.0269,0,0.92
hangGlider_5,16012,82070,0.0111,0.0192,0.0133,0.0264,0.027,0.0269,0.0277,0.0277,0.0277,0.0277,0,0.83
helm2d03,392258,1567096,0.4928,0.7748,0.5116,1.2736,1.3114,1.2121,0.9351,0.8383,0.7756,0.7755,0,0.96
helm3d01,32227,230335,0.0244,0.0405,0.0269,0.0629,0.0637,0.0605,0.0556,0.0515,0.049,0.0457,0,0.91
hi2010,25017,62063,0.0145,0.0208,0.0171,0.036,0.0252,0.0236,0.0236,0.0236,0.0221,0.0228,0,0.85
hollywood-2009,1139906,57515616,5.2121,6.8195,5.2069,6.3623,6.6444,7.0885,6.801,7.012,6.9003,6.9214,1,1.0
hood,220543,5494489,0.3003,0.7388,0.3091,0.5224,0.637,0.7169,0.7539,0.7587,0.75,0.7402,0,0.97
Hook_1498,1498024,31207734,2.0268,3.8206,2.0466,3.903,4.6332,5.6599,5.5578,5.1706,4.7522,4.6681,0,0.99
HTC_336_4438,226341,565431,0.3287,0.4682,0.3585,0.4727,0.4713,0.4736,0.4717,0.4686,0.466,0.4637,0,0.92
HTC_336_9129,226341,554881,0.3281,0.4677,0.3589,0.4754,0.4735,0.4733,0.4704,0.4668,0.4648,0.4624,0,0.91
hugetric-00000,5824555,8733523,7.1465,9.6491,7.2756,17.3987,9.6521,9.6499,9.6494,9.6499,9.6498,9.6497,0,0.98
human_gene1,22284,12345963,0.9838,1.4998,0.987,0.8855,1.0385,1.2041,1.3374,1.4356,1.4936,1.4978,2,1.11
human_gene2,14341,9041364,0.6122,1.0656,0.615,0.5627,0.6582,0.7755,0.8836,0.9723,1.0345,1.0668,2,1.09
HV15R,2017170,283073458,9.1647,28.4069,9.1563,9.8884,10.5273,12.2981,14.6013,18.9982,23.9398,25.8641,1,1.0
ibm_matrix_2,51449,1056610,0.0483,0.115,0.0498,0.0613,0.0769,0.1177,0.1211,0.1268,0.1171,0.1285,0,0.97
igbt3,10939,234006,0.0214,0.0292,0.0236,0.0302,0.0318,0.0311,0.0311,0.031,0.0311,0.0304,0,0.91
in-2004,1382909,16917053,1.6356,2.5128,1.6542,3.2963,3.4998,3.5232,3.4677,3.3943,3.3206,3.2277,0,0.99
inlet,11731,328323,0.0128,0.0364,0.0146,0.0244,0.0245,0.0269,0.0285,0.0302,0.0334,0.0384,0,0.88
inline_1,503713,18660027,0.9405,2.228,0.9506,1.5005,1.7285,2.1229,2.2185,2.3731,2.4811,2.5006,0,0.99
ins2,309413,1530448,0.7539,1.0674,0.8145,1.0082,1.1034,1.1026,1.1035,1.1049,1.1027,1.1033,0,0.93
italy_osm,6686494,7013978,6.5911,10.9022,7.4828,12.0229,10.9211,10.9014,10.9014,10.9019,10.9015,10.9015,0,0.88
jan99jac120sc,41375,260202,0.0252,0.0447,0.0277,0.0671,0.0686,0.0629,0.0587,0.0555,0.054,0.0524,0,0.91
juba40k,40338,144945,0.0182,0.0372,0.0204,0.0564,0.0514,0.044,0.0408,0.0408,0.0399,0.0383,0,0.89
k3plates,11108,378927,0.0131,0.0429,0.0147,0.0179,0.0187,0.0237,0.0261,0.0342,0.0359,0.0384,0,0.89
kim1,38416,933195,0.0367,0.1019,0.04,0.062,0.0712,0.0818,0.0919,0.1039,0.1047,0.1038,0,0.92
kkt_power,2063495,8130343,2.8785,4.3102,3.1059,4.5286,4.3329,4.315,4.3161,4.3111,4.3146,4.314,0,0.93
kron_g500-logn16,65537,2456398,0.3155,0.2806,0.3186,0.3378,0.3275,0.3152,0.3112,0.3093,0.3079,0.3074,9,0.91
kron_g500-logn17,131073,5114375,0.731,0.669,0.7344,0.7514,0.7057,0.6759,0.6723,0.6718,0.67,0.6701,9,1.0
kron_g500-logn18,262145,10583222,1.5653,1.4694,1.5702,1.6529,1.5342,1.4795,1.4698,1.4696,1.4684,1.4691,7,1.0
kron_g500-logn19,524289,21781478,3.3125,3.1691,3.3225,3.551,3.2722,3.1867,3.1816,3.1731,3.1671,3.174,7,1.0
kron_g500-logn20,1048577,44620272,6.9751,7.0176,6.9669,7.6207,6.6037,7.0566,7.0351,6.6371,6.7973,7.0262,3,1.06
laminar_duct3D,67174,3833077,0.1533,0.3973,0.1565,0.1649,0.1826,0.2048,0.2382,0.2855,0.35,0.3935,0,0.98
language,399131,1216334,0.6103,0.8153,0.6104,1.3407,0.964,0.9122,0.8834,0.8648,0.8523,0.8437,0,1.0
largebasis,440021,5560100,0.9974,1.262,1.006,1.9898,1.9374,1.9431,2.0126,1.2634,1.2634,1.2637,0,0.99
ldoor,952204,23737339,1.3876,3.2185,1.4076,2.475,2.9164,3.2778,3.4477,3.4217,3.3468,3.3018,0,0.99
lhr34,35153,764014,0.0306,0.0831,0.0333,0.0489,0.067,0.067,0.0933,0.0859,0.0859,0.0859,0,0.92
lhr34c,35153,764014,0.0306,0.0839,0.0335,0.0489,0.067,0.0743,0.1026,0.0941,0.0933,0.094,0,0.91
lhr71,70305,1528092,0.0855,0.1855,0.0944,0.1062,0.145,0.1458,0.2107,0.1877,0.1881,0.1877,0,0.91
lhr71c,70305,1528092,0.0855,0.1847,0.094,0.1066,0.1448,0.1458,0.2106,0.1881,0.188,0.1881,0,0.91
li,22696,1350309,0.0624,0.1528,0.0646,0.0711,0.0769,0.0949,0.1138,0.1326,0.1514,0.154,0,0.97
ljournal-2008,5363261,79023142,16.2924,19.2772,16.3995,25.522,24.5102,22.9111,21.7645,20.9021,20.2931,19.7595,0,0.99
Long_Coup_dt0,1470153,44279572,2.2449,5.4497,2.2469,4.2495,4.7941,5.0948,5.5874,5.8423,5.909,5.7392,0,1.0
Long_Coup_dt6,1470153,44279572,2.2449,5.4416,2.2471,4.2577,4.7928,5.0925,5.6444,5.8433,5.9035,5.614,0,1.0
lowThrust_10,18261,116074,0.0128,0.02,0.0146,0.0252,0.0252,0.0252,0.0261,0.026,0.026,0.0269,0,0.88
lowThrust_11,18369,117002,0.0129,0.02,0.0146,0.0252,0.0253,0.0253,0.026,0.026,0.0269,0.0269,0,0.88
lowThrust_12,18459,117423,0.0129,0.02,0.0146,0.0253,0.0252,0.0252,0.0261,0.0262,0.0269,0.0269,0,0.88
lowThrust_13,18477,117580,0.013,0.0199,0.0155,0.0253,0.0252,0.0252,0.0261,0.0261,0.0269,0.0268,0,0.84
lowThrust_4,13563,84240,0.0101,0.0151,0.0122,0.0203,0.0203,0.0203,0.0203,0.0211,0.0212,0.0212,0,0.83
lowThrust_5,16263,103701,0.0119,0.0176,0.0138,0.0228,0.0228,0.0228,0.0239,0.0236,0.0245,0.0244,0,0.86
lowThrust_6,16929,108376,0.0123,0.0191,0.0142,0.0231,0.0261,0.026,0.0269,0.0268,0.0269,0.0277,0,0.87
lowThrust_7,17379,110607,0.0136,0.0208,0.0155,0.0261,0.0261,0.0261,0.0268,0.0277,0.0277,0.0277,0,0.88
lowThrust_8,17703,113139,0.0139,0.0216,0.0155,0.0269,0.027,0.0269,0.0278,0.0277,0.0285,0.0286,0,0.9
lowThrust_9,18045,114806,0.0139,0.0217,0.0163,0.0269,0.0269,0.0277,0.0277,0.0285,0.0286,0.0286,0,0.85
lp1,534389,1088904,0.6099,0.8974,0.6119,1.4963,1.8047,1.6538,0.9297,0.9075,0.9043,0.9027,0,1.0
luxembourg_osm,114600,119666,0.1122,0.1826,0.128,0.1882,0.1847,0.1829,0.1829,0.1833,0.183,0.1828,0,0.88
m14b,214766,1679018,0.3036,0.4011,0.3084,0.6462,0.5301,0.4145,0.4054,0.4031,0.3956,0.4038,0,0.98
mario001,38435,114643,0.0189,0.0388,0.0213,0.0629,0.0555,0.0425,0.042,0.0401,0.0409,0.0408,0,0.89
mario002,389875,1167685,0.5937,0.857,0.6154,1.2466,1.1361,0.8793,0.8619,0.8582,0.857,0.8582,0,0.96
mark3jac040sc,18290,113435,0.0156,0.0224,0.0179,0.0358,0.0352,0.0327,0.0294,0.026,0.0245,0.0245,0,0.87
mark3jac060sc,27450,170695,0.0211,0.0323,0.0237,0.0522,0.0514,0.0474,0.0416,0.0359,0.0335,0.0343,0,0.89
me2010,69519,167738,0.0338,0.0544,0.0368,0.0915,0.0638,0.0588,0.0575,0.0571,0.0572,0.0564,0,0.92
memplus,17759,126150,0.0147,0.0241,0.0175,0.0322,0.0425,0.0367,0.0343,0.0327,0.0326,0.0303,0,0.84
mip1,66464,5209641,0.139,0.4451,0.1518,0.2313,0.2287,0.2249,0.2222,0.2219,0.222,0.2235,0,0.92
ML_Laplace,377003,27689972,0.9588,3.05,0.9551,1.2269,1.3577,1.5562,1.5522,2.1177,2.3129,2.8571,1,1.0
mouse_gene,45102,14506196,1.582,1.7347,1.5852,1.3865,1.5803,1.6702,1.7082,1.7415,1.74,1.7367,2,1.14
msc10848,10849,620313,0.0214,0.0724,0.0237,0.0286,0.0318,0.0359,0.04,0.0475,0.0531,0.058,0,0.9
msc23052,23053,588933,0.0229,0.0733,0.0252,0.0392,0.0441,0.0506,0.0556,0.0597,0.0638,0.0671,0,0.91
msdoor,415864,10328399,0.5922,1.3677,0.5997,1.0706,1.2653,1.4221,1.4818,1.4797,1.4697,1.4242,0,0.99
m_t1,97579,4925574,0.1843,0.5639,0.187,0.2352,0.2766,0.332,0.3867,0.4482,0.5234,0.5501,0,0.99
mult_dcop_01,25188,193276,0.0276,0.0454,0.031,0.0687,0.0687,0.0686,0.0686,0.0687,0.0654,0.0589,0,0.89
mult_dcop_02,25188,193276,0.0278,0.0454,0.0302,0.0687,0.0686,0.0686,0.0687,0.0679,0.0654,0.0588,0,0.92
mult_dcop_03,25188,193216,0.0275,0.0453,0.031,0.0687,0.0687,0.0686,0.0687,0.0678,0.0653,0.0588,0,0.89
NACA0015,1039184,3114818,1.8402,2.3996,1.8641,3.7343,2.4926,2.4076,2.4018,2.3982,2.3988,2.3985,0,0.99
nasasrb,54871,1366097,0.0485,0.1388,0.0509,0.0805,0.0925,0.1186,0.1211,0.1334,0.1498,0.1547,0,0.95
nd12k,36001,7128473,0.1673,0.7928,0.1702,0.1883,0.1957,0.2112,0.2378,0.2791,0.3361,0.4389,0,0.98
nd24k,72001,14393817,0.3543,1.6092,0.3564,0.3944,0.4182,0.4487,0.5017,0.5853,0.7026,0.9076,0,0.99
nd6k,18001,3457658,0.083,0.3813,0.085,0.0932,0.0982,0.1048,0.117,0.1358,0.162,0.2104,0,0.98
net100,29921,1031560,0.0628,0.1166,0.0653,0.0916,0.092,0.0924,0.0924,0.0924,0.0925,0.0949,0,0.96
net125,36721,1306960,0.08,0.1437,0.0826,0.1137,0.1121,0.1142,0.1146,0.1153,0.1162,0.1164,0,0.97
net150,43521,1582360,0.0917,0.1699,0.0949,0.1362,0.1358,0.1366,0.1366,0.1383,0.1383,0.1406,0,0.97
net4-1,88344,1265035,0.1612,0.1977,0.1649,0.2493,0.2077,0.2089,0.1994,0.1991,0.1987,0.1986,0,0.98
net50,16321,480760,0.0326,0.0585,0.0351,0.0473,0.0473,0.0482,0.0482,0.0482,0.0481,0.0499,0,0.93
net75,23121,756160,0.0493,0.0888,0.0523,0.0695,0.0695,0.0694,0.0703,0.0703,0.0703,0.072,0,0.94
netherlands_osm,2216689,2441238,2.2187,3.3113,2.3549,4.021,3.328,3.3129,3.3111,3.3122,3.3116,3.3126,0,0.94
nh2010,48838,117275,0.0219,0.035,0.0244,0.0588,0.0424,0.0383,0.0378,0.0375,0.0367,0.0368,0,0.9
NLR,4163764,12487976,7.8372,10.2309,7.9763,15.2252,10.7372,10.2566,10.2342,10.2331,10.231,10.2308,0,0.98
NotreDame_www,325730,929849,0.2481,0.3008,0.2535,0.4688,0.4486,0.4318,0.4156,0.4015,0.3896,0.3758,0,0.98
nv2010,84539,208499,0.0652,0.0703,0.073,0.1074,0.0778,0.0736,0.073,0.0728,0.0712,0.0714,0,0.92
ohne2,181344,11063545,0.7431,1.2785,0.7467,1.0227,1.1306,1.2422,1.2923,1.3108,1.2974,1.2867,0,1.0
oilpan,73753,1835470,0.0968,0.2265,0.1046,0.1387,0.1408,0.154,0.1696,0.1902,0.2118,0.23,0,0.93
olafu,16147,515651,0.0177,0.0601,0.0204,0.0294,0.0327,0.0383,0.0408,0.0482,0.0524,0.0614,0,0.87
onetone2,36058,227628,0.0228,0.0413,0.0253,0.0582,0.0638,0.0621,0.0564,0.0473,0.0432,0.0441,0,0.9
OPF_10000,43888,255799,0.0208,0.0511,0.0244,0.0621,0.0727,0.0793,0.0563,0.0563,0.0565,0.0564,0,0.85
opt1,15450,973052,0.0299,0.1068,0.0317,0.0376,0.0425,0.0514,0.0588,0.0711,0.0843,0.0909,0,0.94
p2p-Gnutella31,62587,147892,0.0309,0.0265,0.0334,0.0293,0.0285,0.0277,0.0285,0.0278,0.0277,0.0285,9,0.96
parabolic_fem,525826,2100225,1.0005,1.4156,1.0514,1.7472,1.7089,1.4153,1.4162,1.4148,1.4164,1.4145,0,0.95
patents,3774769,14970767,8.0902,9.2545,8.2064,9.7344,9.2814,9.2619,9.2613,9.2592,9.259,9.2582,0,0.99
pattern1,19243,4671337,0.5597,0.4894,0.6103,0.5335,0.5334,0.5332,0.5325,0.5439,0.543,0.5389,9,0.92
pcrystk02,13966,491274,0.0178,0.0552,0.0203,0.0278,0.0302,0.0342,0.0401,0.0424,0.049,0.0539,0,0.88
pcrystk03,24697,887937,0.0283,0.0995,0.031,0.0424,0.0474,0.0556,0.0679,0.0736,0.0843,0.0949,0,0.91
pct20stif,52330,1375396,0.0451,0.1626,0.049,0.0769,0.0892,0.1063,0.1153,0.131,0.1407,0.1514,0,0.92
pdb1HYS,36418,2190591,0.0559,0.242,0.0588,0.0728,0.0793,0.0974,0.1063,0.1268,0.144,0.1579,0,0.95
pds10,16559,83108,0.0145,0.0192,0.0167,0.0285,0.0277,0.0268,0.0236,0.0229,0.0219,0.0212,0,0.87
PFlow_742,742794,18940627,1.0113,2.5726,1.0403,1.911,2.1929,2.4805,2.7355,2.6641,2.7873,2.8619,0,0.97
pkustk01,22045,500712,0.02,0.0577,0.022,0.0351,0.0391,0.0449,0.0473,0.0507,0.0552,0.0556,0,0.91
pkustk02,10801,410400,0.016,0.0437,0.0179,0.0237,0.0252,0.0302,0.0302,0.0358,0.0376,0.0408,0,0.89
pkustk03,63337,1596876,0.0597,0.1733,0.0633,0.1008,0.1121,0.1361,0.1416,0.156,0.162,0.1745,0,0.94
pkustk04,55591,2137125,0.0816,0.255,0.0859,0.1154,0.1375,0.1711,0.1867,0.2038,0.228,0.2373,0,0.95
pkustk05,37165,1121154,0.0455,0.1314,0.0473,0.0671,0.0753,0.0932,0.0952,0.112,0.1196,0.1252,0,0.96
pkustk06,43165,1307466,0.0525,0.1527,0.0551,0.0772,0.0866,0.1047,0.108,0.1284,0.1383,0.1464,0,0.95
pkustk07,16861,1217832,0.048,0.1388,0.0507,0.058,0.0654,0.0859,0.0941,0.1096,0.122,0.1285,0,0.95
pkustk08,22210,1624440,0.065,0.1823,0.0679,0.0769,0.0883,0.1187,0.1285,0.1456,0.1647,0.1711,0,0.96
pkustk09,33961,808800,0.0331,0.0978,0.035,0.0546,0.0621,0.0703,0.0736,0.0825,0.0867,0.0916,0,0.95
pkustk10,80677,2194830,0.1212,0.2628,0.1229,0.1698,0.1839,0.2129,0.228,0.222,0.2243,0.2417,0,0.99
pkustk11,87805,2652858,0.1435,0.3177,0.1453,0.2038,0.223,0.2717,0.2918,0.2873,0.2945,0.3045,0,0.99
pkustk12,94654,3803485,0.1954,0.468,0.1984,0.2633,0.2985,0.4,0.429,0.4349,0.4642,0.4735,0,0.98
pkustk13,94894,3355860,0.1834,0.3986,0.1857,0.2499,0.2977,0.3662,0.378,0.3917,0.401,0.4037,0,0.99
pkustk14,151927,7494215,0.3212,0.8614,0.3244,0.4537,0.5373,0.6386,0.6917,0.7543,0.8279,0.8454,0,0.99
pli,22696,686502,0.0297,0.0798,0.0318,0.0482,0.0555,0.0596,0.0704,0.0809,0.0834,0.081,0,0.93
PR02R,161071,8185136,0.3237,1.0498,0.3242,0.5124,0.5477,0.5756,0.6659,0.7632,0.8794,1.0424,0,1.0
Pres_Poisson,14823,365313,0.0173,0.0437,0.0195,0.0293,0.0335,0.0367,0.0395,0.0424,0.045,0.0466,0,0.89
pwtk,217919,5926171,0.2944,0.6788,0.3003,0.446,0.5759,0.6515,0.7766,0.8144,0.8447,0.8518,0,0.98
qa8fk,66128,863353,0.0549,0.1079,0.0582,0.0936,0.1463,0.1126,0.1117,0.1116,0.1098,0.1102,0,0.94
qa8fm,66128,863353,0.0548,0.1079,0.0574,0.0937,0.146,0.1125,0.1122,0.1115,0.1099,0.1101,0,0.95
raefsky3,21201,1488768,0.0324,0.161,0.035,0.0441,0.0442,0.0442,0.0441,0.0441,0.0441,0.0785,0,0.93
raefsky4,19780,674195,0.0239,0.0774,0.026,0.0359,0.04,0.0457,0.0539,0.0589,0.0703,0.0744,0,0.92
rajat15,37262,443573,0.0403,0.0617,0.0425,0.0793,0.0818,0.0776,0.0753,0.0728,0.0719,0.0703,0,0.95
rajat22,39900,197264,0.0243,0.0438,0.0277,0.0572,0.0744,0.0736,0.0663,0.0581,0.0531,0.049,0,0.88
rajat26,51033,249302,0.0297,0.056,0.0334,0.0703,0.0949,0.0908,0.0776,0.0694,0.0638,0.0614,0,0.89
rajat29,643995,4866270,1.2454,1.8372,1.2595,2.6728,2.996,3.0279,3.0015,2.9666,2.7065,2.3145,0,0.99
rajat30,643995,6175377,1.3435,1.9282,1.3534,2.7788,3.1015,3.1559,3.1228,3.0062,2.7724,2.3229,0,0.99
ramage02,16831,1441591,0.0467,0.142,0.0482,0.0523,0.058,0.0678,0.085,0.099,0.1393,0.1457,0,0.97
Reuters911,13333,148038,0.0219,0.0233,0.0236,0.0367,0.031,0.0278,0.0272,0.0269,0.027,0.0269,0,0.93
rgg_n_2_15_s0,32769,160240,0.0239,0.0364,0.0264,0.0592,0.0417,0.0384,0.0376,0.0376,0.0376,0.0375,0,0.91
rgg_n_2_22_s0,4194305,30359198,5.519,7.5025,5.5838,8.7355,7.5229,7.5057,7.5042,7.504,7.5056,7.5039,0,0.99
ri2010,25182,62875,0.0136,0.0191,0.0155,0.0326,0.0236,0.0216,0.0219,0.0211,0.0213,0.0204,0,0.88
rim,22561,1014951,0.0351,0.106,0.0376,0.0408,0.0507,0.0613,0.0703,0.076,0.0835,0.09,0,0.93
RM07R,381690,37464962,1.3683,4.3119,1.373,1.6683,1.7805,2.0965,2.5924,3.9342,4.317,4.3204,0,1.0
rma10,46836,2374001,0.0661,0.2388,0.0678,0.0719,0.0793,0.1071,0.1317,0.1637,0.212,0.2301,0,0.97
roadNet-CA,1971282,2766607,2.1995,3.8286,2.2528,6.6004,4.7083,3.8725,3.8312,3.8306,3.8286,3.8284,0,0.98
roadNet-PA,1090921,1541898,1.2192,2.1357,1.2509,3.6735,2.6244,2.1644,2.1395,2.141,2.1376,2.1364,0,0.97
roadNet-TX,1393384,1921660,1.552,2.6786,1.5913,4.6212,3.2292,2.7064,2.6807,2.6802,2.6785,2.679,0,0.98
s3dkq4m2,90450,2455670,0.1251,0.2806,0.129,0.1794,0.1964,0.2349,0.2821,0.3238,0.3529,0.3595,0,0.97
s3dkt3m2,90450,1921955,0.1177,0.2271,0.1216,0.1768,0.1925,0.2195,0.2788,0.3203,0.3453,0.3046,0,0.97
s4dkt3m2,90450,1921955,0.1179,0.2268,0.1213,0.1764,0.1919,0.2193,0.2789,0.3197,0.3443,0.3044,0,0.97
Serena,1391350,32961525,2.276,4.0816,2.2846,4.0889,4.7438,5.6745,5.5534,5.203,4.823,4.8063,0,1.0
shermanACb,18511,145149,0.0183,0.0306,0.0204,0.0457,0.0441,0.0435,0.0433,0.0417,0.04,0.0384,0,0.9
ship_001,34921,2339575,0.0562,0.2405,0.0588,0.067,0.0842,0.0916,0.117,0.1252,0.1678,0.1719,0,0.96
ship_003,121729,4103881,0.1872,0.4833,0.192,0.2715,0.3592,0.3951,0.4382,0.4542,0.4928,0.4961,0,0.97
shipsec1,140875,3977139,0.2189,0.4707,0.2212,0.383,0.439,0.4962,0.5269,0.5043,0.4818,0.4775,0,0.99
shipsec5,179861,5146478,0.2704,0.6065,0.2749,0.4584,0.5747,0.6418,0.655,0.6494,0.6213,0.6204,0,0.98
shipsec8,114920,3384159,0.1726,0.4003,0.1757,0.2643,0.3258,0.3757,0.4032,0.4082,0.4137,0.409,0,0.98
Si10H16,17078,446500,0.0327,0.0544,0.035,0.0499,0.0506,0.0549,0.0597,0.0638,0.0671,0.0573,0,0.93
Si34H36,97570,2626974,0.2031,0.3263,0.2064,0.3908,0.3945,0.4021,0.4116,0.4089,0.4142,0.3408,0,0.98
Si41Ge41H72,185640,7598452,0.4596,0.9069,0.4635,0.7772,0.7912,0.8328,0.8929,0.9574,1.0335,0.8933,0,0.99
Si5H12,19897,379247,0.0333,0.0486,0.035,0.0523,0.053,0.0548,0.0565,0.0579,0.0605,0.0507,0,0.95
Si87H76,240370,5451000,0.4679,0.6757,0.4698,0.9406,0.9444,0.9561,0.9636,0.9691,0.9713,0.6781,0,1.0
sinc15,11533,568526,0.0527,0.0635,0.055,0.055,0.0556,0.0556,0.0555,0.0564,0.0564,0.0573,0,0.96
SiO,33402,675528,0.0526,0.0831,0.0548,0.0826,0.0834,0.0858,0.0908,0.0949,0.0991,0.09,0,0.96
SiO2,155332,5719417,0.349,0.7004,0.3515,0.6468,0.6586,0.6775,0.6914,0.7041,0.7246,0.5977,0,0.99
skirt,12599,104559,0.0098,0.0183,0.0122,0.0236,0.0277,0.0269,0.0244,0.0227,0.0211,0.0211,0,0.8
smallworld,100001,499998,0.1065,0.1637,0.1123,0.2679,0.2988,0.2976,0.2554,0.163,0.1641,0.164,0,0.95
sme3Dc,42931,3148656,0.3891,0.3626,0.3917,0.3491,0.3701,0.3675,0.3657,0.3652,0.3647,0.3652,2,1.04
smt,25711,1889447,0.0622,0.2076,0.0646,0.0728,0.0802,0.1055,0.117,0.1417,0.1612,0.1711,0,0.96
soc-LiveJournal1,4847572,68993773,22.2279,24.1014,22.4253,29.9575,29.1658,28.1419,27.224,26.4845,25.8422,25.2087,0,0.99
soc-sign-Slashdot090221,82145,549202,0.091,0.0781,0.0944,0.1044,0.0916,0.0859,0.0843,0.0834,0.0821,0.081,9,0.96
sparsine,50001,799494,0.1156,0.1036,0.1186,0.1097,0.1056,0.1063,0.1056,0.1055,0.1048,0.1047,9,0.99
srb1,54925,1508538,0.0484,0.1724,0.0506,0.0792,0.0859,0.1023,0.1104,0.1303,0.1342,0.1524,0,0.96
Stanford,281904,2312497,0.633,0.7352,0.6412,0.7352,0.7386,0.7386,0.7381,0.7374,0.7413,0.7387,0,0.99
std1_Jac2,21983,1248731,0.0586,0.1437,0.0615,0.0722,0.0793,0.086,0.0957,0.103,0.1156,0.1393,0,0.95
std1_Jac3,21983,1455848,0.0644,0.1642,0.0671,0.0777,0.0867,0.0924,0.1014,0.1121,0.1261,0.1427,0,0.96
stokes128,49667,295938,0.026,0.0552,0.0286,0.0587,0.0843,0.0564,0.0564,0.0564,0.0564,0.0564,0,0.91
stokes64,12547,74242,0.0089,0.0167,0.0114,0.0195,0.0236,0.018,0.0179,0.0179,0.0179,0.0179,0,0.78
struct3,53571,613632,0.0331,0.0773,0.0361,0.076,0.1031,0.1145,0.0981,0.0843,0.0785,0.0793,0,0.92
t2dah,11446,93781,0.0078,0.0166,0.0098,0.0178,0.0235,0.0253,0.0269,0.0261,0.0253,0.0187,0,0.8
t2dah_a,11446,93781,0.0077,0.0167,0.0098,0.0179,0.0236,0.0253,0.0269,0.026,0.0252,0.0195,0,0.79
t2dah_e,11446,93781,0.0077,0.0167,0.0098,0.0175,0.0237,0.0254,0.0269,0.026,0.0253,0.0188,0,0.79
t3dh,79172,2215638,0.1362,0.2699,0.1385,0.1859,0.2267,0.2801,0.2696,0.2695,0.2707,0.2733,0,0.98
t3dh_a,79172,2215638,0.1363,0.2702,0.138,0.1868,0.2265,0.28,0.2696,0.2695,0.2712,0.2733,0,0.99
t3dh_e,79172,2215638,0.1359,0.2698,0.1384,0.1864,0.2266,0.28,0.2698,0.2693,0.2708,0.2736,0,0.98
t3dl,20361,265113,0.0217,0.0347,0.0236,0.0416,0.0475,0.0384,0.0379,0.0376,0.0367,0.0368,0,0.92
t3dl_a,20361,265113,0.0215,0.0347,0.024,0.0411,0.0474,0.0384,0.0376,0.0376,0.0368,0.0367,0,0.9
tandem_vtx,18455,135902,0.0154,0.0249,0.018,0.0343,0.0367,0.0367,0.0335,0.0294,0.0276,0.0268,0,0.86
ted_A,10606,424587,0.017,0.0513,0.0195,0.022,0.0228,0.0277,0.0318,0.0424,0.0425,0.0515,0,0.87
ted_AB,10606,522387,0.0236,0.0618,0.026,0.0285,0.0294,0.0352,0.0425,0.0539,0.0541,0.0622,0,0.91
ted_AB_unscaled,10606,522387,0.0236,0.0626,0.0261,0.0285,0.0286,0.0352,0.0424,0.0532,0.0539,0.0621,0,0.9
ted_A_unscaled,10606,424587,0.0169,0.0512,0.0195,0.0228,0.0228,0.0277,0.032,0.0425,0.0426,0.0516,0,0.87
ted_B_unscaled,10606,77592,0.0077,0.0159,0.0102,0.0163,0.0188,0.0195,0.0179,0.0187,0.0187,0.0187,0,0.75
thread,29737,2249892,0.0678,0.2477,0.0703,0.0817,0.0892,0.1105,0.1244,0.1661,0.1956,0.2127,0,0.96
tmt_sym,726714,2903837,0.833,1.4766,0.8354,1.9093,2.6959,1.4847,1.4822,1.478,1.4779,1.4796,0,1.0
torso1,116159,8516500,0.2518,1.1413,0.2546,0.3446,0.3961,0.3519,0.3642,0.3745,0.3876,0.425,0,0.99
transient,178867,961790,0.3063,0.4315,0.312,0.5064,0.7031,0.6626,0.5738,0.5676,0.531,0.5293,0,0.98
trdheim,22099,978711,0.0249,0.1061,0.027,0.0383,0.0417,0.0482,0.0509,0.0587,0.0605,0.0751,0,0.92
Trefethen_20000,20001,287233,0.0291,0.0372,0.0313,0.0485,0.0482,0.049,0.0383,0.0384,0.0384,0.0383,0,0.93
Trefethen_20000b,20000,287217,0.0291,0.0371,0.031,0.049,0.0481,0.049,0.0383,0.0383,0.0383,0.0384,0,0.94
troll,213454,6099282,0.307,0.7116,0.3107,0.5043,0.6187,0.7151,0.7756,0.7881,0.7961,0.8074,0,0.99
TSOPF_FS_b162_c1,10799,305732,0.012,0.0273,0.0146,0.0195,0.0195,0.0204,0.0204,0.0203,0.0212,0.022,0,0.82
TSOPF_FS_b162_c3,30799,904612,0.0256,0.0732,0.0285,0.0425,0.0441,0.0449,0.0449,0.0467,0.0482,0.0506,0,0.9
TSOPF_FS_b162_c4,40799,1204322,0.0312,0.0953,0.0335,0.0531,0.0547,0.0556,0.0564,0.058,0.0605,0.0646,0,0.93
TSOPF_FS_b300,29215,2203949,0.0455,0.156,0.0475,0.0596,0.0606,0.0613,0.0621,0.0646,0.067,0.0696,0,0.96
TSOPF_FS_b300_c1,29215,2203949,0.0456,0.1559,0.048,0.0598,0.0605,0.0613,0.063,0.0646,0.0671,0.0695,0,0.95
TSOPF_FS_b300_c2,56815,4391071,0.0843,0.3051,0.0858,0.1089,0.1105,0.112,0.1146,0.1187,0.126,0.1293,0,0.98
TSOPF_FS_b300_c3,84415,6578753,0.1459,0.4528,0.1483,0.1783,0.1816,0.1851,0.187,0.1927,0.1987,0.2032,0,0.98
TSOPF_FS_b39_c19,76217,998359,0.0369,0.1067,0.0409,0.0825,0.0867,0.0909,0.0933,0.0973,0.1,0.1015,0,0.9
TSOPF_FS_b39_c30,120217,1575639,0.0871,0.1849,0.0895,0.1631,0.1665,0.1725,0.1769,0.183,0.187,0.1903,0,0.97
TSOPF_FS_b39_c7,28217,368599,0.0164,0.0412,0.0191,0.0347,0.035,0.0367,0.0368,0.0387,0.0401,0.0424,0,0.86
TSOPF_FS_b9_c6,14455,75801,0.0076,0.0142,0.0097,0.0203,0.0203,0.0212,0.022,0.022,0.022,0.0228,0,0.78
TSOPF_RS_b162_c3,15375,610299,0.0199,0.0544,0.0223,0.0351,0.0351,0.0351,0.0343,0.0343,0.035,0.0359,0,0.89
TSOPF_RS_b162_c4,20375,812749,0.0239,0.0707,0.0261,0.0424,0.0425,0.0432,0.0424,0.0432,0.0441,0.0449,0,0.92
TSOPF_RS_b2052_c1,25627,6761100,0.1231,0.6233,0.1245,0.1416,0.1426,0.1418,0.1424,0.1424,0.1446,0.1465,0,0.99
TSOPF_RS_b2383,38121,16171169,0.2983,1.6174,0.3009,0.3253,0.3211,0.3193,0.3192,0.3262,0.3286,0.331,0,0.99
TSOPF_RS_b2383_c1,38121,16171169,0.2982,1.617,0.3004,0.3257,0.3211,0.3183,0.319,0.3256,0.3285,0.331,0,0.99
TSOPF_RS_b300_c1,14539,1474325,0.0348,0.1126,0.0367,0.0474,0.0474,0.0474,0.0474,0.0482,0.049,0.0498,0,0.95
TSOPF_RS_b300_c2,28339,2943887,0.0645,0.2264,0.0662,0.0858,0.0851,0.0858,0.0861,0.0875,0.0899,0.0915,0,0.97
TSOPF_RS_b300_c3,42139,4413449,0.0915,0.3416,0.0933,0.1219,0.1219,0.1227,0.1244,0.127,0.1277,0.1308,0,0.98
TSOPF_RS_b39_c19,38099,684206,0.0274,0.0674,0.031,0.0628,0.0629,0.0638,0.0646,0.0637,0.0638,0.067,0,0.88
TSOPF_RS_b39_c30,60099,1079986,0.0421,0.107,0.0457,0.0965,0.0965,0.0973,0.0977,0.0982,0.0984,0.1014,0,0.92
TSOPF_RS_b39_c7,14099,252446,0.0127,0.0265,0.015,0.0272,0.0269,0.0285,0.0286,0.0286,0.0285,0.0294,0,0.85
TSOPF_RS_b678_c1,18697,4396289,0.0857,0.3714,0.0875,0.0975,0.0974,0.0972,0.0981,0.0998,0.0997,0.1022,0,0.98
TSOPF_RS_b678_c2,35697,8781949,0.1705,0.7482,0.1714,0.1885,0.1893,0.19,0.191,0.1946,0.1943,0.1982,0,0.99
tsyl201,20686,1237821,0.0416,0.1372,0.044,0.0522,0.0588,0.072,0.0801,0.0973,0.1162,0.1244,0,0.95
tube1,21499,459277,0.0153,0.052,0.0179,0.0294,0.0351,0.0375,0.0449,0.0473,0.0523,0.0531,0,0.85
tube2,21499,459277,0.0167,0.0511,0.0196,0.0294,0.0342,0.0383,0.0442,0.049,0.0555,0.0572,0,0.85
turon_m,189925,912345,0.255,0.3639,0.2653,0.5995,0.5805,0.6084,0.4646,0.4451,0.3713,0.3672,0,0.96
usroads,129165,165435,0.1383,0.2072,0.1462,0.2255,0.2088,0.208,0.2072,0.2075,0.2072,0.2073,0,0.95
usroads-48,126147,161950,0.1352,0.2026,0.1425,0.2198,0.204,0.2029,0.2028,0.2028,0.2032,0.2031,0,0.95
vanbody,47073,1191985,0.04,0.1363,0.0433,0.0695,0.0801,0.0932,0.1006,0.1105,0.1219,0.1268,0,0.92
venturiLevel3,4026820,8054237,4.751,7.0194,4.9091,12.9609,8.8956,7.0223,7.0199,7.0184,7.0196,7.0186,0,0.97
vibrobox,12329,177578,0.016,0.0232,0.0178,0.0285,0.0318,0.0277,0.0256,0.0253,0.0244,0.0244,0,0.9
viscorocks,37763,1162244,0.0371,0.1167,0.0393,0.0452,0.0449,0.0801,0.0851,0.0916,0.1089,0.1293,0,0.94
vsp_barth5_1Ksep_50in_5Kout,32213,101805,0.0203,0.029,0.0228,0.0326,0.0302,0.0301,0.031,0.0301,0.031,0.0302,0,0.89
vsp_bcsstk30_500sep_10in_1Kout,58349,2016578,0.2906,0.2462,0.2927,0.2543,0.2491,0.2474,0.248,0.2479,0.2479,0.2479,9,1.0
vsp_befref_fxm_2_4_air02,14110,98224,0.0106,0.0159,0.013,0.0269,0.0269,0.026,0.0253,0.0204,0.0187,0.0179,0,0.82
vsp_bump2_e18_aa01_model1_crew1,56439,300801,0.0367,0.0552,0.0392,0.0834,0.0802,0.0777,0.0654,0.0637,0.0596,0.0588,0,0.94
vsp_c-30_data_data,11024,62184,0.0065,0.0117,0.009,0.0179,0.0195,0.0187,0.0171,0.0163,0.0163,0.0162,0,0.72
vsp_c-60_data_cti_cs4,85831,241080,0.0311,0.0617,0.0343,0.0973,0.0777,0.076,0.0719,0.0712,0.0703,0.0695,0,0.91
vsp_finan512_scagr7-2c_rlfddd,139753,552020,0.1298,0.1867,0.1329,0.3541,0.2937,0.2837,0.26,0.2362,0.2076,0.186,0,0.98
vsp_mod2_pgp2_slptsk,101365,389368,0.0767,0.0883,0.0803,0.1357,0.1149,0.1027,0.0977,0.0954,0.0943,0.0935,0,0.96
vsp_model1_crew1_cr42_south31,45102,189976,0.0224,0.043,0.0253,0.0736,0.0687,0.0662,0.0654,0.0646,0.0629,0.0621,0,0.89
vsp_msc10848_300sep_100in_1Kout,21997,1221028,0.1711,0.1462,0.1729,0.1556,0.1498,0.149,0.1481,0.1481,0.1481,0.1481,9,0.99
vsp_p0291_seymourl_iiasa,10499,53868,0.0115,0.0127,0.0138,0.0195,0.0171,0.0163,0.0165,0.0162,0.0163,0.0163,0,0.83
vsp_sctap1-2b_and_seymourl,40175,140831,0.0264,0.0372,0.0288,0.0633,0.0425,0.0416,0.0417,0.0416,0.0408,0.04,0,0.92
vsp_south31_slptsk,39669,189914,0.024,0.0381,0.0261,0.0629,0.0637,0.0621,0.0605,0.0597,0.0588,0.058,0,0.92
vsp_vibrobox_scagr7-2c_rlfddd,77329,435586,0.0453,0.0863,0.0482,0.136,0.1368,0.1326,0.1306,0.1227,0.1104,0.0992,0,0.94
vt2010,32581,77799,0.0171,0.0268,0.0196,0.045,0.031,0.0302,0.0294,0.0288,0.0286,0.0285,0,0.87
wathen100,30402,251001,0.018,0.0404,0.0212,0.0375,0.0637,0.0539,0.0556,0.0417,0.0416,0.0417,0,0.85
wathen120,36442,301101,0.0208,0.0479,0.0245,0.0441,0.0753,0.0637,0.0655,0.0491,0.049,0.049,0,0.85
web-Google,916429,5105039,1.8706,2.082,1.9004,2.1378,2.0778,2.0811,2.0775,2.0772,2.078,2.0786,0,0.98
web-NotreDame,325730,1497134,0.3103,0.3852,0.3154,0.5591,0.5328,0.5144,0.4981,0.4836,0.471,0.4575,0,0.98
wikipedia-20051105,1634990,19753078,4.7545,5.3366,4.7983,6.581,5.7141,5.5063,5.4447,5.4176,5.399,5.3834,0,0.99
wikipedia-20060925,2983495,37269096,10.5395,11.5922,10.6079,13.8511,12.2049,11.8397,11.7283,11.6935,11.665,11.6496,0,0.99
wikipedia-20061104,3148441,39383235,11.2633,12.3969,11.3559,14.7322,13.0429,12.6659,12.5216,12.4731,12.4861,12.4629,0,0.99
wikipedia-20070206,3566908,45030389,13.193,14.4596,13.3016,17.0888,15.1939,14.7506,14.6158,14.5586,14.5302,14.508,0,0.99
wiki-Talk,2394386,5021410,2.3001,2.1782,2.3071,2.329,2.2804,2.2526,2.2402,2.2297,2.2247,2.2166,9,0.98
windscreen,22693,752541,0.0232,0.0789,0.0252,0.0361,0.04,0.0457,0.0572,0.0622,0.0705,0.0769,0,0.92
wing_nodal,10938,75488,0.0122,0.0143,0.0147,0.0187,0.0163,0.0163,0.0163,0.0155,0.0155,0.0154,0,0.83
wy2010,86205,213793,0.0767,0.0661,0.0835,0.1045,0.0729,0.0748,0.0749,0.0744,0.073,0.0731,9,0.91
x104,108385,5138004,0.1944,0.5836,0.1964,0.2815,0.3091,0.3675,0.3903,0.4592,0.4878,0.5287,0,0.99
Zd_Jac2,22836,1642833,0.0715,0.1838,0.0744,0.085,0.0941,0.103,0.1154,0.1286,0.1441,0.1735,0,0.96
Zd_Jac3,22836,1916152,0.0783,0.2085,0.081,0.0916,0.1019,0.1113,0.1219,0.136,0.1531,0.1678,0,0.97
Zd_Jac6,22836,1711983,0.0725,0.192,0.0753,0.0859,0.0949,0.1039,0.1121,0.126,0.1426,0.1556,0,0.96
