dataSet,num_nodes,num_edges,sddmm_tcu,sddmm_cuda,8,16,24,32,40,48,56,64,density,speedup
144,144650,1074393,0.1919,0.1673,0.264,0.2656,0.1595,0.158,0.1574,0.1581,0.1593,0.1587,40,1.06
2D_27628_bjtcai,27629,442898,0.0326,0.0523,0.034,0.0315,0.0314,0.0315,0.0331,0.0381,0.0389,0.0413,24,1.04
2D_54019_highK,54020,996414,0.0609,0.1211,0.061,0.056,0.0666,0.0675,0.0668,0.07,0.0716,0.0748,16,1.09
333SP,3712816,11108633,7.5019,4.0874,7.8907,7.6734,4.2286,4.0894,4.0877,4.0871,4.089,4.0866,64,1.0
3D_28984_Tetra,28985,599170,0.0426,0.0674,0.0438,0.0421,0.038,0.0371,0.0446,0.047,0.056,0.0576,32,1.15
3D_51448_3D,51449,1056610,0.0697,0.1185,0.0724,0.0692,0.0798,0.0798,0.079,0.0823,0.0913,0.0954,16,1.01
3Dspectralwave,680944,17165766,1.7631,2.3803,2.6796,2.7038,1.8515,1.7734,1.7913,1.9011,2.3237,2.3446,0,0.99
3Dspectralwave2,292009,7307376,0.705,0.9533,1.0536,1.1243,0.8056,0.7876,0.8057,0.8487,0.9955,1.034,0,0.9
3dtube,45331,1629474,0.0825,0.2897,0.0889,0.0864,0.0961,0.0946,0.0938,0.0986,0.1265,0.1331,0,0.95
598a,110972,741934,0.1436,0.1042,0.2018,0.1927,0.1035,0.1043,0.1043,0.1042,0.1043,0.1043,24,1.01
a0nsdsil,80017,200021,0.0499,0.0431,0.0512,0.0495,0.0429,0.043,0.043,0.043,0.0433,0.043,24,1.0
a2nnsnsl,80017,196115,0.0478,0.0428,0.0503,0.0487,0.043,0.043,0.0429,0.043,0.043,0.043,128,1.0
a5esindl,60009,145004,0.0384,0.0327,0.0389,0.0372,0.0331,0.0332,0.0323,0.0324,0.0323,0.0323,40,1.01
adaptive,6815745,13624320,8.3628,5.7928,8.7613,8.9049,5.797,5.7998,5.8006,5.7966,5.7979,5.7984,128,1.0
af_0_k101,503626,9027150,0.3356,1.1583,0.3937,0.47,0.4803,0.5669,0.5536,0.5987,0.7722,0.7733,0,0.85
af_1_k101,503626,9027150,0.3388,1.1583,0.3873,0.4741,0.4822,0.5667,0.5565,0.5978,0.771,0.7718,0,0.87
af_2_k101,503626,9027150,0.3396,1.1585,0.3718,0.4726,0.4836,0.5675,0.5538,0.5974,0.7722,0.7722,0,0.91
af_3_k101,503626,9027150,0.341,1.1583,0.4057,0.4699,0.4815,0.5623,0.5576,0.5991,0.7726,0.7723,0,0.84
af_4_k101,503626,9027150,0.3388,1.1586,0.394,0.4736,0.4816,0.5673,0.5556,0.5978,0.7764,0.7718,0,0.86
af_5_k101,503626,9027150,0.3393,1.1586,0.397,0.4775,0.4788,0.5614,0.5547,0.5992,0.7725,0.7729,0,0.85
af_shell1,504856,9046865,0.354,1.1501,0.3558,0.4754,0.4844,0.5498,0.5638,0.6059,0.7836,0.782,0,0.99
af_shell10,1508066,27090195,1.0038,3.391,1.124,1.3434,1.4422,1.6515,1.5979,1.7773,2.2496,2.3081,0,0.89
af_shell2,504856,9046865,0.3452,1.15,0.3977,0.4817,0.483,0.5493,0.5635,0.606,0.7813,0.7822,0,0.87
af_shell3,504856,9046865,0.3536,1.1503,0.3915,0.4819,0.4905,0.5496,0.5617,0.6073,0.7806,0.7821,0,0.9
af_shell4,504856,9046865,0.3539,1.1501,0.3844,0.4743,0.4907,0.5513,0.5614,0.6078,0.7807,0.7817,0,0.92
af_shell5,504856,9046865,0.3546,1.1502,0.3524,0.482,0.481,0.5552,0.5648,0.6091,0.7824,0.7833,8,1.01
af_shell6,504856,9046865,0.3543,1.1502,0.3844,0.4786,0.4914,0.5537,0.5629,0.6083,0.7804,0.7818,0,0.92
af_shell7,504856,9046865,0.3542,1.1498,0.3624,0.4785,0.4897,0.5495,0.5633,0.6047,0.7832,0.7828,0,0.98
af_shell8,504856,9046865,0.3538,1.1501,0.3527,0.4826,0.4906,0.5552,0.5626,0.6095,0.7801,0.7833,8,1.0
af_shell9,504856,9046865,0.354,1.15,0.3734,0.4743,0.4848,0.5496,0.5643,0.6068,0.7812,0.7826,0,0.95
ak2010,45293,108549,0.0298,0.0283,0.0274,0.0273,0.0285,0.0281,0.0281,0.0281,0.0281,0.028,16,1.04
Andrews,60001,410077,0.0828,0.0604,0.0913,0.1035,0.0601,0.0601,0.0601,0.0601,0.06,0.0601,56,1.01
AS365,3799276,11368076,10.7487,5.1293,12.0697,11.3316,5.2743,5.1314,5.1309,5.1303,5.1307,5.1325,128,1.0
as-caida,31380,106762,0.026,0.0265,0.0274,0.0257,0.0257,0.0265,0.0265,0.0265,0.0265,0.0265,16,1.01
ASIC_680k,682863,3871773,1.1737,1.1343,1.2234,1.24,1.1937,1.1658,1.1572,1.1392,1.1182,1.1122,64,1.02
as-Skitter,1696416,11095298,2.5072,2.1087,2.7904,2.7272,2.2377,2.1143,1.9565,1.9171,1.9002,1.8943,64,1.11
astro-ph,16707,121251,0.0183,0.0228,0.0191,0.0175,0.0183,0.0183,0.0182,0.0191,0.0191,0.019,16,1.05
audikw_1,943696,39297771,1.919,7.0792,2.5627,2.7927,2.9353,2.9224,2.9364,2.8381,3.1989,3.5395,0,0.75
auto,448696,3314611,0.6046,0.4772,0.802,0.8746,0.5426,0.5351,0.5336,0.5065,0.5019,0.5027,128,0.95
barrier2-1,113077,3805068,0.44,0.6247,0.605,0.6085,0.447,0.4397,0.494,0.5176,0.5694,0.5905,32,1.0
barrier2-10,115626,3897557,0.4501,0.6408,0.6378,0.6223,0.4516,0.447,0.5059,0.5304,0.5837,0.6046,32,1.01
barrier2-11,115626,3897557,0.4487,0.6407,0.6387,0.622,0.4534,0.4417,0.5053,0.5312,0.5838,0.6041,32,1.02
barrier2-12,115626,3897557,0.449,0.6407,0.6174,0.6195,0.4518,0.448,0.5062,0.5284,0.5838,0.6053,32,1.0
barrier2-2,113077,3805068,0.4399,0.6246,0.6061,0.6094,0.4405,0.4457,0.4958,0.5182,0.5692,0.5893,0,1.0
barrier2-3,113077,3805068,0.4398,0.6248,0.6055,0.6086,0.4406,0.4387,0.4942,0.5165,0.5689,0.5901,32,1.0
barrier2-4,113077,3805068,0.4399,0.6245,0.6249,0.6274,0.4399,0.4445,0.492,0.5186,0.5689,0.5893,0,1.0
barrier2-9,115626,3897557,0.4491,0.6408,0.6178,0.6223,0.4451,0.4419,0.5064,0.5308,0.5838,0.6048,32,1.02
bauru5727,40367,145019,0.026,0.0317,0.024,0.0217,0.0265,0.0282,0.0315,0.0314,0.0315,0.0315,16,1.2
bbmat,38745,1771722,0.0836,0.3187,0.1002,0.0994,0.1068,0.1051,0.1035,0.1035,0.1043,0.1043,0,0.84
bcsstk17,10975,219812,0.0155,0.0319,0.0167,0.0158,0.0166,0.0166,0.0166,0.0184,0.0192,0.0208,0,0.98
bcsstk18,11949,80519,0.0141,0.0157,0.0134,0.0126,0.0126,0.0126,0.0143,0.0151,0.0158,0.0159,16,1.12
bcsstk25,15440,133840,0.0157,0.0214,0.0159,0.0167,0.0142,0.0151,0.0143,0.016,0.0176,0.0192,24,1.11
bcsstk29,13993,316740,0.0205,0.0425,0.02,0.0208,0.0201,0.0208,0.0217,0.0225,0.0233,0.0241,8,1.02
bcsstk30,28925,1036208,0.0481,0.179,0.0553,0.052,0.0568,0.0577,0.0577,0.0601,0.0659,0.0676,0,0.92
bcsstk31,35589,608502,0.0399,0.0799,0.0364,0.0421,0.0454,0.0463,0.0462,0.047,0.0486,0.0528,8,1.1
bcsstk32,44610,1029655,0.0496,0.1316,0.0544,0.0519,0.0552,0.056,0.0576,0.0593,0.0609,0.0626,0,0.96
bcsstk35,30238,740200,0.0362,0.0975,0.0381,0.0357,0.0363,0.0372,0.0373,0.0381,0.0405,0.0422,16,1.01
bcsstk36,23053,583096,0.0284,0.0749,0.0298,0.0274,0.029,0.0298,0.0298,0.0307,0.0323,0.0339,16,1.04
bcsstk37,25504,583240,0.0289,0.0748,0.0315,0.0307,0.0299,0.0302,0.0315,0.0323,0.0331,0.035,0,0.97
bcsstk39,46773,1068033,0.0564,0.1268,0.0528,0.0635,0.0708,0.0708,0.0708,0.0716,0.0756,0.0889,8,1.07
bcsstm36,23053,166389,0.0159,0.0261,0.016,0.0159,0.0168,0.0176,0.0184,0.0192,0.0217,0.0233,0,1.0
belgium_osm,1441296,1549970,0.9203,0.9611,0.9828,0.9603,0.9603,0.9599,0.9599,0.9604,0.9615,0.9646,0,0.96
BenElechi1,245875,6698185,0.2294,0.7443,0.2875,0.3107,0.3521,0.3664,0.3723,0.3745,0.3697,0.3772,0,0.8
blockqp1,60013,340022,0.0468,0.0536,0.047,0.0495,0.0453,0.0454,0.0453,0.0454,0.0446,0.0454,56,1.05
bloweya,30005,80005,0.0239,0.0224,0.0233,0.02,0.0233,0.0216,0.0216,0.0216,0.0216,0.0216,16,1.12
bloweybl,30004,70001,0.0244,0.0221,0.0232,0.02,0.0241,0.0216,0.0217,0.0217,0.0215,0.0216,16,1.1
bmw3_2,227363,5757996,0.2646,0.8828,0.2834,0.2976,0.3171,0.3319,0.3537,0.3733,0.4015,0.4196,0,0.93
bmw7st_1,141348,3740507,0.1672,0.5728,0.1707,0.1754,0.1812,0.1884,0.198,0.2105,0.2311,0.2397,0,0.98
bmwcra_1,148771,5396386,0.2391,0.929,0.2875,0.3255,0.3243,0.3288,0.3352,0.3519,0.3868,0.4062,0,0.83
bone010,986704,36326514,1.5041,6.6929,2.2079,2.1272,2.271,2.2742,2.2143,2.3565,2.3156,2.3882,0,0.71
boneS01,127225,3421188,0.1467,0.5439,0.1783,0.2006,0.1957,0.2003,0.2193,0.2267,0.2337,0.2454,0,0.82
boneS10,914899,28191660,1.1948,4.7116,1.7982,1.8532,1.806,1.8659,1.8517,1.9261,1.957,2.0091,0,0.66
boyd1,93280,652246,0.0893,0.1702,0.0888,0.1027,0.1019,0.1019,0.1149,0.1141,0.133,0.1338,8,1.01
boyd2,466317,890091,0.5088,0.4179,0.5237,0.5249,0.4122,0.4117,0.4171,0.4178,0.4177,0.4179,32,1.02
brack2,62632,366559,0.048,0.0537,0.0496,0.0519,0.0471,0.0479,0.0487,0.0536,0.0536,0.0537,24,1.02
brainpc2,27608,96601,0.0157,0.0201,0.0168,0.0184,0.0184,0.0184,0.0183,0.0183,0.02,0.02,0,0.93
bratu3d,27793,88627,0.0217,0.0156,0.02,0.0192,0.016,0.0151,0.0159,0.0151,0.0159,0.0151,32,1.03
Bump_2911,2911420,65320659,3.2604,7.4082,4.4922,4.6744,4.8009,4.7111,4.7955,4.8526,4.9565,5.7813,0,0.73
bundle1,10582,390741,0.0189,0.0599,0.02,0.0191,0.0184,0.0216,0.0217,0.0216,0.0241,0.0257,24,1.03
bundle_adj,513352,10360701,0.4178,1.2664,0.5296,0.564,0.6188,0.6787,0.6941,0.7299,0.7856,0.8119,0,0.79
c-42,10472,60378,0.0132,0.0166,0.0134,0.0103,0.0151,0.0151,0.0151,0.016,0.0151,0.0153,16,1.28
c-43,11126,67400,0.0123,0.016,0.0119,0.0102,0.0151,0.015,0.0151,0.0151,0.0152,0.0151,16,1.21
c-45,13207,93829,0.0131,0.0159,0.011,0.0101,0.0159,0.0155,0.0159,0.0159,0.0159,0.0151,16,1.3
c-46,14914,72655,0.0123,0.0191,0.0119,0.0126,0.0167,0.0175,0.0167,0.0176,0.0176,0.0184,8,1.03
c-47,15344,113372,0.0259,0.0279,0.0274,0.0241,0.0266,0.0257,0.0266,0.0266,0.0265,0.0266,16,1.07
c-48,18355,92217,0.0217,0.0223,0.0209,0.0159,0.0207,0.0208,0.02,0.02,0.0208,0.0216,16,1.36
c-49,21133,89087,0.0221,0.0243,0.0217,0.0167,0.0216,0.0225,0.0224,0.0232,0.0233,0.0232,16,1.32
c-50,22402,108013,0.024,0.0267,0.0233,0.0184,0.0233,0.0232,0.0233,0.0225,0.0233,0.0241,16,1.3
c-51,23197,113123,0.0242,0.0269,0.0241,0.0193,0.0241,0.0233,0.0233,0.024,0.0249,0.0257,16,1.25
c-52,23949,113332,0.0243,0.0278,0.0233,0.0192,0.0242,0.0241,0.0233,0.025,0.0257,0.0257,16,1.27
c-53,30236,201224,0.0262,0.0344,0.0266,0.0241,0.0282,0.0291,0.029,0.0291,0.0282,0.0282,16,1.09
c-54,31794,211743,0.0304,0.0386,0.0307,0.0258,0.0306,0.0315,0.0311,0.0315,0.0315,0.0315,16,1.18
c-55,32781,218115,0.0367,0.0475,0.0389,0.0348,0.0372,0.0373,0.0381,0.038,0.0397,0.0397,16,1.05
c-56,35911,208405,0.0342,0.04,0.0339,0.0301,0.0339,0.0332,0.0331,0.034,0.0347,0.0347,16,1.14
c-57,37834,221515,0.0256,0.0381,0.0266,0.0307,0.0314,0.0324,0.0323,0.0323,0.0323,0.0323,0,0.96
c-58,37596,295076,0.0525,0.0628,0.0585,0.0577,0.0536,0.0528,0.0569,0.057,0.0585,0.0585,0,0.99
c-59,41283,260909,0.0432,0.0557,0.0454,0.043,0.044,0.0429,0.0437,0.044,0.0446,0.0454,32,1.01
c-60,43641,171109,0.0378,0.0401,0.0372,0.0322,0.0372,0.0364,0.0364,0.0373,0.038,0.0392,16,1.17
c-61,43619,176817,0.0376,0.0419,0.0372,0.0339,0.038,0.0372,0.0372,0.0372,0.0388,0.0397,16,1.11
c-62,41732,300537,0.0507,0.0623,0.0552,0.0511,0.0479,0.0486,0.0513,0.0512,0.0528,0.0528,24,1.06
c-62ghs,41732,300537,0.05,0.0625,0.0536,0.0511,0.0479,0.0479,0.0515,0.052,0.052,0.0528,24,1.04
c-63,44235,239469,0.0407,0.0503,0.0421,0.0381,0.0413,0.0413,0.0413,0.0413,0.0421,0.0429,16,1.07
c-64,51036,384438,0.0376,0.0531,0.0396,0.0454,0.0454,0.0446,0.0437,0.0438,0.0438,0.0454,0,0.95
c-64b,51036,384438,0.0375,0.053,0.0404,0.0446,0.0455,0.0446,0.0437,0.0438,0.0438,0.0445,0,0.93
c-65,48067,204297,0.0402,0.0458,0.0397,0.0364,0.0404,0.0405,0.0405,0.0413,0.0413,0.0429,16,1.1
c-66,49990,274498,0.0449,0.0535,0.0455,0.0421,0.0437,0.0437,0.0438,0.0438,0.0446,0.0454,16,1.07
c-66b,49990,274498,0.0452,0.0535,0.0454,0.0421,0.0438,0.0438,0.0438,0.0445,0.0446,0.0454,16,1.07
c-67b,57976,294955,0.0453,0.0531,0.0431,0.0413,0.0446,0.0437,0.0447,0.0454,0.0463,0.0462,16,1.1
c-68,64811,315408,0.0573,0.0653,0.0594,0.0577,0.0561,0.0569,0.0578,0.0586,0.0593,0.061,24,1.02
c-69,67459,345714,0.058,0.0687,0.0561,0.0568,0.0577,0.0578,0.0584,0.0577,0.0585,0.0602,8,1.03
c-70,68925,363955,0.0617,0.073,0.0626,0.0601,0.0594,0.0594,0.0618,0.0617,0.0626,0.065,24,1.04
c-71,76639,468096,0.0767,0.0924,0.0806,0.0773,0.0716,0.0724,0.0749,0.0765,0.0774,0.0782,24,1.07
c-73,169423,724348,0.1069,0.1521,0.1194,0.1686,0.1581,0.1586,0.1595,0.158,0.1555,0.1523,0,0.9
c-73b,169423,724348,0.1087,0.1529,0.1175,0.1645,0.1589,0.1578,0.1604,0.1612,0.1565,0.1523,0,0.93
ca-AstroPh,18773,198110,0.0459,0.0391,0.0503,0.0486,0.038,0.0388,0.0388,0.0389,0.0388,0.0389,24,1.03
ca-CondMat,23134,93497,0.0253,0.0223,0.0249,0.0249,0.0224,0.0224,0.0225,0.0225,0.0224,0.0225,128,1.0
cage14,1505786,27130349,4.1959,4.0621,6.0389,6.053,4.7318,4.6632,4.4125,4.0706,4.0606,4.0342,64,1.01
cage15,5154860,99199551,18.6518,17.1481,22.3166,23.1646,20.5827,19.645,18.5869,17.2684,17.1445,17.1461,56,1.0
ca-HepPh,12009,118521,0.0278,0.0268,0.0322,0.0298,0.0249,0.0257,0.0265,0.0265,0.0265,0.0265,24,1.08
caidaRouterLevel,192245,609066,0.1406,0.1082,0.1583,0.1572,0.1067,0.1076,0.1083,0.1083,0.1157,0.1159,24,1.01
cant,62452,2034917,0.0973,0.3609,0.1142,0.1314,0.1248,0.1257,0.1256,0.1272,0.1289,0.1478,0,0.85
case39,40217,526139,0.0294,0.1035,0.038,0.0347,0.0347,0.0346,0.0333,0.0339,0.0339,0.0339,0,0.88
case9,14455,75801,0.0087,0.0121,0.011,0.011,0.0093,0.0086,0.0093,0.0101,0.0101,0.0102,32,1.01
c-big,345242,1343126,0.3596,0.3794,0.3758,0.3875,0.4333,0.4296,0.4232,0.3991,0.3823,0.3794,0,0.96
cbuckle,13682,345098,0.0197,0.042,0.0192,0.0192,0.02,0.0208,0.0208,0.0175,0.0183,0.0183,48,1.13
ccc,49153,73728,0.0199,0.0267,0.0233,0.0257,0.0265,0.0266,0.0265,0.0265,0.0265,0.0265,0,0.85
cfd1,70657,949510,0.0839,0.114,0.0986,0.1101,0.1018,0.1019,0.1002,0.101,0.106,0.1093,0,0.85
Chebyshev4,68122,5377761,0.3312,0.9941,0.3935,0.4295,0.4819,0.4844,0.5434,0.5314,0.6335,0.6342,0,0.84
circuit_4,80210,307604,0.0596,0.0618,0.0601,0.0569,0.0446,0.0602,0.0618,0.0618,0.0618,0.0609,24,1.34
circuit5M,5558327,59524291,16.3571,17.0844,17.3635,17.3927,15.9244,15.842,17.1618,17.161,17.1941,17.1989,32,1.03
circuit5M_dc,3523318,19194193,6.6716,5.2721,6.2156,6.5422,6.5072,6.0037,5.3386,5.2706,5.2731,5.2718,48,1.0
citationCiteseer,268496,1156647,0.3045,0.2176,0.3221,0.3269,0.2173,0.2177,0.2293,0.2294,0.2295,0.2296,24,1.0
cit-Patents,3774769,16518948,17.6299,7.3998,20.0859,18.9044,7.4765,7.4281,7.4011,7.4025,7.403,7.4028,128,1.0
ckt11752_dc_1,49703,333029,0.0412,0.0446,0.038,0.0404,0.0364,0.0371,0.0396,0.0421,0.042,0.0429,24,1.13
ckt11752_tr_0,49703,333029,0.0415,0.0446,0.0389,0.0404,0.0363,0.0373,0.0404,0.0421,0.0421,0.0421,24,1.14
cnr-2000,325558,3216152,0.2695,0.5795,0.3129,0.3278,0.333,0.3323,0.3326,0.3314,0.3333,0.334,0,0.86
CO,221120,3943588,0.4852,0.4872,0.5992,0.7269,0.4507,0.4517,0.4533,0.4603,0.4696,0.4886,24,1.08
coAuthorsCiteseer,227321,814134,0.1312,0.172,0.1374,0.1449,0.148,0.1512,0.1538,0.1551,0.1572,0.158,0,0.95
coAuthorsDBLP,299068,977676,0.1878,0.2267,0.2046,0.2121,0.2198,0.2186,0.2187,0.2195,0.2243,0.2214,0,0.92
cond-mat-2003,31164,120029,0.0228,0.0227,0.0232,0.0224,0.0207,0.0208,0.0224,0.0233,0.0231,0.0232,24,1.1
cond-mat-2005,40422,175693,0.0305,0.0302,0.0322,0.033,0.0273,0.0273,0.0289,0.0298,0.0306,0.0306,24,1.11
conf5_4-8x8-05,49153,1916928,0.117,0.4097,0.1486,0.174,0.1707,0.1707,0.1772,0.1757,0.2322,0.2321,0,0.79
conf5_4-8x8-10,49153,1916928,0.1173,0.4099,0.1486,0.174,0.1707,0.1707,0.1772,0.1755,0.2321,0.2313,0,0.79
conf5_4-8x8-15,49153,1916928,0.1173,0.4099,0.1486,0.174,0.1658,0.1714,0.1772,0.1789,0.2321,0.2313,0,0.79
conf5_4-8x8-20,49153,1916928,0.1175,0.4097,0.1486,0.1698,0.1707,0.1707,0.1772,0.1781,0.2305,0.2312,0,0.79
conf6_0-8x8-20,49153,1916928,0.1171,0.4099,0.1485,0.1731,0.1707,0.1706,0.1772,0.1756,0.2321,0.2313,0,0.79
conf6_0-8x8-30,49153,1916928,0.1174,0.4097,0.1485,0.1633,0.1707,0.1707,0.1772,0.1789,0.2305,0.2313,0,0.79
conf6_0-8x8-80,49153,1916928,0.1171,0.4096,0.1486,0.1748,0.1707,0.1657,0.1731,0.1756,0.2321,0.2313,0,0.79
consph,83335,3046907,0.137,0.6008,0.1611,0.1902,0.1796,0.1803,0.1753,0.1853,0.1861,0.1952,0,0.85
cont-201,80596,239596,0.0397,0.0489,0.0396,0.0584,0.0585,0.0494,0.0486,0.0486,0.0494,0.0487,8,1.0
cont-300,180896,539396,0.1085,0.106,0.1065,0.1653,0.1717,0.1058,0.1059,0.1059,0.1059,0.1058,32,1.0
coPapersCiteseer,434103,16036720,0.7389,3.0511,0.8972,0.9355,0.9312,0.9339,0.974,0.9931,1.0613,1.0978,0,0.82
coPapersDBLP,540487,15245729,0.8653,2.738,1.0624,1.0779,1.0416,1.0221,1.0588,1.0764,1.143,1.1657,0,0.85
copter1,17223,114143,0.0223,0.0163,0.019,0.0191,0.0133,0.0133,0.0166,0.0166,0.0166,0.0166,24,1.23
CoupCons3D,416801,22322336,0.9577,4.0855,1.4019,1.5599,1.513,1.4751,1.4954,1.4959,1.5791,1.6664,0,0.68
crankseg_1,52805,5333507,0.2116,1.117,0.2772,0.2755,0.3092,0.3197,0.3435,0.3496,0.4335,0.4434,0,0.77
crankseg_2,63839,7106348,0.3016,1.5111,0.3697,0.4418,0.4386,0.4399,0.4671,0.4704,0.595,0.6096,0,0.82
crplat2,18011,489478,0.0253,0.0698,0.0248,0.0243,0.0215,0.0223,0.0224,0.0232,0.0256,0.0257,24,1.18
crystk02,13966,491274,0.0276,0.0964,0.0298,0.0265,0.0257,0.0256,0.0265,0.0273,0.0289,0.0297,32,1.08
crystk03,24697,887937,0.0422,0.1705,0.0486,0.0469,0.0453,0.0478,0.0494,0.0511,0.0519,0.0527,0,0.93
crystm02,13966,168435,0.0264,0.0244,0.024,0.0257,0.0207,0.0207,0.0233,0.0248,0.024,0.0241,24,1.18
crystm03,24697,304233,0.039,0.0404,0.0413,0.0412,0.038,0.0387,0.038,0.0405,0.0404,0.0404,24,1.03
ct2010,67579,168176,0.0384,0.036,0.0429,0.0445,0.0363,0.0363,0.0364,0.0364,0.0364,0.0363,128,0.99
ct20stif,52330,1375396,0.0633,0.2043,0.0682,0.065,0.0683,0.0707,0.0724,0.0764,0.0813,0.0855,0,0.97
Cube_Coup_dt0,2164761,64685452,2.808,8.3207,4.2934,4.5669,4.3931,4.554,4.2048,4.4073,4.4445,4.6202,0,0.67
Cube_Coup_dt6,2164761,64685452,2.8019,8.3248,4.6252,4.6725,4.3919,4.3459,4.5446,4.2692,4.3881,4.6186,0,0.66
CurlCurl_0,11084,62213,0.0092,0.0103,0.0085,0.0077,0.0076,0.0076,0.0093,0.011,0.0109,0.011,24,1.21
CurlCurl_4,2380516,14448191,1.442,2.2484,1.734,2.3536,2.3485,2.3464,2.6484,2.3576,2.2495,2.2499,0,0.83
cvxqp3,17501,69981,0.017,0.0137,0.0183,0.0183,0.0133,0.0134,0.0134,0.0134,0.0134,0.0134,24,1.03
cyl6,13682,363961,0.0192,0.0404,0.0183,0.0182,0.0183,0.0199,0.0199,0.0167,0.0167,0.0174,48,1.15
darcy003,389875,1167685,0.5365,0.3692,0.6044,0.6096,0.3861,0.3779,0.3775,0.379,0.3777,0.3779,128,0.98
dawson5,51538,531157,0.0492,0.066,0.0527,0.056,0.0535,0.0535,0.0535,0.0527,0.0551,0.0593,0,0.93
dblp-2010,326187,807700,0.2155,0.2168,0.1966,0.2015,0.2097,0.2063,0.2045,0.2052,0.2063,0.2076,8,1.1
dc3,116836,766396,0.0971,0.1183,0.1107,0.114,0.1124,0.1083,0.114,0.1148,0.1166,0.1173,0,0.9
de2010,24116,58028,0.0167,0.0195,0.0183,0.0159,0.0191,0.0192,0.0191,0.0192,0.0191,0.0192,16,1.05
debr,1048577,2097149,1.4089,1.0163,1.6187,1.5489,1.0155,1.0154,1.0158,1.0274,1.032,1.033,32,1.0
delaunay_n15,32769,98274,0.0178,0.0182,0.0142,0.0134,0.0142,0.0184,0.0191,0.0191,0.0191,0.0191,16,1.33
delaunay_n16,65537,196575,0.0301,0.0343,0.0273,0.0281,0.0289,0.033,0.0346,0.0339,0.0338,0.0346,8,1.1
delaunay_n17,131073,393176,0.0542,0.0654,0.0563,0.0572,0.0587,0.064,0.0698,0.0698,0.0698,0.0698,0,0.96
delaunay_n18,262145,786396,0.1654,0.1978,0.2031,0.2082,0.2348,0.2021,0.1981,0.1984,0.1985,0.1985,0,0.83
delaunay_n19,524289,1572823,0.3697,0.4011,0.4521,0.4618,0.499,0.4219,0.4022,0.4022,0.4038,0.403,0,0.92
delaunay_n20,1048577,3145686,0.7662,0.7795,0.9712,0.9603,1.0735,0.8619,0.7809,0.7811,0.7803,0.7813,0,0.98
delaunay_n21,2097153,6291408,1.7906,1.5631,1.9499,1.8967,2.0614,1.7007,1.6131,1.6138,1.6128,1.6073,128,0.97
delaunay_n22,4194305,12582869,4.3011,3.1202,3.9196,3.9198,4.3309,3.4908,3.1209,3.1203,3.1202,3.1209,128,1.0
denormal,89401,622812,0.0558,0.0686,0.0568,0.0748,0.0748,0.074,0.074,0.0683,0.069,0.0691,0,0.98
dictionary28,52653,89038,0.0233,0.0194,0.0215,0.0207,0.0191,0.0199,0.0199,0.0199,0.0199,0.0199,24,1.02
dielFilterV2clx,607233,12958252,1.059,1.7333,1.3357,1.3906,1.2642,1.3328,1.3162,1.4051,1.5111,1.6412,0,0.84
dielFilterV2real,1157457,24848204,2.0642,3.1412,2.9828,2.8917,2.5536,2.6008,2.5603,2.8135,3.0489,3.1953,0,0.81
dielFilterV3clx,420409,16653308,1.0435,2.9239,1.4757,1.506,1.3181,1.4325,1.4374,1.4467,1.5928,1.6645,0,0.79
Dubcova1,16130,134569,0.0168,0.0186,0.0159,0.0183,0.0151,0.0148,0.015,0.015,0.0158,0.0183,32,1.14
Dubcova3,146690,1891669,0.1117,0.2503,0.1366,0.1622,0.1708,0.182,0.1818,0.1804,0.1796,0.1802,0,0.82
e40r0100,17282,553562,0.0437,0.0948,0.0495,0.0461,0.042,0.0413,0.0436,0.0461,0.0503,0.0543,32,1.06
EAT_RS,23220,325592,0.0636,0.0663,0.074,0.07,0.0633,0.0642,0.0658,0.0659,0.0666,0.0658,24,1.0
ecology1,1000001,2998000,0.5924,0.8093,0.666,0.6674,0.7807,0.7822,0.7792,0.7791,0.7829,0.809,0,0.89
ecology2,1000000,2997995,0.5931,0.7818,0.667,0.6671,0.7789,0.7819,0.7799,0.7803,0.7824,0.8071,0,0.89
email-Enron,36693,183831,0.0303,0.0319,0.033,0.0355,0.0289,0.0273,0.0289,0.0298,0.0305,0.0315,32,1.11
Emilia_923,923137,20964171,1.1571,2.3929,1.596,1.7282,1.7255,1.7198,1.6726,1.8527,1.8917,2.0595,0,0.72
engine,143572,2424822,0.1692,0.3599,0.182,0.2002,0.1982,0.2077,0.2261,0.2594,0.3388,0.3478,0,0.93
enron,69245,276143,0.0477,0.063,0.0511,0.0494,0.0478,0.0486,0.0527,0.0535,0.056,0.0568,0,1.0
eu-2005,862665,19235140,1.3373,2.9503,1.7358,1.7465,1.5074,1.5735,1.5471,1.5644,1.5974,1.6182,0,0.89
ex11,16615,1096948,0.0486,0.2269,0.0593,0.0544,0.0625,0.0633,0.0617,0.0625,0.0666,0.0683,0,0.89
ex19,12006,259879,0.0271,0.038,0.0274,0.0257,0.0223,0.0232,0.0265,0.0265,0.0273,0.0331,24,1.22
F1,343792,13590452,0.7714,2.5002,0.9012,0.9814,1.0016,1.0182,1.1015,1.141,1.3701,1.4282,0,0.86
F2,71506,2682895,0.1479,0.4775,0.1731,0.1994,0.1879,0.1887,0.2043,0.2067,0.2534,0.2649,0,0.85
Fault_639,638803,14626683,0.7648,1.7908,0.9971,1.1571,1.0826,1.0858,1.0936,1.1959,1.2449,1.365,0,0.77
fcondp2,201823,5748069,0.2091,0.869,0.2742,0.3169,0.3222,0.3212,0.341,0.344,0.3585,0.3815,0,0.76
fem_hifreq_circuit,491101,20239237,1.56,3.9023,2.2226,2.1832,2.0665,2.1227,2.2288,2.4581,2.828,2.9983,0,0.75
filter3D,106438,1406808,0.1504,0.1613,0.173,0.1967,0.1411,0.137,0.1361,0.1378,0.1485,0.156,40,1.11
finance256,37377,167936,0.0267,0.0268,0.0241,0.0289,0.0273,0.0265,0.0264,0.0289,0.0289,0.0289,8,1.11
Flan_1565,1564795,59485419,2.5192,10.6363,3.4675,3.5391,3.4637,3.5604,3.5394,3.8572,3.8175,3.8686,0,0.73
flickr,820879,9837214,2.34,2.0635,3.0545,2.8665,2.0136,1.9869,2.1661,2.1699,2.0592,2.0601,32,1.04
foldoc,13357,120238,0.0178,0.0202,0.0191,0.0182,0.0167,0.0168,0.0167,0.0175,0.0199,0.0199,24,1.07
Freescale1,3428756,18920347,7.8827,6.4075,7.9337,8.1438,7.0724,6.6771,6.4088,6.4067,6.4052,6.4084,56,1.0
fullb,199188,5953632,0.2089,0.8881,0.2717,0.3095,0.3057,0.3253,0.326,0.3372,0.3531,0.3709,0,0.77
FullChip,2987013,26621990,6.3778,6.7612,6.9865,7.7036,7.4914,7.3401,7.5981,7.3679,6.8266,6.7626,0,0.94
fxm4_6,18893,258368,0.0251,0.0386,0.0264,0.0257,0.0248,0.0257,0.0256,0.0264,0.0272,0.0273,24,1.01
G2_circuit,150103,438388,0.076,0.1144,0.0656,0.0687,0.1156,0.1155,0.1148,0.1153,0.1156,0.1153,8,1.16
G3_circuit,1585479,4623152,1.0841,1.2937,1.1846,1.2288,1.2937,1.2939,1.2947,1.2938,1.295,1.2964,0,0.92
Ga10As10H30,113082,3114357,0.281,0.4498,0.326,0.3704,0.253,0.2526,0.2584,0.2788,0.2987,0.3335,32,1.11
Ga19As19H42,133124,4508981,0.3896,0.7523,0.4667,0.5534,0.3828,0.3809,0.3967,0.3998,0.4351,0.4659,32,1.02
Ga3As3H12,61350,3016148,0.2203,0.5594,0.26,0.3002,0.219,0.2157,0.2296,0.2313,0.2599,0.2755,32,1.02
Ga41As41H72,268097,9378286,0.791,1.5636,1.0925,1.1694,0.7911,0.7962,0.8256,0.8299,0.9224,0.9657,0,1.0
GaAsH6,61350,1721579,0.1631,0.2712,0.1887,0.2084,0.1444,0.1437,0.1461,0.147,0.16,0.1723,32,1.14
gas_sensor,66918,885141,0.0816,0.1059,0.092,0.1011,0.0978,0.0969,0.0945,0.0945,0.1043,0.1051,0,0.89
Ge87H76,112986,4002590,0.3467,0.6808,0.431,0.4919,0.3398,0.3359,0.3549,0.3578,0.4038,0.4266,32,1.03
Ge99H100,112986,4282190,0.3578,0.7434,0.4832,0.4998,0.3573,0.3599,0.3772,0.3808,0.4341,0.4522,24,1.0
gearbox,153747,4617075,0.2175,0.7276,0.2875,0.3038,0.3153,0.3115,0.3199,0.3399,0.3645,0.3785,0,0.76
Geo_1438,1437961,32297325,1.7174,3.6768,2.3634,2.6103,2.7283,2.6506,2.6041,2.7904,2.8413,3.253,0,0.73
gridgena,48963,280523,0.0298,0.036,0.0264,0.0265,0.0265,0.0265,0.0282,0.0339,0.0355,0.0355,8,1.13
gsm_106857,589447,11174185,4.1974,2.8035,4.5539,4.6158,3.3019,3.225,2.9802,2.8918,2.8095,2.7808,64,1.01
gupta1,31803,1098006,0.0728,0.1776,0.0945,0.1051,0.0929,0.0895,0.083,0.0846,0.0822,0.0846,0,0.89
gupta2,62065,2155175,0.1344,0.3421,0.1748,0.2239,0.1747,0.165,0.1748,0.1674,0.1674,0.1723,0,0.81
gupta3,16784,4670105,0.1473,1.0567,0.1862,0.1641,0.2127,0.2111,0.2264,0.2216,0.2403,0.2477,0,0.9
gyro,17362,519260,0.0309,0.0854,0.0347,0.0298,0.0347,0.0347,0.0346,0.0355,0.0429,0.0446,16,1.04
gyro_k,17362,519260,0.03,0.0855,0.0347,0.0347,0.0338,0.0355,0.0347,0.0355,0.0429,0.0445,0,0.89
gyro_m,17362,178896,0.0278,0.0273,0.0314,0.0298,0.0224,0.0233,0.0241,0.0264,0.0273,0.0273,24,1.22
H2O,67025,1141880,0.1514,0.1386,0.1797,0.2083,0.1125,0.1124,0.1117,0.1142,0.1182,0.1387,40,1.24
halfb,224618,6306219,0.2417,0.9345,0.3059,0.3064,0.325,0.3396,0.3484,0.3585,0.3759,0.3966,0,0.79
Hamrle3,1447361,5514242,3.0416,1.7989,3.8318,3.8133,2.4476,2.4487,1.7998,1.7994,1.7996,1.7997,128,1.0
hangGlider_4,15562,79088,0.0167,0.0152,0.015,0.015,0.0166,0.0158,0.0157,0.0159,0.0159,0.015,8,1.01
hangGlider_5,16012,82070,0.0167,0.0155,0.0167,0.0159,0.0166,0.0167,0.0166,0.0159,0.0167,0.0158,128,0.98
helm2d03,392258,1567096,0.2787,0.3594,0.3118,0.4761,0.4828,0.5304,0.3745,0.3738,0.3733,0.3733,0,0.89
helm3d01,32227,230335,0.0334,0.0332,0.0363,0.0372,0.0314,0.0306,0.0305,0.0323,0.033,0.033,40,1.09
hi2010,25017,62063,0.017,0.0194,0.0183,0.0167,0.0191,0.0191,0.0191,0.0192,0.0191,0.0192,16,1.02
hollywood-2009,1139906,57515616,6.281,11.2744,8.5812,8.4992,6.9139,7.0929,7.4378,7.7638,7.8762,7.9372,0,0.91
hood,220543,5494489,0.2072,0.8232,0.2898,0.3175,0.3278,0.3426,0.3476,0.3538,0.3716,0.3847,0,0.71
Hook_1498,1498024,31207734,1.6052,3.6542,2.1195,2.3549,2.4699,2.4986,2.5928,2.618,2.8498,3.1091,0,0.76
HTC_336_4438,226341,565431,0.176,0.2037,0.1849,0.2192,0.2055,0.2039,0.2038,0.2088,0.2078,0.2085,0,0.95
HTC_336_9129,226341,554881,0.1731,0.2081,0.1845,0.2217,0.2102,0.2078,0.2085,0.2071,0.2071,0.2077,0,0.94
hugetric-00000,5824555,8733523,6.2386,4.3824,7.8814,6.8908,4.387,4.3895,4.3852,4.3844,4.3863,4.3856,128,1.0
human_gene1,22284,12345963,1.2442,2.6439,1.6109,1.5638,1.7173,1.7201,1.9754,1.9837,2.2668,2.2739,0,0.8
human_gene2,14341,9041364,0.8276,2.0771,0.8227,1.0504,1.1176,1.1193,1.2855,1.2905,1.5083,1.5108,8,1.01
HV15R,2017170,283073458,10.7203,55.9204,15.34,16.2411,15.3982,14.8227,16.0146,15.7038,17.9497,17.8593,0,0.72
ibm_matrix_2,51449,1056610,0.0701,0.1182,0.0716,0.0691,0.0797,0.0797,0.0797,0.0814,0.0912,0.0953,16,1.01
igbt3,10939,234006,0.0292,0.029,0.0322,0.0314,0.024,0.0248,0.0264,0.0272,0.0289,0.0288,24,1.21
in-2004,1382909,16917053,1.194,2.746,1.3101,1.3893,1.4955,1.4991,1.4989,1.5198,1.5452,1.561,0,0.91
inlet,11731,328323,0.0251,0.0454,0.0192,0.0199,0.0167,0.0174,0.0174,0.0175,0.0183,0.0191,24,1.5
inline_1,503713,18660027,0.8741,3.2502,1.1567,1.2393,1.1751,1.2759,1.2374,1.2922,1.5828,1.7635,0,0.76
ins2,309413,1530448,0.5647,0.6973,0.7635,0.8014,0.6378,0.6372,0.7061,0.706,0.7076,0.7057,0,0.89
italy_osm,6686494,7013978,4.1317,4.5437,4.3514,4.5622,4.5435,4.544,4.5432,4.5439,4.5443,4.5454,0,0.95
jan99jac120sc,41375,260202,0.0343,0.0408,0.0306,0.0356,0.0335,0.0372,0.0372,0.038,0.0388,0.0412,8,1.12
juba40k,40338,144945,0.024,0.0297,0.0216,0.0208,0.0231,0.0248,0.029,0.0297,0.0298,0.0298,16,1.15
k3plates,11108,378927,0.0201,0.0693,0.0224,0.0215,0.0207,0.0207,0.0224,0.0232,0.0264,0.0265,0,0.97
kim1,38416,933195,0.0491,0.0989,0.0544,0.0576,0.0584,0.0569,0.0625,0.0642,0.0642,0.0642,0,0.9
kkt_power,2063495,8130343,2.3198,2.1965,2.4588,2.9864,2.2406,2.1958,2.2412,2.2411,2.1956,2.1953,64,1.0
kron_g500-logn16,65537,2456398,0.4743,0.4876,0.5597,0.6163,0.4655,0.4647,0.4827,0.4845,0.4869,0.522,32,1.02
kron_g500-logn17,131073,5114375,1.0373,1.1001,1.4203,1.4132,1.0658,1.0681,1.0944,1.097,1.1008,1.1008,0,0.97
kron_g500-logn18,262145,10583222,2.0679,2.2924,3.0414,2.8319,2.2107,2.2474,2.2088,2.1502,2.1531,2.1408,0,0.97
kron_g500-logn19,524289,21781478,4.0043,4.4206,6.019,6.3743,4.669,4.6712,4.4141,4.7309,4.7458,4.4217,0,0.91
kron_g500-logn20,1048577,44620272,8.9247,9.1908,12.6886,12.2472,9.6298,9.1456,9.1809,9.594,9.1973,9.2161,0,0.98
laminar_duct3D,67174,3833077,0.1654,0.6511,0.2124,0.2428,0.2321,0.2248,0.2125,0.228,0.2518,0.2534,0,0.78
language,399131,1216334,0.3804,0.3622,0.3923,0.3951,0.3621,0.3524,0.3522,0.3513,0.3522,0.352,48,1.03
largebasis,440021,5560100,0.7956,0.9815,0.9047,0.9059,1.1528,1.2319,1.3802,1.3791,1.3649,1.2404,0,0.88
ldoor,952204,23737339,0.9255,3.7572,1.2276,1.2883,1.3638,1.407,1.5201,1.5031,1.6012,1.7444,0,0.75
lhr34,35153,764014,0.0495,0.1161,0.056,0.0675,0.0576,0.0585,0.0592,0.0593,0.0626,0.0617,0,0.88
lhr34c,35153,764014,0.0457,0.1159,0.056,0.0658,0.0584,0.0584,0.0593,0.0584,0.0617,0.0617,0,0.82
lhr71,70305,1528092,0.0861,0.2253,0.1125,0.1338,0.1207,0.1198,0.1273,0.1273,0.1354,0.1355,0,0.77
lhr71c,70305,1528092,0.0917,0.2405,0.1166,0.1428,0.1289,0.1281,0.1297,0.1289,0.1354,0.1354,0,0.79
li,22696,1350309,0.0833,0.2588,0.1002,0.0961,0.1018,0.1002,0.1002,0.1018,0.1116,0.1182,0,0.87
ljournal-2008,5363261,79023142,24.0953,16.2441,24.8413,24.8905,16.7119,15.8706,15.5295,15.3001,15.2929,15.2484,64,1.07
Long_Coup_dt0,1470153,44279572,2.1691,6.3752,3.0591,3.3155,3.1413,2.9957,2.9798,3.0819,3.3065,3.6752,0,0.73
Long_Coup_dt6,1470153,44279572,2.1689,6.6888,3.2674,3.3169,3.0613,3.1123,3.1445,3.2033,3.2535,3.4729,0,0.71
lowThrust_10,18261,116074,0.0175,0.0199,0.02,0.0207,0.0151,0.0149,0.015,0.015,0.0151,0.0175,32,1.17
lowThrust_11,18369,117002,0.017,0.0199,0.0215,0.0216,0.015,0.0159,0.0158,0.015,0.0151,0.0175,24,1.13
lowThrust_12,18459,117423,0.0172,0.0202,0.0208,0.02,0.0158,0.0159,0.0158,0.0158,0.0159,0.0175,24,1.09
lowThrust_13,18477,117580,0.0171,0.0203,0.0208,0.0215,0.0158,0.0158,0.0158,0.0159,0.0158,0.0191,24,1.08
lowThrust_4,13563,84240,0.0141,0.0155,0.0167,0.0158,0.0117,0.0117,0.0118,0.0117,0.0118,0.0142,24,1.21
lowThrust_5,16263,103701,0.0162,0.0188,0.0191,0.0183,0.0142,0.0142,0.0142,0.0142,0.0141,0.0167,56,1.15
lowThrust_6,16929,108376,0.0164,0.0191,0.02,0.0191,0.0142,0.0142,0.0149,0.0142,0.0142,0.0166,24,1.15
lowThrust_7,17379,110607,0.0165,0.0194,0.0199,0.019,0.015,0.015,0.015,0.015,0.0151,0.0174,24,1.1
lowThrust_8,17703,113139,0.0165,0.0196,0.0208,0.0216,0.015,0.015,0.0151,0.015,0.015,0.0175,24,1.1
lowThrust_9,18045,114806,0.0171,0.0198,0.0208,0.0208,0.015,0.015,0.015,0.015,0.0158,0.0175,24,1.14
lp1,534389,1088904,0.3152,0.3978,0.3118,0.3116,0.3996,0.3985,0.3986,0.3986,0.399,0.3993,16,1.01
luxembourg_osm,114600,119666,0.0333,0.0584,0.033,0.0584,0.0583,0.0583,0.0584,0.0584,0.0583,0.0584,8,1.01
m14b,214766,1679018,0.2624,0.2538,0.3636,0.3732,0.2728,0.2643,0.2706,0.2535,0.2551,0.2555,48,1.0
mario001,38435,114643,0.0264,0.024,0.0232,0.0232,0.0223,0.024,0.0241,0.0239,0.024,0.0241,24,1.08
mario002,389875,1167685,0.5379,0.3763,0.598,0.616,0.3876,0.378,0.3777,0.3794,0.3778,0.3775,128,1.0
mark3jac040sc,18290,113435,0.0221,0.0231,0.0199,0.0191,0.0175,0.0199,0.0208,0.0224,0.0232,0.0232,24,1.26
mark3jac060sc,27450,170695,0.0282,0.0305,0.0298,0.0273,0.0249,0.0265,0.0282,0.0298,0.0306,0.0306,24,1.13
me2010,69519,167738,0.0397,0.0362,0.0428,0.0429,0.0363,0.0363,0.0363,0.0364,0.0363,0.0363,128,1.0
memplus,17759,126150,0.0203,0.023,0.0191,0.0191,0.0175,0.0182,0.0199,0.0215,0.0215,0.0216,24,1.16
mip1,66464,5209641,0.1396,1.0913,0.1699,0.1945,0.1936,0.1887,0.1961,0.1976,0.201,0.2034,0,0.82
ML_Laplace,377003,27689972,1.0938,5.8736,1.5293,1.6448,1.6098,1.5326,1.4452,1.4387,1.5749,1.6631,0,0.76
mouse_gene,45102,14506196,2.0627,3.0885,2.5718,3.2872,2.458,2.636,2.9781,2.8763,3.0093,2.9898,0,0.84
msc10848,10849,620313,0.0293,0.1202,0.0298,0.0298,0.0315,0.0322,0.0322,0.0323,0.038,0.0396,0,0.98
msc23052,23053,588933,0.0309,0.0983,0.0323,0.0305,0.0331,0.0323,0.033,0.0339,0.0371,0.0412,16,1.01
msdoor,415864,10328399,0.4429,1.6269,0.5366,0.5982,0.6372,0.671,0.6959,0.7247,0.7654,0.797,0,0.83
m_t1,97579,4925574,0.1929,0.974,0.2251,0.2653,0.2609,0.2665,0.2837,0.2861,0.3364,0.3371,0,0.86
mult_dcop_01,25188,193276,0.0362,0.0366,0.038,0.0372,0.0323,0.0347,0.0363,0.0364,0.0364,0.0363,24,1.12
mult_dcop_02,25188,193276,0.0361,0.0368,0.0387,0.0355,0.0323,0.0347,0.0363,0.0371,0.0364,0.0371,24,1.12
mult_dcop_03,25188,193216,0.0361,0.0368,0.0388,0.0363,0.0323,0.0347,0.0364,0.0371,0.0363,0.0371,24,1.12
NACA0015,1039184,3114818,2.369,1.2425,2.8061,2.6954,1.2702,1.244,1.2443,1.244,1.2434,1.2437,128,1.0
nasasrb,54871,1366097,0.0669,0.1519,0.0781,0.0788,0.0863,0.0871,0.0878,0.0879,0.092,0.0994,0,0.86
nd12k,36001,7128473,0.2083,1.4761,0.2755,0.2756,0.3173,0.3156,0.3051,0.3067,0.3288,0.3402,0,0.76
nd24k,72001,14393817,0.4427,3.1886,0.5148,0.6011,0.6283,0.6269,0.6434,0.6456,0.662,0.6797,0,0.86
nd6k,18001,3457658,0.1107,0.7658,0.1346,0.1338,0.1526,0.147,0.147,0.1519,0.1592,0.1633,0,0.83
net100,29921,1031560,0.0906,0.2326,0.1052,0.1191,0.1084,0.1087,0.111,0.1102,0.1125,0.1126,0,0.86
net125,36721,1306960,0.1093,0.2924,0.1158,0.1469,0.133,0.1379,0.1395,0.1388,0.1404,0.1404,0,0.94
net150,43521,1582360,0.1302,0.3524,0.1486,0.1772,0.1576,0.1636,0.1665,0.1666,0.1682,0.1691,0,0.88
net4-1,88344,1265035,0.203,0.2324,0.2418,0.2796,0.1861,0.1943,0.2214,0.232,0.2321,0.232,24,1.09
net50,16321,480760,0.0462,0.1134,0.0494,0.0519,0.0511,0.0535,0.0552,0.0552,0.0576,0.0569,0,0.94
net75,23121,756160,0.0684,0.1734,0.074,0.0797,0.0772,0.0797,0.0806,0.0813,0.0821,0.0823,0,0.92
netherlands_osm,2216689,2441238,1.4042,1.3789,1.6321,1.3739,1.3722,1.3728,1.4116,1.3722,1.3722,1.3721,64,1.0
nh2010,48838,117275,0.027,0.0254,0.0282,0.0289,0.0257,0.0249,0.0257,0.0249,0.0256,0.0257,32,1.02
NLR,4163764,12487976,12.1159,5.7296,13.54,12.6234,5.8978,5.7209,5.7205,5.7209,5.7211,5.7212,40,1.0
NotreDame_www,325730,929849,0.1586,0.1862,0.1723,0.1767,0.1651,0.1639,0.1675,0.1723,0.1751,0.1751,0,0.97
nv2010,84539,208499,0.0479,0.0458,0.0552,0.0551,0.0456,0.0462,0.0453,0.0462,0.0461,0.0461,40,1.01
ohne2,181344,11063545,0.8595,2.163,1.2263,1.2656,1.0697,1.0843,1.1941,1.2539,1.5673,1.6407,0,0.8
oilpan,73753,1835470,0.0704,0.2617,0.0797,0.0887,0.0944,0.0945,0.0928,0.0953,0.0952,0.0961,0,0.88
olafu,16147,515651,0.027,0.0954,0.029,0.0273,0.0256,0.0273,0.0274,0.0289,0.0314,0.0322,24,1.05
onetone2,36058,227628,0.0309,0.0377,0.0346,0.0355,0.0305,0.0306,0.0314,0.0347,0.0372,0.038,24,1.01
OPF_10000,43888,255799,0.0268,0.0419,0.0265,0.0265,0.0306,0.0314,0.033,0.0355,0.0363,0.0388,8,1.01
opt1,15450,973052,0.0426,0.2001,0.0486,0.0421,0.0502,0.0535,0.0535,0.0552,0.0609,0.0641,16,1.01
p2p-Gnutella31,62587,147892,0.0365,0.0262,0.0396,0.0347,0.0264,0.0264,0.0265,0.0265,0.0265,0.0265,128,0.99
parabolic_fem,525826,2100225,0.8526,0.7491,0.974,1.0595,0.9947,0.7519,0.7518,0.7499,0.7506,0.7502,128,1.0
patents,3774769,14970767,16.8205,6.79,19.1332,18.1392,6.8546,6.8009,6.7893,6.7901,6.7898,6.7894,40,1.0
pattern1,19243,4671337,0.7986,0.989,0.891,1.0151,0.9791,1.048,1.0529,1.0583,1.0578,1.0579,0,0.9
pcrystk02,13966,491274,0.0284,0.0959,0.0298,0.0274,0.0257,0.0257,0.0265,0.0281,0.0282,0.0298,24,1.11
pcrystk03,24697,887937,0.0426,0.1702,0.0494,0.0462,0.0445,0.0461,0.0494,0.051,0.0518,0.0526,0,0.96
pct20stif,52330,1375396,0.0634,0.2043,0.0666,0.0658,0.0691,0.0707,0.0724,0.0757,0.0822,0.0855,0,0.96
pdb1HYS,36418,2190591,0.0771,0.4309,0.0847,0.0887,0.1044,0.1003,0.1027,0.1068,0.1116,0.1166,0,0.91
pds10,16559,83108,0.017,0.0194,0.0183,0.0174,0.0183,0.0183,0.0183,0.0191,0.0191,0.0191,0,0.98
PFlow_742,742794,18940627,0.8562,2.7681,1.2142,1.2431,1.2628,1.2172,1.304,1.2977,1.3063,1.3978,0,0.71
pkustk01,22045,500712,0.0309,0.0807,0.0305,0.029,0.0289,0.0306,0.0323,0.033,0.0379,0.0389,24,1.07
pkustk02,10801,410400,0.0223,0.0764,0.0232,0.0232,0.0231,0.0232,0.0239,0.024,0.0305,0.0322,0,0.97
pkustk03,63337,1596876,0.0731,0.253,0.0751,0.0846,0.0871,0.0928,0.0945,0.0953,0.1084,0.1141,0,0.97
pkustk04,55591,2137125,0.1084,0.4048,0.124,0.1215,0.1329,0.1355,0.151,0.1534,0.2051,0.21,0,0.89
pkustk05,37165,1121154,0.0589,0.1989,0.065,0.0642,0.0674,0.0699,0.0724,0.0724,0.0879,0.0903,0,0.92
pkustk06,43165,1307466,0.0675,0.2301,0.0748,0.0756,0.0798,0.0846,0.0847,0.0863,0.1035,0.1059,0,0.9
pkustk07,16861,1217832,0.0652,0.2572,0.0756,0.0691,0.0837,0.083,0.0872,0.0895,0.1247,0.1273,0,0.94
pkustk08,22210,1624440,0.0882,0.3419,0.1043,0.1019,0.1118,0.1126,0.1224,0.1232,0.1797,0.183,0,0.87
pkustk09,33961,808800,0.0435,0.1379,0.0486,0.0478,0.047,0.0502,0.051,0.0519,0.0576,0.0617,0,0.93
pkustk10,80677,2194830,0.0991,0.3754,0.1116,0.1182,0.1183,0.1281,0.1297,0.1321,0.146,0.151,0,0.89
pkustk11,87805,2652858,0.1272,0.4616,0.15,0.1706,0.1616,0.1705,0.1689,0.1755,0.2074,0.214,0,0.85
pkustk12,94654,3803485,0.197,0.7233,0.2177,0.2635,0.2492,0.2576,0.286,0.2926,0.423,0.4305,0,0.9
pkustk13,94894,3355860,0.1919,0.6125,0.2082,0.2562,0.2437,0.2474,0.2787,0.2779,0.391,0.4047,0,0.92
pkustk14,151927,7494215,0.3464,1.4587,0.432,0.4778,0.4653,0.4875,0.5259,0.534,0.6661,0.6839,0,0.8
pli,22696,686502,0.0458,0.1094,0.0527,0.0503,0.0527,0.0519,0.0527,0.0519,0.0543,0.0584,0,0.91
PR02R,161071,8185136,0.3793,1.7972,0.5878,0.5671,0.529,0.53,0.509,0.5162,0.515,0.5615,0,0.75
Pres_Poisson,14823,365313,0.0242,0.0594,0.0265,0.0224,0.024,0.0249,0.0257,0.0264,0.0289,0.0305,16,1.08
pwtk,217919,5926171,0.205,0.7294,0.2241,0.2536,0.2818,0.3118,0.3138,0.3163,0.3172,0.3248,0,0.91
qa8fk,66128,863353,0.075,0.1018,0.0789,0.0814,0.0944,0.0953,0.0937,0.0912,0.1019,0.1019,0,0.95
qa8fm,66128,863353,0.0737,0.1018,0.0773,0.0806,0.0945,0.0953,0.0937,0.0912,0.1019,0.1018,0,0.95
raefsky3,21201,1488768,0.0443,0.334,0.0461,0.0494,0.0502,0.0494,0.0486,0.0495,0.0494,0.0494,0,0.96
raefsky4,19780,674195,0.0342,0.1235,0.0388,0.0363,0.0355,0.0372,0.0371,0.038,0.0396,0.0404,0,0.96
rajat15,37262,443573,0.0549,0.067,0.0585,0.0592,0.0511,0.051,0.0552,0.0577,0.0593,0.0621,32,1.08
rajat22,39900,197264,0.0309,0.0365,0.0289,0.0281,0.024,0.0273,0.0346,0.0363,0.0363,0.0363,24,1.29
rajat26,51033,249302,0.0375,0.0443,0.0347,0.0348,0.0395,0.0388,0.0428,0.0445,0.0445,0.0446,8,1.08
rajat29,643995,4866270,1.1748,1.1462,1.2658,1.3285,1.1768,1.1752,1.1438,1.1648,1.1176,1.1198,56,1.03
rajat30,643995,6175377,1.3526,1.2978,1.4517,1.5455,1.3746,1.369,1.2987,1.3287,1.3294,1.2995,128,1.0
ramage02,16831,1441591,0.0635,0.2793,0.0748,0.0658,0.0806,0.083,0.0846,0.0862,0.097,0.1018,0,0.97
Reuters911,13333,148038,0.033,0.0331,0.0371,0.0339,0.0306,0.0314,0.033,0.033,0.0331,0.033,24,1.08
rgg_n_2_15_s0,32769,160240,0.0295,0.0255,0.0355,0.0348,0.024,0.0248,0.0249,0.0248,0.0249,0.0249,24,1.06
rgg_n_2_22_s0,4194305,30359198,5.1409,4.5083,8.2839,8.5629,4.8291,4.5206,4.5079,4.5125,4.5123,4.5124,40,1.0
ri2010,25182,62875,0.0166,0.0164,0.0175,0.0159,0.0158,0.0166,0.0159,0.0167,0.0158,0.0166,24,1.04
rim,22561,1014951,0.0502,0.1884,0.0592,0.0585,0.0617,0.0593,0.0601,0.065,0.0706,0.0781,0,0.86
RM07R,381690,37464962,1.6325,7.5756,2.3952,2.3386,2.3379,2.3824,2.4421,2.4867,2.9524,3.0296,0,0.7
rma10,46836,2374001,0.0882,0.4196,0.0962,0.1018,0.115,0.1149,0.1125,0.1142,0.1273,0.1288,0,0.92
roadNet-CA,1971282,2766607,1.2725,1.547,1.586,1.753,1.7203,1.5252,1.5253,1.5814,1.5801,1.5797,0,0.83
roadNet-PA,1090921,1541898,0.6473,0.851,0.8822,0.9932,0.9654,0.8513,0.8509,0.8511,0.8814,0.8514,0,0.76
roadNet-TX,1393384,1921660,0.8243,1.0739,1.1073,1.2704,1.1856,1.0746,1.0748,1.0743,1.074,1.074,0,0.77
s3dkq4m2,90450,2455670,0.0826,0.2645,0.0912,0.0921,0.1034,0.106,0.1067,0.1076,0.1052,0.1084,0,0.91
s3dkt3m2,90450,1921955,0.0766,0.2246,0.097,0.0912,0.0888,0.092,0.0921,0.0928,0.1059,0.124,0,0.86
s4dkt3m2,90450,1921955,0.0765,0.2246,0.097,0.0912,0.0912,0.0895,0.0904,0.0929,0.1067,0.1239,0,0.85
Serena,1391350,32961525,1.7046,4.0115,2.1712,2.4634,2.448,2.5168,2.454,2.7592,2.9447,3.3118,0,0.79
shermanACb,18511,145149,0.0248,0.0266,0.0257,0.024,0.0249,0.0248,0.0248,0.0256,0.0264,0.0264,16,1.03
ship_001,34921,2339575,0.0777,0.4414,0.0928,0.0913,0.1036,0.1041,0.1093,0.1141,0.1166,0.1158,0,0.85
ship_003,121729,4103881,0.1545,0.7076,0.1948,0.23,0.2343,0.2415,0.2509,0.2668,0.273,0.2824,0,0.79
shipsec1,140875,3977139,0.1989,0.5636,0.2315,0.2704,0.2702,0.2755,0.2824,0.2882,0.3272,0.3342,0,0.86
shipsec5,179861,5146478,0.2379,0.721,0.3264,0.3393,0.3607,0.3596,0.3697,0.3786,0.3905,0.4009,0,0.73
shipsec8,114920,3384159,0.148,0.5051,0.1764,0.2025,0.2024,0.2009,0.204,0.2118,0.2339,0.2408,0,0.84
Si10H16,17078,446500,0.0487,0.0725,0.0567,0.0543,0.0396,0.0395,0.0405,0.0412,0.0486,0.0518,32,1.23
Si34H36,97570,2626974,0.2609,0.395,0.3048,0.3442,0.2279,0.2256,0.2336,0.2345,0.2558,0.2795,32,1.16
Si41Ge41H72,185640,7598452,0.606,1.3427,0.8496,0.8779,0.6218,0.6158,0.6524,0.6574,0.736,0.7639,0,0.98
Si5H12,19897,379247,0.05,0.0513,0.0568,0.0543,0.0355,0.0354,0.0354,0.0364,0.0388,0.0478,32,1.41
Si87H76,240370,5451000,0.5876,0.753,0.8184,0.8784,0.5407,0.5453,0.5568,0.5613,0.5963,0.622,24,1.09
sinc15,11533,568526,0.0712,0.1225,0.0871,0.0773,0.0757,0.0756,0.0764,0.0765,0.0772,0.078,0,0.94
SiO,33402,675528,0.0795,0.0923,0.0904,0.0986,0.0633,0.0634,0.0634,0.0642,0.0666,0.0765,24,1.26
SiO2,155332,5719417,0.4548,1.0015,0.5341,0.6526,0.4673,0.4725,0.4815,0.4828,0.5158,0.5314,0,0.97
skirt,12599,104559,0.0142,0.0158,0.0134,0.0125,0.0117,0.0118,0.0126,0.0134,0.015,0.0158,24,1.21
smallworld,100001,499998,0.0531,0.0695,0.056,0.0553,0.056,0.0569,0.0666,0.069,0.0697,0.069,0,0.96
sme3Dc,42931,3148656,0.5165,0.6382,0.6359,0.7538,0.559,0.5605,0.6179,0.6252,0.6341,0.6368,0,0.92
smt,25711,1889447,0.0837,0.3825,0.1011,0.0969,0.1134,0.1133,0.1174,0.119,0.142,0.1469,0,0.86
soc-LiveJournal1,4847572,68993773,38.5096,19.8653,41.6804,40.6981,23.0222,21.395,20.4277,20.0044,19.7947,19.6741,64,1.01
soc-sign-Slashdot090221,82145,549202,0.1063,0.0977,0.1265,0.1248,0.0937,0.0944,0.0969,0.097,0.097,0.0977,24,1.04
sparsine,50001,799494,0.1475,0.1015,0.1723,0.1994,0.1019,0.101,0.1019,0.1011,0.1019,0.1011,32,1.0
srb1,54925,1508538,0.0653,0.2003,0.0634,0.0618,0.0658,0.0682,0.0683,0.0699,0.0715,0.074,16,1.06
Stanford,281904,2312497,0.7389,0.5182,0.8274,0.8246,0.5184,0.5185,0.5193,0.5194,0.519,0.5194,128,1.0
std1_Jac2,21983,1248731,0.0774,0.2816,0.0921,0.0944,0.0961,0.0961,0.1092,0.1092,0.1199,0.1223,0,0.84
std1_Jac3,21983,1455848,0.0862,0.3293,0.1061,0.1043,0.1084,0.1049,0.1216,0.1223,0.1355,0.1374,0,0.83
stokes128,49667,295938,0.0367,0.0401,0.0356,0.0363,0.0354,0.0363,0.0404,0.0404,0.0404,0.0404,24,1.04
stokes64,12547,74242,0.0147,0.0122,0.015,0.015,0.0142,0.0102,0.0126,0.0126,0.0125,0.0126,32,1.2
struct3,53571,613632,0.0472,0.0732,0.0437,0.0428,0.042,0.056,0.0577,0.0585,0.0585,0.0633,24,1.12
t2dah,11446,93781,0.0121,0.0141,0.0093,0.0093,0.0085,0.0084,0.0085,0.0077,0.0093,0.0142,48,1.57
t2dah_a,11446,93781,0.012,0.0141,0.0092,0.0092,0.0085,0.0085,0.0085,0.0084,0.0093,0.0141,48,1.43
t2dah_e,11446,93781,0.0127,0.0141,0.0093,0.0092,0.0085,0.0085,0.0084,0.0076,0.0093,0.0142,48,1.67
t3dh,79172,2215638,0.1482,0.3146,0.1698,0.1985,0.1805,0.1742,0.1798,0.1837,0.1943,0.2017,0,0.87
t3dh_a,79172,2215638,0.1481,0.3145,0.1732,0.1923,0.1757,0.178,0.1805,0.1812,0.1959,0.2033,0,0.86
t3dh_e,79172,2215638,0.1482,0.3143,0.1731,0.192,0.1805,0.178,0.18,0.1837,0.1951,0.2019,0,0.86
t3dl,20361,265113,0.0314,0.0343,0.0339,0.033,0.0301,0.0298,0.0298,0.0314,0.0355,0.0356,32,1.05
t3dl_a,20361,265113,0.0313,0.0343,0.0355,0.033,0.0306,0.0298,0.0298,0.0322,0.0355,0.0355,32,1.05
tandem_vtx,18455,135902,0.0208,0.0222,0.0207,0.0199,0.0174,0.0183,0.0183,0.0208,0.0216,0.0215,24,1.2
ted_A,10606,424587,0.0238,0.0931,0.0249,0.0249,0.0256,0.0273,0.0274,0.0282,0.0338,0.0355,0,0.96
ted_AB,10606,522387,0.0298,0.1211,0.0338,0.0306,0.0322,0.033,0.0331,0.0346,0.0428,0.0445,0,0.97
ted_AB_unscaled,10606,522387,0.0294,0.1213,0.0314,0.0307,0.0323,0.0322,0.033,0.0347,0.0429,0.0445,0,0.96
ted_A_unscaled,10606,424587,0.0226,0.0932,0.024,0.0249,0.0256,0.0265,0.0273,0.0282,0.0338,0.0355,0,0.94
ted_B_unscaled,10606,77592,0.012,0.0164,0.0101,0.0093,0.0085,0.0101,0.0101,0.0117,0.0136,0.0141,24,1.41
thread,29737,2249892,0.0912,0.4614,0.1043,0.1076,0.1214,0.1208,0.1242,0.1259,0.1436,0.1477,0,0.87
tmt_sym,726714,2903837,0.4363,0.6247,0.5402,0.5379,0.5405,0.6254,0.6228,0.6232,0.6181,0.6187,0,0.81
torso1,116159,8516500,0.2576,1.7895,0.2786,0.2876,0.3286,0.359,0.3671,0.3667,0.4081,0.4085,0,0.92
transient,178867,961790,0.1939,0.2091,0.2078,0.2134,0.1714,0.1745,0.2102,0.2098,0.2096,0.2105,24,1.13
trdheim,22099,978711,0.0366,0.1812,0.0412,0.0397,0.0404,0.0411,0.0421,0.0421,0.0453,0.0462,0,0.92
Trefethen_20000,20001,287233,0.0424,0.0391,0.0446,0.0519,0.0315,0.0322,0.0322,0.0388,0.0388,0.0388,24,1.24
Trefethen_20000b,20000,287217,0.0425,0.0391,0.0445,0.0502,0.0314,0.0314,0.0314,0.0388,0.0388,0.0388,24,1.25
troll,213454,6099282,0.255,0.8261,0.3021,0.3216,0.3515,0.3642,0.3691,0.3741,0.3923,0.4074,0,0.84
TSOPF_FS_b162_c1,10799,305732,0.0161,0.065,0.0183,0.0183,0.0158,0.0158,0.0158,0.0158,0.0158,0.0158,24,1.02
TSOPF_FS_b162_c3,30799,904612,0.0361,0.1795,0.0478,0.0453,0.0461,0.0461,0.0445,0.0445,0.0445,0.0453,0,0.81
TSOPF_FS_b162_c4,40799,1204322,0.0466,0.2363,0.0618,0.0601,0.0617,0.0618,0.0617,0.0608,0.0609,0.0593,0,0.79
TSOPF_FS_b300,29215,2203949,0.0661,0.4743,0.0871,0.0872,0.0936,0.0936,0.0913,0.0953,0.0931,0.0962,0,0.76
TSOPF_FS_b300_c1,29215,2203949,0.0659,0.4744,0.0871,0.0847,0.0913,0.0937,0.0915,0.092,0.0952,0.0961,0,0.78
TSOPF_FS_b300_c2,56815,4391071,0.1244,0.9393,0.1683,0.1674,0.1927,0.1929,0.1935,0.1935,0.1977,0.1919,0,0.74
TSOPF_FS_b300_c3,84415,6578753,0.184,1.406,0.3049,0.3067,0.2827,0.2827,0.2738,0.2755,0.2918,0.2927,0,0.67
TSOPF_FS_b39_c19,76217,998359,0.0499,0.1897,0.0699,0.0707,0.0649,0.065,0.0625,0.0625,0.0625,0.0625,0,0.8
TSOPF_FS_b39_c30,120217,1575639,0.074,0.2952,0.1153,0.1136,0.1026,0.1026,0.0993,0.0993,0.0976,0.0994,0,0.76
TSOPF_FS_b39_c7,28217,368599,0.0222,0.0746,0.0289,0.0257,0.024,0.024,0.0241,0.0232,0.0232,0.0232,0,0.96
TSOPF_FS_b9_c6,14455,75801,0.0087,0.0121,0.01,0.0109,0.0093,0.0085,0.0092,0.0102,0.0101,0.0109,32,1.02
TSOPF_RS_b162_c3,15375,610299,0.0271,0.1295,0.0323,0.0339,0.0313,0.0315,0.0314,0.0306,0.0306,0.0306,0,0.89
TSOPF_RS_b162_c4,20375,812749,0.0336,0.171,0.0412,0.0437,0.0428,0.042,0.0429,0.0404,0.0404,0.0413,0,0.83
TSOPF_RS_b2052_c1,25627,6761100,0.1695,1.5162,0.1986,0.2059,0.2258,0.2239,0.2306,0.2242,0.2275,0.2275,0,0.85
TSOPF_RS_b2383,38121,16171169,0.3882,3.7003,0.4965,0.5741,0.593,0.5718,0.5732,0.573,0.5762,0.5751,0,0.78
TSOPF_RS_b2383_c1,38121,16171169,0.3878,3.7005,0.4946,0.5697,0.5733,0.5918,0.5736,0.5734,0.5748,0.5751,0,0.78
TSOPF_RS_b300_c1,14539,1474325,0.0493,0.3243,0.0552,0.06,0.0633,0.0633,0.0634,0.0618,0.0641,0.0633,0,0.89
TSOPF_RS_b300_c2,28339,2943887,0.0875,0.6417,0.1068,0.1084,0.1256,0.1217,0.1256,0.1256,0.1264,0.1265,0,0.82
TSOPF_RS_b300_c3,42139,4413449,0.1321,0.9583,0.156,0.1961,0.1912,0.1919,0.1921,0.192,0.1953,0.1893,0,0.85
TSOPF_RS_b39_c19,38099,684206,0.0388,0.1558,0.0454,0.0552,0.0445,0.0453,0.0445,0.0444,0.0462,0.0461,0,0.87
TSOPF_RS_b39_c30,60099,1079986,0.0568,0.2427,0.0683,0.0887,0.0748,0.0724,0.0723,0.0724,0.0724,0.0724,0,0.83
TSOPF_RS_b39_c7,14099,252446,0.0167,0.0606,0.0175,0.02,0.015,0.0158,0.0158,0.0167,0.0203,0.0208,24,1.11
TSOPF_RS_b678_c1,18697,4396289,0.1111,1.0171,0.1208,0.1371,0.1534,0.1518,0.1511,0.1481,0.1521,0.1526,0,0.92
TSOPF_RS_b678_c2,35697,8781949,0.2125,2.035,0.2231,0.3108,0.3013,0.2994,0.3059,0.3058,0.3141,0.314,0,0.95
tsyl201,20686,1237821,0.0566,0.24,0.0642,0.0576,0.0691,0.0715,0.0757,0.0752,0.0887,0.0912,0,0.98
tube1,21499,459277,0.0228,0.0556,0.024,0.0232,0.0216,0.0217,0.0216,0.0241,0.0264,0.0281,24,1.06
tube2,21499,459277,0.0245,0.0567,0.0249,0.0224,0.0224,0.0224,0.0232,0.0233,0.0265,0.0281,16,1.09
turon_m,189925,912345,0.1601,0.1498,0.1929,0.2,0.1189,0.1212,0.1381,0.1512,0.1507,0.1508,24,1.26
usroads,129165,165435,0.0475,0.0643,0.0469,0.0646,0.0641,0.0642,0.0641,0.0641,0.064,0.0641,8,1.01
usroads-48,126147,161950,0.0473,0.063,0.0477,0.0633,0.0632,0.0632,0.0633,0.0632,0.0633,0.0632,0,0.99
vanbody,47073,1191985,0.0554,0.1571,0.0642,0.0609,0.0666,0.0674,0.0683,0.0707,0.0731,0.0765,0,0.91
venturiLevel3,4026820,8054237,4.6977,2.9753,3.258,4.1056,2.9769,2.9766,2.9769,2.9765,2.977,2.9774,128,1.0
vibrobox,12329,177578,0.0244,0.0263,0.0264,0.0249,0.0224,0.0224,0.0248,0.0249,0.0256,0.0257,24,1.09
viscorocks,37763,1162244,0.0507,0.1504,0.056,0.0494,0.0544,0.0625,0.0626,0.065,0.0706,0.0748,16,1.03
vsp_barth5_1Ksep_50in_5Kout,32213,101805,0.0252,0.0202,0.029,0.0257,0.0199,0.0199,0.0199,0.02,0.02,0.0199,24,1.02
vsp_bcsstk30_500sep_10in_1Kout,58349,2016578,0.3649,0.3369,0.4769,0.5388,0.359,0.3598,0.3607,0.3607,0.3606,0.3607,128,0.94
vsp_befref_fxm_2_4_air02,14110,98224,0.016,0.0154,0.0191,0.0175,0.0134,0.0134,0.0134,0.0141,0.0158,0.0151,24,1.15
vsp_bump2_e18_aa01_model1_crew1,56439,300801,0.0496,0.0454,0.0576,0.0602,0.0445,0.0437,0.0445,0.0446,0.0462,0.0453,32,1.04
vsp_c-30_data_data,11024,62184,0.0085,0.0098,0.0084,0.0076,0.0076,0.0068,0.0068,0.0093,0.0101,0.01,32,1.25
vsp_c-60_data_cti_cs4,85831,241080,0.0438,0.0426,0.0445,0.0462,0.038,0.0379,0.0372,0.0388,0.0396,0.0404,40,1.15
vsp_finan512_scagr7-2c_rlfddd,139753,552020,0.0872,0.0878,0.1076,0.1076,0.1001,0.0886,0.0862,0.087,0.0879,0.0878,40,1.01
vsp_mod2_pgp2_slptsk,101365,389368,0.0755,0.0645,0.0748,0.0813,0.0612,0.0612,0.062,0.0621,0.0628,0.0634,24,1.05
vsp_model1_crew1_cr42_south31,45102,189976,0.0292,0.031,0.0338,0.038,0.0305,0.0298,0.0298,0.0306,0.0314,0.0314,0,0.98
vsp_msc10848_300sep_100in_1Kout,21997,1221028,0.2337,0.2448,0.2845,0.283,0.2387,0.2403,0.2444,0.2445,0.2455,0.2453,0,0.98
vsp_p0291_seymourl_iiasa,10499,53868,0.0177,0.0152,0.0167,0.0158,0.0158,0.0147,0.015,0.0151,0.015,0.015,32,1.03
vsp_sctap1-2b_and_seymourl,40175,140831,0.0385,0.0317,0.0388,0.0363,0.0314,0.0314,0.0322,0.0314,0.0314,0.0314,24,1.01
vsp_south31_slptsk,39669,189914,0.0291,0.033,0.0339,0.0314,0.0297,0.0298,0.0314,0.0331,0.033,0.0331,0,0.98
vsp_vibrobox_scagr7-2c_rlfddd,77329,435586,0.0572,0.0624,0.0699,0.0724,0.0658,0.0617,0.0593,0.0609,0.0617,0.0626,0,0.96
vt2010,32581,77799,0.0212,0.0221,0.0216,0.0207,0.0208,0.0215,0.0208,0.021,0.0208,0.0216,16,1.02
wathen100,30402,251001,0.0227,0.0308,0.0231,0.0232,0.0273,0.0273,0.0265,0.0266,0.0265,0.0306,0,0.98
wathen120,36442,301101,0.0296,0.0362,0.0281,0.0298,0.033,0.033,0.0322,0.0315,0.0314,0.0363,8,1.05
web-Google,916429,5105039,2.9934,1.2116,3.2987,3.158,1.2118,1.2121,1.2117,1.2121,1.2124,1.2125,128,1.0
web-NotreDame,325730,1497134,0.2212,0.3162,0.2376,0.25,0.2564,0.2452,0.245,0.2414,0.2458,0.2434,0,0.93
wikipedia-20051105,1634990,19753078,7.3486,3.923,8.022,7.8549,3.875,3.7554,3.7432,3.7398,3.815,3.8919,48,1.05
wikipedia-20060925,2983495,37269096,17.9047,8.2848,19.428,18.9471,8.4945,8.3536,8.2883,8.2705,8.2649,8.2615,64,1.0
wikipedia-20061104,3148441,39383235,19.3216,8.8862,20.9131,20.4017,9.1033,8.96,8.884,8.8717,8.8659,8.8632,64,1.0
wikipedia-20070206,3566908,45030389,22.9508,10.4661,24.6527,24.38,10.7231,10.5631,10.4709,10.4538,10.4541,10.45,64,1.0
wiki-Talk,2394386,5021410,4.6698,2.0299,4.8497,4.8487,2.0371,2.0329,2.0319,2.0316,2.0306,2.0299,128,1.0
windscreen,22693,752541,0.0349,0.1383,0.0396,0.0371,0.0347,0.0379,0.0388,0.0396,0.0396,0.0395,24,1.01
wing_nodal,10938,75488,0.0178,0.014,0.0207,0.0199,0.0141,0.0134,0.0134,0.0133,0.0134,0.0134,48,1.05
wy2010,86205,213793,0.0456,0.0421,0.0535,0.0527,0.0421,0.042,0.0421,0.042,0.042,0.0421,32,1.0
x104,108385,5138004,0.1863,1.0167,0.237,0.27,0.2599,0.2639,0.2675,0.2778,0.3231,0.3555,0,0.79
Zd_Jac2,22836,1642833,0.0992,0.3706,0.1134,0.1207,0.1208,0.1232,0.1379,0.1395,0.1551,0.1575,0,0.87
Zd_Jac3,22836,1916152,0.1069,0.432,0.1313,0.1232,0.1341,0.1338,0.1519,0.1551,0.1716,0.1756,0,0.87
Zd_Jac6,22836,1711983,0.0987,0.3865,0.1224,0.1207,0.124,0.124,0.1396,0.1396,0.1575,0.1584,0,0.82
