dataSet,rows_,columns_,nonzeros_,a,b,Sputnik_time,Sputnik_gflops,ours_time,ours_gflops
144, 144649, 144649, 1074393, 0, , 1000000.000000, 0.000069, 0.058163,1182.210571
2D_27628_bjtcai, 27628, 27628, 442898, 0, , 2.981274, 9.507840, 0.031027,913.568458
2D_54019_highK, 54019, 54019, 996414, 0, , 11.253759, 5.666595, 0.036250,1759.205564
333SP, 3712815, 3712815, 11108633, 0, , 1000000.000000, 0.000711, 1.175962,604.571202
3D_28984_Tetra, 28984, 28984, 599170, 0, , 3.074867, 12.471068, 0.034406,1114.527539
3D_51448_3D, 51448, 51448, 1056610, 0, , 1000000.000000, 0.000068, 0.039629,1706.411466
3Dspectralwave, 680943, 680943, 17165766, 0, , 1000000.000000, 0.001099, 0.855040,1284.862758
3Dspectralwave2, 292008, 292008, 7307376, 0, , 1000000.000000, 0.000468, 0.373146,1253.323257
3dtube, 45330, 45330, 1629474, 0, , 1000000.000000, 0.000104, 0.100659,1036.033789
598a, 110971, 110971, 741934, 0, , 45.608650, 1.041113, 0.046797,1014.680006
a0nsdsil, 80016, 80016, 200021, 0, , 23.338701, 0.548503, 0.032666,391.890658
a2nnsnsl, 80016, 80016, 196115, 0, , 23.338905, 0.537787, 0.031539,397.960649
a5esindl, 60008, 60008, 145004, 0, , 13.134336, 0.706565, 0.029491,314.678808
adaptive, 6815744, 6815744, 13624320, 0, , 1000000.000000, 0.000872, 1.698611,513.334923
af_0_k101, 503625, 503625, 9027150, 0, , 1000000.000000, 0.000578, 0.233882,2470.214065
af_1_k101, 503625, 503625, 9027150, 0, , 1000000.000000, 0.000578, 0.234906,2459.445831
af_2_k101, 503625, 503625, 9027150, 0, , 1000000.000000, 0.000578, 0.233472,2474.547807
af_3_k101, 503625, 503625, 9027150, 0, , 1000000.000000, 0.000578, 0.239104,2416.260619
af_4_k101, 503625, 503625, 9027150, 0, , 1000000.000000, 0.000578, 0.235110,2457.303441
af_5_k101, 503625, 503625, 9027150, 0, , 1000000.000000, 0.000578, 0.232960,2479.986162
af_shell1, 504855, 504855, 9046865, 0, , 1000000.000000, 0.000579, 0.234701,2466.967997
af_shell10, 1508065, 1508065, 27090195, 0, , 1000000.000000, 0.001734, 0.636416,2724.275416
af_shell2, 504855, 504855, 9046865, 0, , 1000000.000000, 0.000579, 0.234086,2473.443028
af_shell3, 504855, 504855, 9046865, 0, , 1000000.000000, 0.000579, 0.235622,2457.318766
af_shell4, 504855, 504855, 9046865, 0, , 1000000.000000, 0.000579, 0.240538,2407.105460
af_shell5, 504855, 504855, 9046865, 0, , 1000000.000000, 0.000579, 0.238592,2426.734125
af_shell6, 504855, 504855, 9046865, 0, , 1000000.000000, 0.000579, 0.237158,2441.403615
af_shell7, 504855, 504855, 9046865, 0, , 1000000.000000, 0.000579, 0.239411,2418.430438
af_shell8, 504855, 504855, 9046865, 0, , 1000000.000000, 0.000579, 0.235418,2459.456511
af_shell9, 504855, 504855, 9046865, 0, , 1000000.000000, 0.000579, 0.238182,2430.907389
ak2010, 45292, 45292, 108549, 0, , 7.988940, 0.869594, 0.030310,229.199737
Andrews, 60000, 60000, 410077, 0, , 13.967769, 1.878964, 0.037683,696.462281
AS365, 3799275, 3799275, 11368076, 0, , 1000000.000000, 0.000728, 1.592320,456.916248
as-caida, 31379, 31379, 106762, 0, , 3.573555, 1.912036, 0.028160,242.640910
ASIC_680k, 682862, 682862, 3871773, 0, , 1000000.000000, 0.000248, 0.258970,956.843887
as-Skitter, 1696415, 1696415, 11095298, 0, , 1000000.000000, 0.000710, 0.661299,1073.793969
astro-ph, 16706, 16706, 121251, 0, , 1.097830, 7.068545, 0.028160,275.570456
audikw_1, 943695, 943695, 39297771, 0, , 1000000.000000, 0.002515, 2.374963,1058.987927
auto, 448695, 448695, 3314611, 0, , 1000000.000000, 0.000212, 0.149299,1420.872301
barrier2-1, 113076, 113076, 3805068, 0, , 1000000.000000, 0.000244, 0.228352,1066.442833
barrier2-10, 115625, 115625, 3897557, 0, , 1000000.000000, 0.000249, 0.234496,1063.743734
barrier2-11, 115625, 115625, 3897557, 0, , 1000000.000000, 0.000249, 0.233574,1067.940914
barrier2-12, 115625, 115625, 3897557, 0, , 1000000.000000, 0.000249, 0.234086,1065.605067
barrier2-2, 113076, 113076, 3805068, 0, , 1000000.000000, 0.000244, 0.228557,1065.487232
barrier2-3, 113076, 113076, 3805068, 0, , 1000000.000000, 0.000244, 0.228762,1064.533342
barrier2-4, 113076, 113076, 3805068, 0, , 1000000.000000, 0.000244, 0.228557,1065.487232
barrier2-9, 115625, 115625, 3897557, 0, , 1000000.000000, 0.000249, 0.233677,1067.472926
bauru5727, 40366, 40366, 145019, 0, , 6.349107, 1.461814, 0.030310,306.205645
bbmat, 38744, 38744, 1771722, 0, , 1000000.000000, 0.000113, 0.068403,1657.673971
bcsstk17, 10974, 10974, 219812, 0, , 0.480870, 29.255218, 0.027853,505.082712
bcsstk18, 11948, 11948, 80519, 0, , 0.564736, 9.125000, 0.026522,194.302611
bcsstk25, 15439, 15439, 133840, 0, , 0.938598, 9.126118, 0.026112,328.039226
bcsstk29, 13992, 13992, 316740, 0, , 0.777421, 26.075145, 0.031130,651.192463
bcsstk30, 28924, 28924, 1036208, 0, , 1000000.000000, 0.000066, 0.065229,1016.687567
bcsstk31, 35588, 35588, 608502, 0, , 4.949401, 7.868452, 0.038195,1019.607942
bcsstk32, 44609, 44609, 1029655, 0, , 1000000.000000, 0.000066, 0.052224,1261.832149
bcsstk35, 30237, 30237, 740200, 0, , 3.580313, 13.231467, 0.042189,1122.876230
bcsstk36, 23052, 23052, 583096, 0, , 2.089165, 17.862710, 0.035533,1050.244976
bcsstk37, 25503, 25503, 583240, 0, , 2.549862, 14.638970, 0.034714,1075.295014
bcsstk39, 46772, 46772, 1068033, 0, , 1000000.000000, 0.000068, 0.040653,1681.412170
bcsstm36, 23052, 23052, 166389, 0, , 2.078310, 5.123824, 0.028774,370.082314
belgium_osm, 1441295, 1441295, 1549970, 0, , 1000000.000000, 0.000099, 0.288870,343.399940
BenElechi1, 245874, 245874, 6698185, 0, , 1000000.000000, 0.000429, 0.231834,1849.101417
blockqp1, 60012, 60012, 340022, 0, , 14.017331, 1.552464, 0.037274,583.828973
bloweya, 30004, 30004, 80005, 0, , 3.267686, 1.566956, 0.026112,196.090693
bloweybl, 30003, 30003, 70001, 0, , 3.267686, 1.371020, 0.026317,170.235890
bmw3_2, 227362, 227362, 5757996, 0, , 1000000.000000, 0.000369, 0.295424,1247.399445
bmw7st_1, 141347, 141347, 3740507, 0, , 1000000.000000, 0.000239, 0.173261,1381.688492
bmwcra_1, 148770, 148770, 5396386, 0, , 1000000.000000, 0.000345, 0.278938,1238.157572
bone010, 986703, 986703, 36326514, 0, , 1000000.000000, 0.002325, 2.443469,951.473922
boneS01, 127224, 127224, 3421188, 0, , 1000000.000000, 0.000219, 0.180429,1213.531478
boneS10, 914898, 914898, 28191660, 0, , 1000000.000000, 0.001804, 1.766400,1021.436982
boyd1, 93279, 93279, 652246, 0, , 32.570366, 1.281648, 0.052122,800.891492
boyd2, 466316, 466316, 890091, 0, , 787.336548, 0.072353, 0.085197,668.638078
brack2, 62631, 62631, 366559, 0, , 14.212915, 1.650596, 0.034202,685.926249
brainpc2, 27607, 27607, 96601, 0, , 2.768794, 2.232909, 0.026726,231.324226
bratu3d, 27792, 27792, 88627, 0, , 2.805760, 2.021601, 0.026112,217.223046
Bump_2911, 2911419, 2911419, 65320659, 0, , 1000000.000000, 0.004181, 1.399398,2987.370937
bundle1, 10581, 10581, 390741, 0, , 0.417587, 59.885516, 0.034406,726.824783
bundle_adj, 513351, 513351, 10360701, 0, , 1000000.000000, 0.000663, 0.413491,1603.625087
c-42, 10471, 10471, 60378, 0, , 0.436122, 8.860354, 0.026522,145.699811
c-43, 11125, 11125, 67400, 0, , 0.490906, 8.787025, 0.027136,158.962258
c-45, 13206, 13206, 93829, 0, , 0.688230, 8.725357, 0.027341,219.637176
c-46, 14913, 14913, 72655, 0, , 0.876237, 5.306693, 0.026931,172.659224
c-47, 15343, 15343, 113372, 0, , 0.926106, 7.834752, 0.028467,254.883101
c-48, 18354, 18354, 92217, 0, , 1.320653, 4.468917, 0.028160,209.584092
c-49, 21132, 21132, 89087, 0, , 1.748685, 3.260489, 0.029184,195.366237
c-50, 22401, 22401, 108013, 0, , 1.964749, 3.518431, 0.029594,233.592137
c-51, 23196, 23196, 113123, 0, , 2.103194, 3.442323, 0.029184,248.076765
c-52, 23948, 23948, 113332, 0, , 2.242560, 3.234361, 0.029286,247.666088
c-53, 30235, 30235, 201224, 0, , 3.565670, 3.611757, 0.028979,444.399291
c-54, 31793, 31793, 211743, 0, , 3.943731, 3.436226, 0.057242,236.743065
c-55, 32780, 32780, 218115, 0, , 4.191744, 3.330203, 0.033382,418.165250
c-56, 35910, 35910, 208405, 0, , 5.029581, 2.651895, 0.038605,345.499015
c-57, 37833, 37833, 221515, 0, , 5.580903, 2.540263, 0.033587,422.094138
c-58, 37595, 37595, 295076, 0, , 5.508608, 3.428246, 0.038400,491.793329
c-59, 41282, 41282, 260909, 0, , 6.643610, 2.513419, 0.035942,464.581559
c-60, 43640, 43640, 171109, 0, , 7.050957, 1.553119, 0.031232,350.633203
c-61, 43618, 43618, 176817, 0, , 6.899713, 1.640110, 0.032666,346.428277
c-62, 41731, 41731, 300537, 0, , 6.317875, 3.044436, 0.036966,520.320272
c-62ghs, 41731, 41731, 300537, 0, , 6.317568, 3.044584, 0.034406,559.034603
c-63, 44234, 44234, 239469, 0, , 7.623475, 2.010371, 0.033178,461.938667
c-64, 51035, 51035, 384438, 0, , 9.455616, 2.602055, 0.037274,660.092707
c-64b, 51035, 51035, 384438, 0, , 9.438720, 2.606713, 0.033792,728.102251
c-65, 48066, 48066, 204297, 0, , 8.376320, 1.560949, 0.033178,394.091443
c-66, 49989, 49989, 274498, 0, , 9.733632, 1.804863, 0.037581,467.469345
c-66b, 49989, 49989, 274498, 0, , 9.059533, 1.939159, 0.033894,518.311952
c-67b, 57975, 57975, 294955, 0, , 12.174028, 1.550606, 0.033485,563.751934
c-68, 64810, 64810, 315408, 0, , 15.215513, 1.326680, 0.036966,546.066462
c-69, 67458, 67458, 345714, 0, , 16.484760, 1.342191, 0.040038,552.611880
c-70, 68924, 68924, 363955, 0, , 17.201050, 1.354169, 0.036659,635.396316
c-71, 76638, 76638, 468096, 0, , 21.265203, 1.408787, 0.040346,742.538067
c-73, 169422, 169422, 724348, 0, , 103.863297, 0.446339, 0.052531,882.490243
c-73b, 169422, 169422, 724348, 0, , 103.862572, 0.446342, 0.053760,862.319078
ca-AstroPh, 18772, 18772, 198110, 0, , 1.287475, 9.847988, 0.033485,378.650627
ca-CondMat, 23133, 23133, 93497, 0, , 1.946522, 3.074103, 0.028672,208.698655
cage14, 1505785, 1505785, 27130349, 0, , 1000000.000000, 0.001736, 0.957542,1813.332027
cage15, 5154859, 5154859, 99199551, 0, , 1000000.000000, 0.006349, 4.498227,1411.394051
ca-HepPh, 12008, 12008, 118521, 0, , 0.531866, 14.261768, 0.027443,276.401582
caidaRouterLevel, 192244, 192244, 609066, 0, , 134.327301, 0.290188, 0.057037,683.422362
cant, 62451, 62451, 2034917, 0, , 1000000.000000, 0.000130, 0.123085,1058.089161
case39, 40216, 40216, 526139, 0, , 5.865369, 5.740968, 0.046797,719.555545
case9, 14454, 14454, 75801, 0, , 0.822579, 5.897625, 0.025190,192.583833
c-big, 345241, 345241, 1343126, 0, , 1000000.000000, 0.000086, 0.080077,1073.470245
cbuckle, 13681, 13681, 345098, 0, , 0.743219, 29.717037, 0.030106,733.626707
ccc, 49152, 49152, 73728, 0, , 9.403085, 0.501813, 0.031027,152.079204
cfd1, 70656, 70656, 949510, 0, , 18.084249, 3.360307, 0.061850,982.522764
Chebyshev4, 68121, 68121, 5377761, 0, , 1000000.000000, 0.000344, 0.135885,2532.856583
circuit_4, 80209, 80209, 307604, 0, , 24.410112, 0.806496, 0.038400,512.673329
circuit5M, 5558326, 5558326, 59524291, 0, , 1000000.000000, 0.003810, 5.513933,690.896092
circuit5M_dc, 3523317, 3523317, 19194193, 0, , 1000000.000000, 0.001228, 1.379635,890.400823
citationCiteseer, 268495, 268495, 1156647, 0, , 1000000.000000, 0.000074, 0.078438,943.739378
cit-Patents, 3774768, 3774768, 16518948, 0, , 1000000.000000, 0.001057, 1.902797,555.609880
ckt11752_dc_1, 49702, 49702, 333029, 0, , 8.955085, 2.380084, 0.033894,628.831215
ckt11752_tr_0, 49702, 49702, 333029, 0, , 8.954164, 2.380329, 0.034611,615.808039
cnr-2000, 325557, 325557, 3216152, 0, , 1000000.000000, 0.000206, 0.185139,1111.778190
CO, 221119, 221119, 3943588, 0, , 1000000.000000, 0.000252, 0.123802,2038.662102
coAuthorsCiteseer, 227320, 227320, 814134, 0, , 187.989105, 0.277168, 0.058778,886.469940
coAuthorsDBLP, 299067, 299067, 977676, 0, , 325.061829, 0.192490, 0.069222,903.916387
cond-mat-2003, 31163, 31163, 120029, 0, , 3.524403, 2.179619, 0.030310,253.439600
cond-mat-2005, 40421, 40421, 175693, 0, , 5.927629, 1.896939, 0.034816,322.965075
conf5_4-8x8-05, 49152, 49152, 1916928, 0, , 1000000.000000, 0.000123, 0.145203,844.908339
conf5_4-8x8-10, 49152, 49152, 1916928, 0, , 1000000.000000, 0.000123, 0.144589,848.498559
conf5_4-8x8-15, 49152, 49152, 1916928, 0, , 1000000.000000, 0.000123, 0.145203,844.908339
conf5_4-8x8-20, 49152, 49152, 1916928, 0, , 1000000.000000, 0.000123, 0.144282,850.305170
conf6_0-8x8-20, 49152, 49152, 1916928, 0, , 1000000.000000, 0.000123, 0.144486,849.099909
conf6_0-8x8-30, 49152, 49152, 1916928, 0, , 1000000.000000, 0.000123, 0.144384,849.702112
conf6_0-8x8-80, 49152, 49152, 1916928, 0, , 1000000.000000, 0.000123, 0.144998,846.101722
consph, 83334, 83334, 3046907, 0, , 1000000.000000, 0.000195, 0.196506,992.348583
cont-201, 80595, 80595, 239596, 0, , 24.129843, 0.635485, 0.039219,390.985634
cont-300, 180895, 180895, 539396, 0, , 118.386490, 0.291599, 0.049050,703.804788
coPapersCiteseer, 434102, 434102, 16036720, 0, , 1000000.000000, 0.001026, 0.634880,1616.604792
coPapersDBLP, 540486, 540486, 15245729, 0, , 1000000.000000, 0.000976, 0.698368,1397.152630
copter1, 17222, 17222, 114143, 0, , 1.165312, 6.268838, 0.024883,293.577672
CoupCons3D, 416800, 416800, 22322336, 0, , 1000000.000000, 0.001429, 1.281126,1115.135477
crankseg_1, 52804, 52804, 5333507, 0, , 1000000.000000, 0.000341, 0.161792,2109.773285
crankseg_2, 63838, 63838, 7106348, 0, , 1000000.000000, 0.000455, 0.208896,2177.190022
crplat2, 18010, 18010, 489478, 0, , 1.280819, 24.458246, 0.038810,807.186666
crystk02, 13965, 13965, 491274, 0, , 0.778445, 40.390193, 0.048333,650.521696
crystk03, 24696, 24696, 887937, 0, , 2.408551, 23.594261, 0.075162,756.077145
crystm02, 13965, 13965, 168435, 0, , 0.770253, 13.995197, 0.025805,417.745539
crystm03, 24696, 24696, 304233, 0, , 2.385101, 8.163560, 0.029184,667.177661
ct2010, 67578, 67578, 168176, 0, , 17.767220, 0.605793, 0.038707,278.068785
ct20stif, 52329, 52329, 1375396, 0, , 1000000.000000, 0.000088, 0.074138,1187.323923
Cube_Coup_dt0, 2164760, 2164760, 64685452, 0, , 1000000.000000, 0.004140, 3.876352,1067.980669
Cube_Coup_dt6, 2164760, 2164760, 64685452, 0, , 1000000.000000, 0.004140, 3.877376,1067.698552
CurlCurl_0, 11083, 11083, 62213, 0, , 0.454451, 8.761408, 0.027955,142.429023
CurlCurl_4, 2380515, 2380515, 14448191, 0, , 1000000.000000, 0.000925, 0.604979,1528.456272
cvxqp3, 17500, 17500, 69981, 0, , 1.117901, 4.006424, 0.023654,189.342534
cyl6, 13681, 13681, 363961, 0, , 0.692224, 33.650241, 0.030515,763.341026
darcy003, 389874, 389874, 1167685, 0, , 1000000.000000, 0.000075, 0.079360,941.681425
dawson5, 51537, 51537, 531157, 0, , 10.347111, 3.285366, 0.035942,945.792392
dblp-2010, 326186, 326186, 807700, 0, , 385.841553, 0.133974, 0.067686,763.710256
dc3, 116835, 116835, 766396, 0, , 49.412506, 0.992650, 0.046592,1052.741755
de2010, 24115, 24115, 58028, 0, , 2.115379, 1.755615, 0.028058,132.363143
debr, 1048576, 1048576, 2097149, 0, , 1000000.000000, 0.000134, 0.303718,441.914405
delaunay_n15, 32768, 32768, 98274, 0, , 4.184781, 1.502955, 0.026419,238.066874
delaunay_n16, 65536, 65536, 196575, 0, , 16.510975, 0.761966, 0.031027,405.476474
delaunay_n17, 131072, 131072, 393176, 0, , 62.164070, 0.404788, 0.044749,562.322642
delaunay_n18, 262144, 262144, 786396, 0, , 250.269196, 0.201101, 0.059392,847.409494
delaunay_n19, 524288, 524288, 1572823, 0, , 1000000.000000, 0.000101, 0.135270,744.144088
delaunay_n20, 1048576, 1048576, 3145686, 0, , 1000000.000000, 0.000201, 0.257638,781.420389
delaunay_n21, 2097152, 2097152, 6291408, 0, , 1000000.000000, 0.000403, 0.508109,792.448599
delaunay_n22, 4194304, 4194304, 12582869, 0, , 1000000.000000, 0.000805, 0.983859,818.515140
denormal, 89400, 89400, 622812, 0, , 28.929434, 1.377834, 0.035533,1121.779559
dictionary28, 52652, 52652, 89038, 0, , 10.044006, 0.567347, 0.028774,198.038266
dielFilterV2clx, 607232, 607232, 12958252, 0, , 1000000.000000, 0.000829, 0.587571,1411.451309
dielFilterV2real, 1157456, 1157456, 24848204, 0, , 1000000.000000, 0.001590, 1.116365,1424.521004
dielFilterV3clx, 420408, 420408, 16653308, 0, , 1000000.000000, 0.001066, 0.926822,1149.963293
Dubcova1, 16129, 16129, 134569, 0, , 1.024922, 8.403000, 0.026010,331.124491
Dubcova3, 146689, 146689, 1891669, 0, , 1000000.000000, 0.000121, 0.058470,2070.565957
e40r0100, 17281, 17281, 553562, 0, , 1.181696, 29.980610, 0.048538,729.907700
EAT_RS, 23219, 23219, 325592, 0, , 2.110259, 9.874563, 0.036557,570.013987
ecology1, 1000000, 1000000, 2998000, 0, , 1000000.000000, 0.000192, 0.225997,849.003156
ecology2, 999999, 999999, 2997995, 0, , 1000000.000000, 0.000192, 0.230810,831.298549
email-Enron, 36692, 36692, 183831, 0, , 5.266841, 2.233822, 0.030720,382.981232
Emilia_923, 923136, 923136, 20964171, 0, , 1000000.000000, 0.001342, 0.674202,1990.067921
engine, 143571, 143571, 2424822, 0, , 1000000.000000, 0.000155, 0.094003,1650.886429
enron, 69244, 69244, 276143, 0, , 18.667316, 0.946743, 0.037171,475.452825
eu-2005, 862664, 862664, 19235140, 0, , 1000000.000000, 0.001231, 0.907571,1356.421328
ex11, 16614, 16614, 1096948, 0, , 1000000.000000, 0.000070, 0.065741,1067.901092
ex19, 12005, 12005, 259879, 0, , 0.573338, 29.009533, 0.031334,530.798608
F1, 343791, 343791, 13590452, 0, , 1000000.000000, 0.000870, 0.808550,1075.738721
F2, 71505, 71505, 2682895, 0, , 1000000.000000, 0.000172, 0.145818,1177.534660
Fault_639, 638802, 638802, 14626683, 0, , 1000000.000000, 0.000936, 0.478720,1955.438914
fcondp2, 201822, 201822, 5748069, 0, , 1000000.000000, 0.000368, 0.340685,1079.814600
fem_hifreq_circuit, 491100, 491100, 20239237, 0, , 1000000.000000, 0.001295, 1.433702,903.472849
filter3D, 106437, 106437, 1406808, 0, , 1000000.000000, 0.000090, 0.057549,1564.510754
finance256, 37376, 37376, 167936, 0, , 5.443277, 1.974528, 0.028979,370.883391
Flan_1565, 1564794, 1564794, 59485419, 0, , 1000000.000000, 0.003807, 3.894681,977.504006
flickr, 820878, 820878, 9837214, 0, , 1000000.000000, 0.000630, 0.482918,1303.702010
foldoc, 13356, 13356, 120238, 0, , 0.705331, 10.910098, 0.027750,277.301663
Freescale1, 3428755, 3428755, 18920347, 0, , 1000000.000000, 0.001211, 1.711411,707.545999
fullb, 199187, 199187, 5953632, 0, , 1000000.000000, 0.000381, 0.300954,1266.083690
FullChip, 2987012, 2987012, 26621990, 0, , 1000000.000000, 0.001704, 1.849549,921.201664
fxm4_6, 18892, 18892, 258368, 0, , 1.306214, 12.659141, 0.030106,549.251705
G2_circuit, 150102, 150102, 438388, 0, , 81.541733, 0.344079, 0.042906,653.920065
G3_circuit, 1585478, 1585478, 4623152, 0, , 1000000.000000, 0.000296, 0.355840,831.502178
Ga10As10H30, 113081, 113081, 3114357, 0, , 1000000.000000, 0.000199, 0.090317,2206.885574
Ga19As19H42, 133123, 133123, 4508981, 0, , 1000000.000000, 0.000289, 0.113357,2545.720871
Ga3As3H12, 61349, 61349, 3016148, 0, , 1000000.000000, 0.000193, 0.070042,2755.983075
Ga41As41H72, 268096, 268096, 9378286, 0, , 1000000.000000, 0.000600, 0.227430,2639.094540
GaAsH6, 61349, 61349, 1721579, 0, , 1000000.000000, 0.000110, 0.054784,2011.190424
gas_sensor, 66917, 66917, 885141, 0, , 17.258598, 3.282365, 0.039424,1436.917237
Ge87H76, 112985, 112985, 4002590, 0, , 1000000.000000, 0.000256, 0.113562,2255.742896
Ge99H100, 112985, 112985, 4282190, 0, , 1000000.000000, 0.000274, 0.119910,2285.541297
gearbox, 153746, 153746, 4617075, 0, , 1000000.000000, 0.000295, 0.234394,1260.669251
Geo_1438, 1437960, 1437960, 32297325, 0, , 1000000.000000, 0.002067, 0.934912,2210.934044
gridgena, 48962, 48962, 280523, 0, , 9.338470, 1.922528, 0.030413,590.326196
gsm_106857, 589446, 589446, 11174185, 0, , 1000000.000000, 0.000715, 0.599450,1193.007478
gupta1, 31802, 31802, 1098006, 0, , 1000000.000000, 0.000070, 0.075674,928.624855
gupta2, 62064, 62064, 2155175, 0, , 1000000.000000, 0.000138, 0.127283,1083.655943
gupta3, 16783, 16783, 4670105, 0, , 1000000.000000, 0.000299, 0.155853,1917.750148
gyro, 17361, 17361, 519260, 0, , 1.193574, 27.842956, 0.046797,710.147722
gyro_k, 17361, 17361, 519260, 0, , 1.194291, 27.826245, 0.047002,707.053373
gyro_m, 17361, 17361, 178896, 0, , 1.185178, 9.660446, 0.028365,403.646189
H2O, 67024, 67024, 1141880, 0, , 1000000.000000, 0.000073, 0.051814,1410.424870
halfb, 224617, 224617, 6306219, 0, , 1000000.000000, 0.000404, 0.299827,1346.102101
Hamrle3, 1447360, 1447360, 5514242, 0, , 1000000.000000, 0.000353, 0.615219,573.635350
hangGlider_4, 15561, 15561, 79088, 0, , 0.953856, 5.306495, 0.028365,178.447645
hangGlider_5, 16011, 16011, 82070, 0, , 1.007616, 5.212779, 0.025498,205.998992
helm2d03, 392257, 392257, 1567096, 0, , 1000000.000000, 0.000100, 0.108442,924.867773
helm3d01, 32226, 32226, 230335, 0, , 4.054016, 3.636256, 0.029491,499.858923
hi2010, 25016, 25016, 62063, 0, , 2.443674, 1.625435, 0.028262,140.541211
hollywood-2009, 1139905, 1139905, 57515616, 0, , 1000000.000000, 0.003681, 2.189209,1681.428538
hood, 220542, 220542, 5494489, 0, , 1000000.000000, 0.000352, 0.337613,1041.569811
Hook_1498, 1498023, 1498023, 31207734, 0, , 1000000.000000, 0.001997, 1.040384,1919.767089
HTC_336_4438, 226340, 226340, 565431, 0, , 187.014145, 0.193502, 0.059597,607.206822
HTC_336_9129, 226340, 226340, 554881, 0, , 186.562149, 0.190351, 0.059802,593.836663
hugetric-00000, 5824554, 5824554, 8733523, 0, , 1000000.000000, 0.000559, 1.360998,410.687812
human_gene1, 22283, 22283, 12345963, 0, , 1000000.000000, 0.000790, 0.388813,2032.190358
human_gene2, 14340, 14340, 9041364, 0, , 1000000.000000, 0.000579, 0.282829,2045.927713
HV15R, 2017169, 2017169, 283073458, 0, , 1000000.000000, 0.018117, 9.685402,1870.516213
ibm_matrix_2, 51448, 51448, 1056610, 0, , 1000000.000000, 0.000068, 0.038605,1751.674453
igbt3, 10938, 10938, 234006, 0, , 0.444621, 33.683498, 0.028058,533.772828
in-2004, 1382908, 1382908, 16917053, 0, , 1000000.000000, 0.001083, 0.692019,1564.539580
inlet, 11730, 11730, 328323, 0, , 0.549274, 38.255384, 0.034202,614.376851
inline_1, 503712, 503712, 18660027, 0, , 1000000.000000, 0.001194, 1.068851,1117.313378
ins2, 309412, 309412, 1530448, 0, , 1000000.000000, 0.000098, 0.093389,1048.826734
italy_osm, 6686493, 6686493, 7013978, 0, , 1000000.000000, 0.000449, 1.199821,374.134696
jan99jac120sc, 41374, 41374, 260202, 0, , 6.205440, 2.683601, 0.030208,551.275414
juba40k, 40337, 40337, 144945, 0, , 5.900186, 1.572235, 0.030618,302.978672
k3plates, 11107, 11107, 378927, 0, , 0.459469, 52.781230, 0.043110,562.540077
kim1, 38415, 38415, 933195, 0, , 5.756928, 10.374367, 0.035328,1690.570615
kkt_power, 2063494, 2063494, 8130343, 0, , 1000000.000000, 0.000520, 0.683520,761.268090
kron_g500-logn16, 65536, 65536, 2456398, 0, , 1000000.000000, 0.000157, 0.094310,1666.936703
kron_g500-logn17, 131072, 131072, 5114375, 0, , 1000000.000000, 0.000327, 0.177869,1840.232848
kron_g500-logn18, 262144, 262144, 10583222, 0, , 1000000.000000, 0.000677, 0.369869,1831.260713
kron_g500-logn19, 524288, 524288, 21781478, 0, , 1000000.000000, 0.001394, 0.751104,1855.954106
kron_g500-logn20, 1048576, 1048576, 44620272, 0, , 1000000.000000, 0.002856, 1.590272,1795.728861
laminar_duct3D, 67173, 67173, 3833077, 0, , 1000000.000000, 0.000245, 0.144486,1697.854761
language, 399130, 399130, 1216334, 0, , 1000000.000000, 0.000078, 0.141824,548.887203
largebasis, 440020, 440020, 5560100, 0, , 1000000.000000, 0.000356, 0.189440,1878.412162
ldoor, 952203, 952203, 23737339, 0, , 1000000.000000, 0.001519, 1.444762,1051.515859
lhr34, 35152, 35152, 764014, 0, , 4.823347, 10.137545, 0.052941,923.614642
lhr34c, 35152, 35152, 764014, 0, , 4.823962, 10.136253, 0.051917,941.831819
lhr71, 70304, 70304, 1528092, 0, , 1000000.000000, 0.000098, 0.083149,1176.179168
lhr71c, 70304, 70304, 1528092, 0, , 1000000.000000, 0.000098, 0.083251,1174.732443
li, 22695, 22695, 1350309, 0, , 1000000.000000, 0.000086, 0.077312,1117.805484
ljournal-2008, 5363260, 5363260, 79023142, 0, , 1000000.000000, 0.005057, 5.416551,933.708850
Long_Coup_dt0, 1470152, 1470152, 44279572, 0, , 1000000.000000, 0.002834, 2.575770,1100.211988
Long_Coup_dt6, 1470152, 1470152, 44279572, 0, , 1000000.000000, 0.002834, 2.583859,1096.767405
lowThrust_10, 18260, 18260, 116074, 0, , 1.225318, 6.062698, 0.027955,265.737167
lowThrust_11, 18368, 18368, 117002, 0, , 1.239654, 6.040496, 0.025907,289.036555
lowThrust_12, 18458, 18458, 117423, 0, , 1.252762, 5.998805, 0.025395,295.924903
lowThrust_13, 18476, 18476, 117580, 0, , 1.255424, 5.994086, 0.027034,278.361740
lowThrust_4, 13562, 13562, 84240, 0, , 0.679834, 7.930411, 0.024269,222.151899
lowThrust_5, 16262, 16262, 103701, 0, , 0.974950, 6.807386, 0.025088,264.543364
lowThrust_6, 16928, 16928, 108376, 0, , 1.124864, 6.166136, 0.026317,263.560304
lowThrust_7, 17378, 17378, 110607, 0, , 1.186816, 5.964571, 0.025805,274.322919
lowThrust_8, 17702, 17702, 113139, 0, , 1.230746, 5.883341, 0.025805,280.602681
lowThrust_9, 18044, 18044, 114806, 0, , 1.276723, 5.755033, 0.026726,274.918574
lp1, 534388, 534388, 1088904, 0, , 1000000.000000, 0.000070, 0.132403,526.345728
luxembourg_osm, 114599, 114599, 119666, 0, , 49.499443, 0.154721, 0.041984,182.417679
m14b, 214765, 214765, 1679018, 0, , 1000000.000000, 0.000107, 0.077926,1378.957012
mario001, 38434, 38434, 114643, 0, , 5.758566, 1.274128, 0.027136,270.384424
mario002, 389874, 389874, 1167685, 0, , 1000000.000000, 0.000075, 0.078438,952.745579
mark3jac040sc, 18289, 18289, 113435, 0, , 1.312870, 5.529746, 0.027853,260.650271
mark3jac060sc, 27449, 27449, 170695, 0, , 2.943590, 3.711277, 0.035942,303.944093
me2010, 69518, 69518, 167738, 0, , 18.805042, 0.570870, 0.043008,249.610121
memplus, 17758, 17758, 126150, 0, , 1.159578, 6.962536, 0.027546,293.099430
mip1, 66463, 66463, 5209641, 0, , 1000000.000000, 0.000333, 0.105779,3152.009472
ML_Laplace, 377002, 377002, 27689972, 0, , 1000000.000000, 0.001772, 1.293824,1369.705772
mouse_gene, 45101, 45101, 14506196, 0, , 1000000.000000, 0.000928, 0.458752,2023.743808
msc10848, 10848, 10848, 620313, 0, , 0.476979, 83.232207, 0.039731,999.215565
msc23052, 23052, 23052, 588933, 0, , 2.089984, 18.034451, 0.049562,760.502341
msdoor, 415863, 415863, 10328399, 0, , 1000000.000000, 0.000661, 0.618496,1068.749916
m_t1, 97578, 97578, 4925574, 0, , 1000000.000000, 0.000315, 0.243712,1293.480588
mult_dcop_01, 25187, 25187, 193276, 0, , 2.487091, 4.973546, 0.031130,397.360215
mult_dcop_02, 25187, 25187, 193276, 0, , 2.485146, 4.977440, 0.034099,362.755251
mult_dcop_03, 25187, 25187, 193216, 0, , 2.481357, 4.983493, 0.031642,390.809067
NACA0015, 1039183, 1039183, 3114818, 0, , 1000000.000000, 0.000199, 0.313344,636.196483
nasasrb, 54870, 54870, 1366097, 0, , 1000000.000000, 0.000087, 0.052531,1664.348176
nd12k, 36000, 36000, 7128473, 0, , 1000000.000000, 0.000456, 0.152986,2982.125651
nd24k, 72000, 72000, 14393817, 0, , 1000000.000000, 0.000921, 0.312832,2944.725266
nd6k, 18000, 18000, 3457658, 0, , 1000000.000000, 0.000221, 0.082432,2684.517021
net100, 29920, 29920, 1031560, 0, , 1000000.000000, 0.000066, 0.062669,1053.472216
net125, 36720, 36720, 1306960, 0, , 1000000.000000, 0.000084, 0.074547,1122.046682
net150, 43520, 43520, 1582360, 0, , 1000000.000000, 0.000101, 0.088269,1147.302803
net4-1, 88343, 88343, 1265035, 0, , 1000000.000000, 0.000081, 0.098816,819.323175
net50, 16320, 16320, 480760, 0, , 1.047142, 29.383434, 0.041984,732.865840
net75, 23120, 23120, 756160, 0, , 2.094080, 23.110025, 0.050790,952.822594
netherlands_osm, 2216688, 2216688, 2441238, 0, , 1000000.000000, 0.000156, 0.430694,362.761243
nh2010, 48837, 48837, 117275, 0, , 9.288806, 0.808026, 0.030720,244.322905
NLR, 4163763, 4163763, 12487976, 0, , 1000000.000000, 0.000799, 1.794048,445.490029
NotreDame_www, 325729, 325729, 929849, 0, , 388.237518, 0.153283, 0.071168,836.195150
nv2010, 84538, 84538, 208499, 0, , 26.047693, 0.512289, 0.041677,320.176586
ohne2, 181343, 181343, 11063545, 0, , 1000000.000000, 0.000708, 0.574874,1231.691439
oilpan, 73752, 73752, 1835470, 0, , 1000000.000000, 0.000117, 0.103322,1136.936324
olafu, 16146, 16146, 515651, 0, , 1.034854, 31.890152, 0.047923,688.636466
onetone2, 36057, 36057, 227628, 0, , 5.068800, 2.874091, 0.032461,448.793378
OPF_10000, 43887, 43887, 255799, 0, , 7.504691, 2.181454, 0.031949,512.417886
opt1, 15449, 15449, 973052, 0, , 0.899072, 69.266232, 0.054784,1136.742992
p2p-Gnutella31, 62586, 62586, 147892, 0, , 14.280090, 0.662817, 0.031846,297.210601
parabolic_fem, 525825, 525825, 2100225, 0, , 1000000.000000, 0.000134, 0.137216,979.582586
patents, 3774768, 3774768, 14970767, 0, , 1000000.000000, 0.000958, 1.721958,556.418271
pattern1, 19242, 19242, 4671337, 0, , 1000000.000000, 0.000299, 0.099942,2991.378772
pcrystk02, 13965, 13965, 491274, 0, , 0.729293, 43.112362, 0.045670,688.444521
pcrystk03, 24696, 24696, 887937, 0, , 2.249216, 25.265677, 0.067072,847.268154
pct20stif, 52329, 52329, 1375396, 0, , 1000000.000000, 0.000088, 0.080998,1086.754071
pdb1HYS, 36417, 36417, 2190591, 0, , 1000000.000000, 0.000140, 0.107622,1302.682601
pds10, 16558, 16558, 83108, 0, , 1.076941, 4.938908, 0.028570,186.173835
PFlow_742, 742793, 742793, 18940627, 0, , 1000000.000000, 0.001212, 1.042944,1162.286931
pkustk01, 22044, 22044, 500712, 0, , 1.909146, 16.785293, 0.042701,750.467621
pkustk02, 10800, 10800, 410400, 0, , 0.469504, 55.943291, 0.036045,728.693176
pkustk03, 63336, 63336, 1596876, 0, , 1000000.000000, 0.000102, 0.098714,1035.318977
pkustk04, 55590, 55590, 2137125, 0, , 1000000.000000, 0.000137, 0.111718,1224.292460
pkustk05, 37164, 37164, 1121154, 0, , 1000000.000000, 0.000072, 0.063898,1122.950760
pkustk06, 43164, 43164, 1307466, 0, , 1000000.000000, 0.000084, 0.072602,1152.561730
pkustk07, 16860, 16860, 1217832, 0, , 1000000.000000, 0.000078, 0.055706,1399.163578
pkustk08, 22209, 22209, 1624440, 0, , 1000000.000000, 0.000104, 0.066970,1552.408319
pkustk09, 33960, 33960, 808800, 0, , 4.515430, 11.463625, 0.057958,893.109537
pkustk10, 80676, 80676, 2194830, 0, , 1000000.000000, 0.000140, 0.127590,1100.937950
pkustk11, 87804, 87804, 2652858, 0, , 1000000.000000, 0.000170, 0.122573,1385.159735
pkustk12, 94653, 94653, 3803485, 0, , 1000000.000000, 0.000243, 0.140288,1735.166572
pkustk13, 94893, 94893, 3355860, 0, , 1000000.000000, 0.000215, 0.149094,1440.530536
pkustk14, 151926, 151926, 7494215, 0, , 1000000.000000, 0.000480, 0.324608,1477.566085
pli, 22695, 22695, 686502, 0, , 2.027111, 21.674264, 0.052838,831.518942
PR02R, 161070, 161070, 8185136, 0, , 1000000.000000, 0.000524, 0.459776,1139.356298
Pres_Poisson, 14822, 14822, 365313, 0, , 0.872243, 26.804487, 0.037376,625.535934
pwtk, 217918, 217918, 5926171, 0, , 1000000.000000, 0.000379, 0.219648,1726.739774
qa8fk, 66127, 66127, 863353, 0, , 16.850023, 3.279200, 0.037171,1486.489328
qa8fm, 66127, 66127, 863353, 0, , 15.951258, 3.463965, 0.036454,1515.718030
raefsky3, 21200, 21200, 1488768, 0, , 1000000.000000, 0.000095, 0.070042,1360.350822
raefsky4, 19779, 19779, 674195, 0, , 1.449574, 29.766310, 0.050586,852.979542
rajat15, 37261, 37261, 443573, 0, , 5.077299, 5.591294, 0.037683,753.350866
rajat22, 39899, 39899, 197264, 0, , 6.201447, 2.035799, 0.030515,413.724834
rajat26, 51032, 51032, 249302, 0, , 10.138521, 1.573733, 0.033792,472.162865
rajat29, 643994, 643994, 4866270, 0, , 1000000.000000, 0.000311, 0.256410,1214.624114
rajat30, 643994, 643994, 6175377, 0, , 1000000.000000, 0.000395, 0.292147,1352.825282
ramage02, 16830, 16830, 1441591, 0, , 1000000.000000, 0.000092, 0.075469,1222.516073
Reuters911, 13332, 13332, 148038, 0, , 0.700928, 13.516983, 0.028672,330.441955
rgg_n_2_15_s0, 32768, 32768, 160240, 0, , 4.186727, 2.449494, 0.029082,352.640834
rgg_n_2_22_s0, 4194304, 4194304, 30359198, 0, , 1000000.000000, 0.001943, 1.178522,1648.666106
ri2010, 25181, 25181, 62875, 0, , 2.304615, 1.746062, 0.028058,143.419257
rim, 22560, 22560, 1014951, 0, , 1000000.000000, 0.000065, 0.087859,739.329096
RM07R, 381689, 381689, 37464962, 0, , 1000000.000000, 0.002398, 1.314099,1824.639676
rma10, 46835, 46835, 2374001, 0, , 1000000.000000, 0.000152, 0.115302,1317.718187
roadNet-CA, 1971281, 1971281, 2766607, 0, , 1000000.000000, 0.000177, 0.397005,445.996749
roadNet-PA, 1090920, 1090920, 1541898, 0, , 1000000.000000, 0.000099, 0.224563,439.437428
roadNet-TX, 1393383, 1393383, 1921660, 0, , 1000000.000000, 0.000123, 0.277402,443.350883
s3dkq4m2, 90449, 90449, 2455670, 0, , 1000000.000000, 0.000157, 0.083763,1876.275977
s3dkt3m2, 90449, 90449, 1921955, 0, , 1000000.000000, 0.000123, 0.054579,2253.699646
s4dkt3m2, 90449, 90449, 1921955, 0, , 1000000.000000, 0.000123, 0.053146,2314.493043
Serena, 1391349, 1391349, 32961525, 0, , 1000000.000000, 0.002110, 1.365094,1545.341947
shermanACb, 18510, 18510, 145149, 0, , 1.325773, 7.006884, 0.030310,306.480139
ship_001, 34920, 34920, 2339575, 0, , 1000000.000000, 0.000150, 0.105779,1415.522213
ship_003, 121728, 121728, 4103881, 0, , 1000000.000000, 0.000263, 0.208998,1256.700489
shipsec1, 140874, 140874, 3977139, 0, , 1000000.000000, 0.000255, 0.176640,1440.992408
shipsec5, 179860, 179860, 5146478, 0, , 1000000.000000, 0.000329, 0.228045,1444.341628
shipsec8, 114919, 114919, 3384159, 0, , 1000000.000000, 0.000217, 0.160768,1347.197085
Si10H16, 17077, 17077, 446500, 0, , 1.149030, 24.869664, 0.033178,861.304030
Si34H36, 97569, 97569, 2626974, 0, , 1000000.000000, 0.000168, 0.082534,2037.045531
Si41Ge41H72, 185639, 185639, 7598452, 0, , 1000000.000000, 0.000486, 0.174899,2780.464047
Si5H12, 19896, 19896, 379247, 0, , 1.553203, 15.626937, 0.031437,772.082631
Si87H76, 240369, 240369, 5451000, 0, , 1000000.000000, 0.000349, 0.165274,2110.827203
sinc15, 11532, 11532, 568526, 0, , 0.532890, 68.279928, 0.052736,689.958709
SiO, 33401, 33401, 675528, 0, , 4.356915, 9.923028, 0.037581,1150.422342
SiO2, 155331, 155331, 5719417, 0, , 1000000.000000, 0.000366, 0.129434,2828.034598
skirt, 12598, 12598, 104559, 0, , 0.627302, 10.667544, 0.024678,271.159231
smallworld, 100000, 100000, 499998, 0, , 37.060402, 0.863452, 0.036762,870.470061
sme3Dc, 42930, 42930, 3148656, 0, , 1000000.000000, 0.000202, 0.166093,1213.261398
smt, 25710, 25710, 1889447, 0, , 1000000.000000, 0.000121, 0.088166,1371.549831
soc-LiveJournal1, 4847571, 4847571, 68993773, 0, , 1000000.000000, 0.004416, 6.223667,709.485480
soc-sign-Slashdot090221, 82144, 82144, 549202, 0, , 24.425779, 1.439009, 0.049254,713.620069
sparsine, 50000, 50000, 799494, 0, , 9.072742, 5.639708, 0.053248,960.930286
srb1, 54924, 54924, 1508538, 0, , 1000000.000000, 0.000097, 0.074752,1291.556456
Stanford, 281903, 281903, 2312497, 0, , 1000000.000000, 0.000148, 0.110080,1344.474954
std1_Jac2, 21982, 21982, 1248731, 0, , 1000000.000000, 0.000080, 0.047616,1678.401918
std1_Jac3, 21982, 21982, 1455848, 0, , 1000000.000000, 0.000093, 0.054579,1707.138888
stokes128, 49666, 49666, 295938, 0, , 9.585869, 1.975828, 0.031232,606.430340
stokes64, 12546, 12546, 74242, 0, , 0.580403, 8.186530, 0.024166,196.615460
struct3, 53570, 53570, 613632, 0, , 10.405991, 3.774023, 0.033485,1172.844083
t2dah, 11445, 11445, 93781, 0, , 0.483533, 12.412775, 0.023040,260.502782
t2dah_a, 11445, 11445, 93781, 0, , 0.483533, 12.412775, 0.023245,258.207603
t2dah_e, 11445, 11445, 93781, 0, , 0.483738, 12.407520, 0.023962,250.483433
t3dh, 79171, 79171, 2215638, 0, , 1000000.000000, 0.000142, 0.126259,1123.093103
t3dh_a, 79171, 79171, 2215638, 0, , 1000000.000000, 0.000142, 0.128614,1102.526855
t3dh_e, 79171, 79171, 2215638, 0, , 1000000.000000, 0.000142, 0.124723,1136.924297
t3dl, 20360, 20360, 265113, 0, , 1.626112, 10.434233, 0.028058,604.728578
t3dl_a, 20360, 20360, 265113, 0, , 1.626214, 10.433576, 0.028672,591.770073
tandem_vtx, 18454, 18454, 135902, 0, , 1.336115, 6.509714, 0.027034,321.737687
ted_A, 10605, 10605, 424587, 0, , 0.450048, 60.379264, 0.038093,713.351796
ted_AB, 10605, 10605, 522387, 0, , 0.451072, 74.118477, 0.039526,845.833874
ted_AB_unscaled, 10605, 10605, 522387, 0, , 0.451072, 74.118477, 0.038502,868.329430
ted_A_unscaled, 10605, 10605, 424587, 0, , 0.449843, 60.406753, 0.037786,719.151449
ted_B_unscaled, 10605, 10605, 77592, 0, , 0.447488, 11.097253, 0.025190,197.134138
thread, 29736, 29736, 2249892, 0, , 1000000.000000, 0.000144, 0.086323,1668.069363
tmt_sym, 726713, 726713, 2903837, 0, , 1000000.000000, 0.000186, 0.184525,1007.157681
torso1, 116158, 116158, 8516500, 0, , 1000000.000000, 0.000545, 0.174285,3127.386828
transient, 178866, 178866, 961790, 0, , 117.624939, 0.523312, 0.055091,1117.321051
trdheim, 22098, 22098, 978711, 0, , 1.799680, 34.804802, 0.061645,1016.103637
Trefethen_20000, 20000, 20000, 287233, 0, , 1.458893, 12.600591, 0.027443,669.853070
Trefethen_20000b, 19999, 19999, 287217, 0, , 1.459098, 12.598121, 0.030310,606.454788
troll, 213453, 213453, 6099282, 0, , 1000000.000000, 0.000390, 0.281395,1387.209349
TSOPF_FS_b162_c1, 10798, 10798, 305732, 0, , 0.464077, 42.162952, 0.034509,567.010377
TSOPF_FS_b162_c3, 30798, 30798, 904612, 0, , 3.705446, 15.624344, 0.055501,1043.141155
TSOPF_FS_b162_c4, 40798, 40798, 1204322, 0, , 1000000.000000, 0.000077, 0.067686,1138.731042
TSOPF_FS_b300, 29214, 29214, 2203949, 0, , 1000000.000000, 0.000141, 0.061850,2280.576363
TSOPF_FS_b300_c1, 29214, 29214, 2203949, 0, , 1000000.000000, 0.000141, 0.062054,2273.049651
TSOPF_FS_b300_c2, 56814, 56814, 4391071, 0, , 1000000.000000, 0.000281, 0.103731,2709.199697
TSOPF_FS_b300_c3, 84414, 84414, 6578753, 0, , 1000000.000000, 0.000421, 0.168141,2504.092880
TSOPF_FS_b39_c19, 76216, 76216, 998359, 0, , 21.797888, 2.931246, 0.069632,917.609379
TSOPF_FS_b39_c30, 120216, 120216, 1575639, 0, , 1000000.000000, 0.000101, 0.098714,1021.550175
TSOPF_FS_b39_c7, 28216, 28216, 368599, 0, , 2.892595, 8.155422, 0.044646,528.381592
TSOPF_FS_b9_c6, 14454, 14454, 75801, 0, , 0.822477, 5.898360, 0.025088,193.369896
TSOPF_RS_b162_c3, 15374, 15374, 610299, 0, , 0.933581, 41.837982, 0.041677,937.191307
TSOPF_RS_b162_c4, 20374, 20374, 812749, 0, , 1.629798, 31.915566, 0.048845,1064.922707
TSOPF_RS_b2052_c1, 25626, 25626, 6761100, 0, , 1000000.000000, 0.000433, 0.121037,3575.031616
TSOPF_RS_b2383, 38120, 38120, 16171169, 0, , 1000000.000000, 0.001035, 0.282419,3664.604952
TSOPF_RS_b2383_c1, 38120, 38120, 16171169, 0, , 1000000.000000, 0.001035, 0.282214,3667.264337
TSOPF_RS_b300_c1, 14538, 14538, 1474325, 0, , 1000000.000000, 0.000094, 0.045978,2052.234069
TSOPF_RS_b300_c2, 28338, 28338, 2943887, 0, , 1000000.000000, 0.000188, 0.067789,2779.349607
TSOPF_RS_b300_c3, 42138, 42138, 4413449, 0, , 1000000.000000, 0.000282, 0.090931,3106.312607
TSOPF_RS_b39_c19, 38098, 38098, 684206, 0, , 5.659545, 7.737226, 0.067789,645.964902
TSOPF_RS_b39_c30, 60098, 60098, 1079986, 0, , 1000000.000000, 0.000069, 0.095539,723.463288
TSOPF_RS_b39_c7, 14098, 14098, 252446, 0, , 0.783667, 20.616589, 0.038298,421.868320
TSOPF_RS_b678_c1, 18696, 18696, 4396289, 0, , 1000000.000000, 0.000281, 0.057958,4854.559387
TSOPF_RS_b678_c2, 35696, 35696, 8781949, 0, , 1000000.000000, 0.000562, 0.187187,3002.581114
tsyl201, 20685, 20685, 1237821, 0, , 1000000.000000, 0.000079, 0.063386,1249.819268
tube1, 21498, 21498, 459277, 0, , 1.817703, 16.170814, 0.031744,925.961684
tube2, 21498, 21498, 459277, 0, , 1.816064, 16.185403, 0.033894,867.214910
turon_m, 189924, 189924, 912345, 0, , 131.947311, 0.442526, 0.048538,1202.986550
usroads, 129164, 129164, 165435, 0, , 60.377495, 0.175361, 0.039014,271.382881
usroads-48, 126146, 126146, 161950, 0, , 57.595390, 0.179959, 0.039117,264.970551
vanbody, 47072, 47072, 1191985, 0, , 1000000.000000, 0.000076, 0.059085,1291.144868
venturiLevel3, 4026819, 4026819, 8054237, 0, , 1000000.000000, 0.000515, 0.819917,628.687149
vibrobox, 12328, 12328, 177578, 0, , 0.603238, 18.839968, 0.027955,406.543022
viscorocks, 37762, 37762, 1162244, 0, , 1000000.000000, 0.000074, 0.063693,1167.849638
vsp_barth5_1Ksep_50in_5Kout, 32212, 32212, 101805, 0, , 4.046234, 1.610268, 0.027955,233.070044
vsp_bcsstk30_500sep_10in_1Kout, 58348, 58348, 2016578, 0, , 1000000.000000, 0.000129, 0.134349,960.641212
vsp_befref_fxm_2_4_air02, 14109, 14109, 98224, 0, , 0.784179, 8.016453, 0.027443,229.067161
vsp_bump2_e18_aa01_model1_crew1, 56438, 56438, 300801, 0, , 12.399718, 1.552557, 0.035533,541.788554
vsp_c-30_data_data, 11023, 11023, 62184, 0, , 0.449126, 8.861149, 0.024269,163.987342
vsp_c-60_data_cti_cs4, 85830, 85830, 241080, 0, , 26.670080, 0.578518, 0.031539,489.204565
vsp_finan512_scagr7-2c_rlfddd, 139752, 139752, 552020, 0, , 70.681908, 0.499835, 0.045466,777.055172
vsp_mod2_pgp2_slptsk, 101364, 101364, 389368, 0, , 37.187889, 0.670099, 0.039014,638.727050
vsp_model1_crew1_cr42_south31, 45101, 45101, 189976, 0, , 7.374336, 1.648754, 0.030208,402.491518
vsp_msc10848_300sep_100in_1Kout, 21996, 21996, 1221028, 0, , 1000000.000000, 0.000078, 0.076800,1017.523324
vsp_p0291_seymourl_iiasa, 10498, 10498, 53868, 0, , 0.409088, 8.427409, 0.027341,126.095508
vsp_sctap1-2b_and_seymourl, 40174, 40174, 140831, 0, , 5.867929, 1.536008, 0.034918,258.121330
vsp_south31_slptsk, 39668, 39668, 189914, 0, , 6.130688, 1.982566, 0.031130,390.448208
vsp_vibrobox_scagr7-2c_rlfddd, 77328, 77328, 435586, 0, , 22.285824, 1.250907, 0.036557,762.580507
vt2010, 32580, 32580, 77799, 0, , 3.853517, 1.292102, 0.028570,174.280914
wathen100, 30401, 30401, 251001, 0, , 3.358720, 4.782793, 0.026112,615.198549
wathen120, 36441, 36441, 301101, 0, , 4.817203, 4.000343, 0.027443,702.194487
web-Google, 916428, 916428, 5105039, 0, , 1000000.000000, 0.000327, 0.317952,1027.584375
web-NotreDame, 325729, 325729, 1497134, 0, , 1000000.000000, 0.000096, 0.089702,1068.160702
wikipedia-20051105, 1634989, 1634989, 19753078, 0, , 1000000.000000, 0.001264, 1.202074,1051.680213
wikipedia-20060925, 2983494, 2983494, 37269096, 0, , 1000000.000000, 0.002385, 2.592768,919.952048
wikipedia-20061104, 3148440, 3148440, 39383235, 0, , 1000000.000000, 0.002521, 2.790093,903.384646
wikipedia-20070206, 3566907, 3566907, 45030389, 0, , 1000000.000000, 0.002882, 3.286118,877.005822
wiki-Talk, 2394385, 2394385, 5021410, 0, , 1000000.000000, 0.000321, 0.794317,404.586978
windscreen, 22692, 22692, 752541, 0, , 1.888870, 25.498109, 0.059187,813.733812
wing_nodal, 10937, 10937, 75488, 0, , 0.443290, 10.898591, 0.025395,190.241938
wy2010, 86204, 86204, 213793, 0, , 26.898945, 0.508672, 0.036454,375.338830
x104, 108384, 108384, 5138004, 0, , 1000000.000000, 0.000329, 0.277709,1184.090186
Zd_Jac2, 22835, 22835, 1642833, 0, , 1000000.000000, 0.000105, 0.054170,1940.965222
Zd_Jac3, 22835, 22835, 1916152, 0, , 1000000.000000, 0.000123, 0.060006,2043.677544
Zd_Jac6, 22835, 22835, 1711983, 0, , 1000000.000000, 0.000110, 0.054682,2003.725453
