dataSet,rows_,columns_,nonzeros_,Sputnik_time,Sputnik_gflops,cuSPARSE_time,cuSPARSE_gflops,rode,ours_gflops
144, 144649, 144649, 1074393, 0.330650, 1663.662172, 0.439910, 1250.457369, 0.275558, 1996.270902
2D_27628_bjtcai, 27628, 27628, 442898, 0.033280, 3406.907683, 0.049152, 2306.760475, 0.024781, 4575.392664
2D_54019_highK, 54019, 54019, 996414, 0.070042, 3641.863887, 0.088576, 2879.809218, 0.050173, 5084.069155
333SP, 3712815, 3712815, 11108633, 10.907955, 521.419460, 11.725200, 485.076600, 8.646666, 657.781869
3D_28984_Tetra, 28984, 28984, 599170, 0.102909, 1490.518954, 0.056192, 2729.703935, 0.041984, 3653.475540
3D_51448_3D, 51448, 51448, 1056610, 0.157491, 1717.506554, 0.093597, 2889.972363, 0.056819, 4760.576663
3Dspectralwave, 680943, 680943, 17165766, 4.510496, 1909.889847, 3.687190, 2336.345620, 3.317862, 2596.415991
3Dspectralwave2, 292008, 292008, 7307376, 1.617920, 2266.257071, 1.689408, 2170.359461, 1.470259, 2493.861280
3dtube, 45330, 45330, 1629474, 0.163222, 5040.277721, 0.342835, 2399.654936, 0.162179, 5072.698773
598a, 110971, 110971, 741934, 0.227098, 1672.717796, 0.304845, 1246.110143, 0.205926, 1844.689259
a0nsdsil, 80016, 80016, 200021, 0.191830, 473.797196, 0.109450, 830.416036, 0.078810, 1153.269434
a2nnsnsl, 80016, 80016, 196115, 0.190278, 467.151461, 0.107946, 823.459542, 0.078746, 1128.810177
a5esindl, 60008, 60008, 145004, 0.231014, 282.584226, 0.056934, 1146.600751, 0.039446, 1654.929887
adaptive, 6815744, 6815744, 13624320, 12.682035, 550.041993, 17.146765, 406.820283, 12.622842, 552.621354
af_0_k101, 503625, 503625, 9027150, 0.964486, 4658.409659, 1.696358, 2648.598646, 2.375139, 1891.667120
af_1_k101, 503625, 503625, 9027150, 0.965014, 4655.861068, 1.694387, 2651.680018, 2.367795, 1897.534396
af_2_k101, 503625, 503625, 9027150, 0.964336, 4659.136168, 1.695312, 2650.233698, 2.364723, 1899.999454
af_3_k101, 503625, 503625, 9027150, 0.963914, 4661.177779, 1.691763, 2655.793096, 2.374982, 1891.791998
af_4_k101, 503625, 503625, 9027150, 0.964186, 4659.862904, 1.691955, 2655.491611, 2.363078, 1901.322011
af_5_k101, 503625, 503625, 9027150, 0.964838, 4656.710135, 1.695114, 2650.543832, 2.366784, 1898.345172
af_shell1, 504855, 504855, 9046865, 0.992870, 4535.085225, 1.711923, 2630.230114, 2.386806, 1886.517413
af_shell10, 1508065, 1508065, 27090195, 3.023155, 4460.278832, 4.872294, 2767.508395, 7.097568, 1899.821978
af_shell2, 504855, 504855, 9046865, 0.992461, 4536.956921, 1.711718, 2630.544886, 2.386717, 1886.588270
af_shell3, 504855, 504855, 9046865, 0.992666, 4536.021098, 1.710899, 2631.804433, 2.387034, 1886.337880
af_shell4, 504855, 504855, 9046865, 0.992566, 4536.474359, 1.710285, 2632.749812, 2.387165, 1886.234185
af_shell5, 504855, 504855, 9046865, 0.993254, 4533.332157, 1.711309, 2631.174362, 2.385920, 1887.218385
af_shell6, 504855, 504855, 9046865, 0.992563, 4536.488743, 1.710982, 2631.676517, 2.386637, 1886.651595
af_shell7, 504855, 504855, 9046865, 0.992973, 4534.617869, 1.711312, 2631.169670, 2.387149, 1886.246845
af_shell8, 504855, 504855, 9046865, 0.992640, 4536.137891, 1.711411, 2631.016891, 2.387149, 1886.246845
af_shell9, 504855, 504855, 9046865, 0.992883, 4535.026855, 1.710797, 2631.961998, 2.386835, 1886.494649
ak2010, 45292, 45292, 108549, 0.036864, 1507.624977, 0.045875, 1211.484358, 0.027955, 1988.076833
Andrews, 60000, 60000, 410077, 0.093286, 2086.042787, 0.113955, 1707.683585, 0.089808, 2166.838432
AS365, 3799275, 3799275, 11368076, 14.098557, 412.840485, 14.388224, 404.529093, 11.632618, 500.356406
as-caida, 31379, 31379, 106762, 0.081306, 336.152396, 0.029696, 920.362081, 0.021197, 1289.396107
ASIC_680k, 682862, 682862, 3871773, 13.089783, 75.721187, 1.830314, 541.532251, 1.308979, 757.211321
as-Skitter, 1696415, 1696415, 11095298, 6.276889, 905.033082, 6.313267, 899.818185, 5.009203, 1134.071067
astro-ph, 16706, 16706, 121251, 0.031853, 1948.981335, 0.038874, 1596.983826, 0.026966, 2302.143201
audikw_1, 943695, 943695, 39297771, 7.515859, 2644.923520, 7.912035, 2512.485334, 6.247910, 3181.683451
auto, 448695, 448695, 3314611, 1.984502, 855.166929, 1.600691, 1060.217491, 0.880317, 1927.806870
barrier2-1, 113076, 113076, 3805068, 0.510362, 1908.641564, 0.468480, 2079.272065, 0.453734, 2146.844966
barrier2-10, 115625, 115625, 3897557, 0.550080, 1813.871742, 0.480870, 2074.934562, 0.467418, 2134.653350
barrier2-11, 115625, 115625, 3897557, 0.551530, 1809.104344, 0.481408, 2072.617286, 0.467242, 2135.457432
barrier2-12, 115625, 115625, 3897557, 0.548045, 1820.607793, 0.480461, 2076.703488, 0.467558, 2134.010695
barrier2-2, 113076, 113076, 3805068, 0.509235, 1912.863495, 0.468890, 2077.455697, 0.453427, 2148.299366
barrier2-3, 113076, 113076, 3805068, 0.510464, 1908.258774, 0.469389, 2075.246297, 0.453603, 2147.465814
barrier2-4, 113076, 113076, 3805068, 0.509514, 1911.818205, 0.468966, 2077.115613, 0.453530, 2147.814422
barrier2-9, 115625, 115625, 3897557, 0.549347, 1816.291362, 0.480256, 2077.589083, 0.467162, 2135.823183
bauru5727, 40366, 40366, 145019, 0.026829, 1383.769154, 0.037312, 994.984536, 0.018022, 2059.928961
bbmat, 38744, 38744, 1771722, 0.166378, 2726.093062, 0.182272, 2488.373526, 0.080685, 5621.391363
bcsstk17, 10974, 10974, 219812, 0.032992, 3326.091235, 0.044230, 2480.972445, 0.028058, 3911.040276
bcsstk18, 11948, 11948, 80519, 0.021030, 1814.850823, 0.025395, 1502.923407, 0.015360, 2484.833215
bcsstk25, 15439, 15439, 133840, 0.029696, 2174.491407, 0.032579, 1982.052755, 0.020774, 3108.330218
bcsstk29, 13992, 13992, 316740, 0.052502, 3020.603419, 0.062746, 2527.490782, 0.038502, 4118.936051
bcsstk30, 28924, 28924, 1036208, 0.142515, 3670.724053, 0.210550, 2484.601991, 0.101786, 5139.567395
bcsstk31, 35588, 35588, 608502, 0.100045, 3023.070659, 0.112714, 2683.283101, 0.071702, 4218.024558
bcsstk32, 44609, 44609, 1029655, 0.135875, 3795.861580, 0.187456, 2751.384092, 0.122163, 4221.921613
bcsstk35, 30237, 30237, 740200, 0.083354, 4453.817413, 0.136480, 2720.118218, 0.086528, 4290.423213
bcsstk36, 23052, 23052, 583096, 0.065610, 4460.381533, 0.108630, 2693.940680, 0.069926, 4185.026602
bcsstk37, 25503, 25503, 583240, 0.073830, 3956.230828, 0.102605, 2846.749155, 0.069120, 4225.840631
bcsstk39, 46772, 46772, 1068033, 0.106493, 5022.492004, 0.171190, 3124.353052, 0.143872, 3717.605014
bcsstm36, 23052, 23052, 166389, 0.030208, 2716.999951, 0.034010, 2413.293210, 0.021696, 3782.961687
belgium_osm, 1441295, 1441295, 1549970, 2.205491, 359.822166, 2.731178, 290.565016, 1.854643, 427.890722
BenElechi1, 245874, 245874, 6698185, 0.660989, 5093.167898, 1.369702, 2457.852809, 1.277344, 2635.567929
blockqp1, 60012, 60012, 340022, 0.854221, 191.810424, 0.086016, 1904.860134, 0.054358, 3014.225056
bloweya, 30004, 30004, 80005, 0.188349, 203.889288, 0.032634, 1176.771929, 0.024173, 1588.657712
bloweybl, 30003, 30003, 70001, 0.187699, 163.666122, 0.030208, 1016.949134, 0.023795, 1291.016708
bmw3_2, 227362, 227362, 5757996, 0.762573, 3789.656844, 1.136467, 2542.870885, 1.104794, 2615.772905
bmw7st_1, 141347, 141347, 3740507, 0.466211, 4030.264946, 0.736870, 2549.912159, 0.710109, 2646.009653
bmwcra_1, 148770, 148770, 5396386, 0.603066, 4518.355175, 1.145242, 2379.292205, 0.824093, 3306.502147
bone010, 986703, 986703, 36326514, 4.557107, 4025.926656, 7.229238, 2537.830249, 5.322118, 3447.232455
boneS01, 127224, 127224, 3421188, 0.514355, 3342.201984, 0.662630, 2594.325393, 0.613581, 2801.715625
boneS10, 914898, 914898, 28191660, 5.466586, 2597.584164, 5.347760, 2655.301660, 4.570112, 3107.126589
boyd1, 93279, 93279, 652246, 2.738304, 113.236201, 0.257536, 1204.006930, 0.151962, 2040.483480
boyd2, 466316, 466316, 890091, 3.570586, 107.573847, 1.223270, 313.995685, 0.916682, 419.013147
brack2, 62631, 62631, 366559, 0.086733, 2163.866618, 0.091443, 2052.402040, 0.066355, 2828.387404
brainpc2, 27607, 27607, 96601, 0.261523, 175.606295, 0.035635, 1288.757179, 0.026317, 1745.087501
bratu3d, 27792, 27792, 88627, 0.023651, 1881.163535, 0.034320, 1296.380427, 0.018534, 2400.497293
Bump_2911, 2911419, 2911419, 65320659, 9.847281, 3320.597540, 11.787565, 2774.012662, 14.487041, 2257.110669
bundle1, 10581, 10581, 390741, 0.066141, 2983.795991, 0.071510, 2759.747679, 0.042419, 4652.389737
bundle_adj, 513351, 513351, 10360701, 1.611264, 3210.684862, 2.175469, 2377.998247, 1.847910, 2799.519561
c-42, 10471, 10471, 60378, 0.038707, 729.398154, 0.022733, 1241.948185, 0.020173, 1399.555829
c-43, 11125, 11125, 67400, 0.072691, 435.552021, 0.024064, 1315.691492, 0.020778, 1523.794892
c-45, 13206, 13206, 93829, 0.063674, 701.385091, 0.028650, 1558.824902, 0.023178, 1926.847999
c-46, 14913, 14913, 72655, 0.042291, 789.328084, 0.027034, 1234.820066, 0.022221, 1502.269631
c-47, 15343, 15343, 113372, 0.058573, 923.955436, 0.033280, 1626.161534, 0.027648, 1957.416742
c-48, 18354, 18354, 92217, 0.033178, 1281.481508, 0.030448, 1396.363699, 0.022938, 1853.571403
c-49, 21132, 21132, 89087, 0.043520, 923.776458, 0.031309, 1284.071955, 0.023731, 1694.088429
c-50, 22401, 22401, 108013, 0.053043, 934.483616, 0.033690, 1471.314580, 0.025498, 1944.026071
c-51, 23196, 23196, 113123, 0.048122, 1080.196805, 0.034986, 1485.777051, 0.027408, 1896.555693
c-52, 23948, 23948, 113332, 0.050256, 1032.618871, 0.033792, 1535.727227, 0.026192, 1981.341440
c-53, 30235, 30235, 201224, 0.110797, 860.011574, 0.048845, 1950.801911, 0.036150, 2635.836146
c-54, 31793, 31793, 211743, 0.061747, 1623.934513, 0.053248, 1883.139418, 0.036352, 2758.401436
c-55, 32780, 32780, 218115, 0.087450, 1181.059742, 0.057232, 1804.640809, 0.044339, 2329.387946
c-56, 35910, 35910, 208405, 0.058368, 1670.614109, 0.052531, 1856.237794, 0.036762, 2652.506980
c-57, 37833, 37833, 221515, 0.273510, 379.255885, 0.054579, 1900.548838, 0.039526, 2624.332904
c-58, 37595, 37595, 295076, 0.126669, 1116.727980, 0.078950, 1791.689384, 0.052224, 2708.612833
c-59, 41282, 41282, 260909, 0.094822, 1297.343401, 0.065952, 1865.253844, 0.048826, 2519.522835
c-60, 43640, 43640, 171109, 0.066237, 1153.980386, 0.050074, 1526.472398, 0.034698, 2202.917935
c-61, 43618, 43618, 176817, 0.077210, 1027.904538, 0.050790, 1562.580666, 0.037546, 2113.805476
c-62, 41731, 41731, 300537, 0.142720, 1003.305858, 0.074957, 1910.324490, 0.051712, 2769.024733
c-62ghs, 41731, 41731, 300537, 0.140253, 1020.955041, 0.075059, 1907.718298, 0.057958, 2470.596279
c-63, 44234, 44234, 239469, 0.093661, 1188.162198, 0.062346, 1784.957138, 0.045875, 2425.803538
c-64, 51035, 51035, 384438, 0.282326, 650.903718, 0.082944, 2215.558648, 0.064000, 2871.364064
c-64b, 51035, 51035, 384438, 0.278010, 661.010600, 0.083046, 2212.826743, 0.062874, 2922.805286
c-65, 48066, 48066, 204297, 0.091261, 1011.334168, 0.056397, 1636.531994, 0.042310, 2181.382605
c-66, 49989, 49989, 274498, 0.133910, 953.964641, 0.069837, 1829.204512, 0.049536, 2578.847613
c-66b, 49989, 49989, 274498, 0.135370, 943.681543, 0.069008, 1851.173696, 0.049459, 2582.851910
c-67b, 57975, 57975, 294955, 0.099085, 1374.331475, 0.070861, 1921.730568, 0.048029, 2835.285502
c-68, 64810, 64810, 315408, 0.098797, 1466.621712, 0.083558, 1734.087041, 0.056934, 2544.991078
c-69, 67458, 67458, 345714, 0.130240, 1226.476665, 0.089901, 1776.806483, 0.062566, 2553.068757
c-70, 68924, 68924, 363955, 0.134330, 1255.869217, 0.095437, 1767.666318, 0.067856, 2486.153198
c-71, 76638, 76638, 468096, 0.210432, 1045.686107, 0.133325, 1650.449285, 0.086630, 2540.053249
c-73, 169422, 169422, 724348, 1.170262, 279.846755, 0.451674, 725.068151, 0.295834, 1107.021418
c-73b, 169422, 169422, 724348, 1.170125, 279.879667, 0.450845, 726.401048, 0.296243, 1105.490874
ca-AstroPh, 18772, 18772, 198110, 0.051946, 1952.368523, 0.063795, 1589.727053, 0.052739, 1922.990001
ca-CondMat, 23133, 23133, 93497, 0.028867, 1657.785167, 0.038707, 1236.349216, 0.025293, 1892.064861
cage14, 1505785, 1505785, 27130349, 7.293645, 952.249474, 5.818061, 1193.760210, 3.950154, 1758.252922
cage15, 5154859, 5154859, 99199551, 33.668167, 754.275841, 24.498585, 1036.593931, 18.079060, 1404.668533
ca-HepPh, 12008, 12008, 118521, 0.028058, 2162.500072, 0.041267, 1470.285313, 0.031642, 1917.556662
caidaRouterLevel, 192244, 192244, 609066, 0.285696, 1091.516107, 0.448707, 694.978357, 0.274227, 1137.165837
cant, 62451, 62451, 2034917, 0.385843, 2658.826263, 0.354714, 2892.164350, 0.288256, 3558.954689
case39, 40216, 40216, 526139, 0.433555, 615.360966, 0.103936, 2566.896437, 0.091107, 2928.341068
case9, 14454, 14454, 75801, 0.144282, 262.547903, 0.026947, 1405.742770, 0.023722, 1596.891975
c-big, 345241, 345241, 1343126, 1.077350, 556.271016, 1.005568, 595.980381, 0.706253, 848.561315
cbuckle, 13681, 13681, 345098, 0.059587, 2906.460521, 0.064307, 2693.132924, 0.048538, 3568.117086
ccc, 49152, 49152, 73728, 0.029286, 1288.951072, 0.044202, 854.012876, 0.020685, 1824.950535
cfd1, 70656, 70656, 949510, 0.144589, 3237.188290, 0.183085, 2556.526754, 0.141898, 3298.584336
Chebyshev4, 68121, 68121, 5377761, 1.837875, 749.075255, 0.642150, 2143.900886, 0.459552, 2995.758500
circuit_4, 80209, 80209, 307604, 0.212051, 371.356652, 0.096973, 812.048580, 0.084032, 937.102828
circuit5M, 5558326, 5558326, 59524291, 59.193245, 257.431721, 22.577049, 674.942873, 19.317642, 788.823932
circuit5M_dc, 3523317, 3523317, 19194193, 10.369811, 473.847912, 9.475261, 518.583440, 7.029443, 699.018849
citationCiteseer, 268495, 268495, 1156647, 0.514970, 1149.977161, 0.782227, 757.073236, 0.488102, 1213.276718
cit-Patents, 3774768, 3774768, 16518948, 10.142924, 416.926172, 11.296013, 374.366667, 7.830119, 540.074924
ckt11752_dc_1, 49702, 49702, 333029, 0.094710, 900.169633, 0.051280, 1662.547340, 0.039562, 2155.004476
ckt11752_tr_0, 49702, 49702, 333029, 0.093389, 912.908425, 0.051411, 1658.304508, 0.039424, 2162.526018
cnr-2000, 325557, 325557, 3216152, 0.534733, 1539.712700, 0.623309, 1320.910133, 0.544154, 1513.056092
CO, 221119, 221119, 3943588, 0.785997, 2496.842921, 0.886272, 2214.343559, 1.016115, 1931.385943
coAuthorsCiteseer, 227320, 227320, 814134, 0.379664, 1097.909248, 0.532461, 782.849404, 0.348877, 1194.795974
coAuthorsDBLP, 299067, 299067, 977676, 0.547840, 913.715849, 0.709206, 705.817261, 0.492237, 1016.929468
cond-mat-2003, 31163, 31163, 120029, 0.034509, 1780.845671, 0.042291, 1453.135588, 0.026080, 2356.397510
cond-mat-2005, 40421, 40421, 175693, 0.048026, 1873.059736, 0.056627, 1588.544247, 0.036035, 2496.303992
conf5_4-8x8-05, 49152, 49152, 1916928, 0.109363, 4487.191082, 0.212035, 2314.396671, 0.155981, 3146.115182
conf5_4-8x8-10, 49152, 49152, 1916928, 0.109552, 4479.457785, 0.212480, 2309.551843, 0.156058, 3144.567006
conf5_4-8x8-15, 49152, 49152, 1916928, 0.109734, 4472.011965, 0.212858, 2305.454721, 0.156042, 3144.889397
conf5_4-8x8-20, 49152, 49152, 1916928, 0.109738, 4471.881770, 0.212378, 2310.665425, 0.156141, 3142.891253
conf6_0-8x8-20, 49152, 49152, 1916928, 0.109568, 4478.803745, 0.211955, 2315.270358, 0.156157, 3142.569271
conf6_0-8x8-30, 49152, 49152, 1916928, 0.109293, 4490.081183, 0.211523, 2319.998800, 0.155750, 3150.769114
conf6_0-8x8-80, 49152, 49152, 1916928, 0.109773, 4470.447704, 0.212173, 2312.895815, 0.155984, 3146.050745
consph, 83334, 83334, 3046907, 0.323174, 4761.153284, 0.638054, 2411.522960, 0.433869, 3546.424441
cont-201, 80595, 80595, 239596, 0.081101, 1385.085267, 0.115098, 975.967575, 0.076800, 1462.649987
cont-300, 180895, 180895, 539396, 0.265734, 951.995339, 0.398541, 634.760395, 0.247910, 1020.440916
coPapersCiteseer, 434102, 434102, 16036720, 2.660870, 3085.757487, 3.459994, 2373.068060, 2.153901, 3812.060866
coPapersDBLP, 540486, 540486, 15245729, 3.187507, 2448.877019, 3.509651, 2224.099444, 2.561945, 3046.830288
copter1, 17222, 17222, 114143, 0.027126, 1991.874581, 0.033178, 1628.580281, 0.020890, 2586.568674
CoupCons3D, 416800, 416800, 22322336, 1.608624, 3552.426013, 2.398720, 2382.319765, 2.361984, 2419.371963
crankseg_1, 52804, 52804, 5333507, 0.685347, 3964.760734, 1.153715, 2355.206633, 0.470090, 5780.255261
crankseg_2, 63838, 63838, 7106348, 0.875107, 4139.044539, 1.541939, 2349.060024, 0.623514, 5809.187850
crplat2, 18010, 18010, 489478, 0.042160, 5834.966031, 0.095722, 2569.975530, 0.056234, 4374.647256
crystk02, 13965, 13965, 491274, 0.049971, 4962.003170, 0.103322, 2399.858772, 0.049869, 4972.191869
crystk03, 24696, 24696, 887937, 0.087517, 5122.462829, 0.182477, 2456.759330, 0.088064, 5090.633893
crystm02, 13965, 13965, 168435, 0.033072, 2499.506475, 0.047309, 1747.321442, 0.030077, 2748.420155
crystm03, 24696, 24696, 304233, 0.056525, 2643.885811, 0.076800, 1945.899983, 0.054390, 2747.637786
ct2010, 67578, 67578, 168176, 0.053555, 1607.801073, 0.068198, 1262.582569, 0.042906, 2006.873561
ct20stif, 52329, 52329, 1375396, 0.193670, 3566.918403, 0.258963, 2667.585660, 0.158208, 4366.444966
Cube_Coup_dt0, 2164760, 2164760, 64685452, 6.778368, 4804.219991, 13.074000, 2490.804000, 11.200895, 2907.336499
Cube_Coup_dt6, 2164760, 2164760, 64685452, 6.779824, 4803.188482, 13.108928, 2484.167513, 11.200717, 2907.382839
CurlCurl_0, 11083, 11083, 62213, 0.015386, 1885.906891, 0.020787, 1395.849731, 0.009523, 3046.854761
CurlCurl_4, 2380515, 2380515, 14448191, 5.983232, 1134.514226, 5.515638, 1230.693805, 3.181974, 2133.286154
cvxqp3, 17500, 17500, 69981, 0.020480, 1530.775039, 0.028272, 1108.880590, 0.016867, 1858.653058
cyl6, 13681, 13681, 363961, 0.037171, 4919.015162, 0.073197, 2498.001273, 0.050483, 3621.911554
darcy003, 389874, 389874, 1167685, 0.723536, 743.457051, 1.127526, 477.077931, 0.758886, 708.825409
dawson5, 51537, 51537, 531157, 0.093603, 2764.423789, 0.105267, 2458.115206, 0.074832, 3457.864519
dblp-2010, 326186, 326186, 807700, 0.511987, 807.720178, 0.610406, 677.487000, 0.430621, 960.340019
dc3, 116835, 116835, 766396, 3.164262, 62.004142, 0.265421, 739.193688, 0.172646, 1136.411603
de2010, 24115, 24115, 58028, 0.020787, 1429.261061, 0.028774, 1032.526742, 0.017306, 1716.804670
debr, 1048576, 1048576, 2097149, 2.259478, 475.216005, 2.991002, 358.990219, 2.236314, 480.138507
delaunay_n15, 32768, 32768, 98274, 0.028755, 1749.815274, 0.034912, 1441.231934, 0.018534, 2714.751444
delaunay_n16, 65536, 65536, 196575, 0.054682, 1840.589917, 0.067277, 1496.004573, 0.036147, 2784.348360
delaunay_n17, 131072, 131072, 393176, 0.189952, 1059.773563, 0.307302, 655.074968, 0.177357, 1135.034620
delaunay_n18, 262144, 262144, 786396, 0.553882, 726.932893, 0.634778, 634.292634, 0.433994, 927.743571
delaunay_n19, 524288, 524288, 1572823, 1.454797, 553.538048, 1.276083, 631.060253, 0.922202, 873.220505
delaunay_n20, 1048576, 1048576, 3145686, 3.265434, 493.224324, 2.567050, 627.409471, 1.880294, 856.563321
delaunay_n21, 2097152, 2097152, 6291408, 6.831001, 471.556184, 5.150804, 625.378346, 3.783232, 851.441518
delaunay_n22, 4194304, 4194304, 12582869, 13.839040, 465.525724, 10.338816, 623.130239, 7.586407, 849.206901
denormal, 89400, 89400, 622812, 0.117146, 2526.713331, 0.153190, 1932.192536, 0.104755, 2825.571876
dictionary28, 52652, 52652, 89038, 0.037376, 1219.698582, 0.044272, 1029.713056, 0.024883, 1832.057596
dielFilterV2clx, 607232, 607232, 12958252, 3.633562, 1783.146718, 2.671897, 2424.933447, 2.945229, 2199.888071
dielFilterV2real, 1157456, 1157456, 24848204, 7.525478, 1651.186956, 5.183990, 2396.989687, 5.638247, 2203.871653
dielFilterV3clx, 420408, 420408, 16653308, 3.069030, 2743.169081, 3.606528, 2334.341792, 2.995478, 2810.525737
Dubcova1, 16129, 16129, 134569, 0.025536, 2536.431005, 0.036848, 1757.769880, 0.021504, 3012.011929
Dubcova3, 146689, 146689, 1891669, 0.357888, 2601.322552, 0.582960, 1596.991503, 0.344883, 2699.412829
e40r0100, 17281, 17281, 553562, 0.055165, 2568.882089, 0.059802, 2369.700249, 0.040346, 3512.449217
EAT_RS, 23219, 23219, 325592, 0.061536, 1354.516853, 0.052829, 1577.767258, 0.043299, 1925.013622
ecology1, 1000000, 1000000, 2998000, 1.378195, 928.007882, 1.850368, 691.200913, 1.220710, 1047.730918
ecology2, 999999, 999999, 2997995, 1.378285, 927.945852, 1.851802, 690.664507, 1.219158, 1049.062808
email-Enron, 36692, 36692, 183831, 0.075981, 1238.753363, 0.058163, 1618.230583, 0.044032, 2137.569840
Emilia_923, 923136, 923136, 20964171, 3.181875, 3299.102567, 3.736371, 2809.499401, 4.647462, 2258.723512
engine, 143571, 143571, 2424822, 0.438566, 2747.029165, 0.499917, 2409.910424, 0.434893, 2770.233710
enron, 69244, 69244, 276143, 0.075504, 936.276342, 0.067584, 1045.996181, 0.041677, 1696.210015
eu-2005, 862664, 862664, 19235140, 2.217577, 2220.529259, 2.205072, 2233.122452, 2.058326, 2392.329994
ex11, 16614, 16614, 1096948, 0.089386, 3141.654712, 0.110355, 2544.680197, 0.057856, 4853.752257
ex19, 12005, 12005, 259879, 0.028445, 2338.881782, 0.034202, 1945.202031, 0.023654, 2812.543312
F1, 343791, 343791, 13590452, 2.102973, 3266.947128, 3.018445, 2276.106183, 2.453299, 2800.433430
F2, 71505, 71505, 2682895, 0.390950, 3466.774767, 0.571830, 2370.172909, 0.384678, 3523.298734
Fault_639, 638802, 638802, 14626683, 2.327158, 3147.756733, 2.669773, 2743.802245, 3.221443, 2273.927548
fcondp2, 201822, 201822, 5748069, 0.588800, 4910.572164, 1.206589, 2396.296733, 1.051238, 2750.417776
fem_hifreq_circuit, 491100, 491100, 20239237, 2.223283, 2330.447458, 2.321002, 2232.331342, 2.341990, 2212.325258
filter3D, 106437, 106437, 1406808, 0.341914, 2026.938427, 0.321613, 2154.882517, 0.292064, 2372.897125
finance256, 37376, 37376, 167936, 0.039322, 1943.333265, 0.047811, 1598.265136, 0.030925, 2470.993374
Flan_1565, 1564794, 1564794, 59485419, 6.389043, 4704.295628, 12.217116, 2460.150654, 8.708090, 3451.497306
flickr, 820878, 820878, 9837214, 1.984205, 1269.186881, 2.189594, 1150.134387, 1.948672, 1292.329800
foldoc, 13356, 13356, 120238, 0.017840, 1725.388389, 0.023638, 1302.157821, 0.013744, 2239.590286
Freescale1, 3428755, 3428755, 18920347, 10.087629, 480.153350, 10.528934, 460.028395, 8.072320, 600.026877
fullb, 199187, 199187, 5953632, 0.668253, 4485.230295, 1.226115, 2444.523685, 1.082544, 2768.725890
FullChip, 2987012, 2987012, 26621990, 75.359741, 90.435945, 9.923562, 686.772505, 8.037171, 847.963704
fxm4_6, 18892, 18892, 258368, 0.049878, 2555.175438, 0.052531, 2426.140321, 0.030925, 4121.225160
G2_circuit, 150102, 150102, 438388, 0.212685, 874.667797, 0.294298, 632.110300, 0.186858, 995.563140
G3_circuit, 1585478, 1585478, 4623152, 2.839139, 690.762705, 3.435827, 570.800366, 2.325402, 843.368897
Ga10As10H30, 113081, 113081, 3114357, 0.533504, 2934.564728, 0.727533, 2151.933238, 0.573235, 2731.168826
Ga19As19H42, 133123, 133123, 4508981, 0.812954, 2797.845873, 1.033830, 2200.088989, 0.737382, 3084.585077
Ga3As3H12, 61349, 61349, 3016148, 0.347136, 4403.353285, 0.687933, 2221.964823, 0.399360, 3827.530232
Ga41As41H72, 268096, 268096, 9378286, 1.833062, 2582.045190, 2.144461, 2207.104790, 1.559542, 3034.896613
GaAsH6, 61349, 61349, 1721579, 0.236310, 3663.584275, 0.387152, 2236.183965, 0.272064, 3182.130388
gas_sensor, 66917, 66917, 885141, 0.127590, 3417.666374, 0.154234, 2827.279164, 0.119398, 3652.154706
Ge87H76, 112985, 112985, 4002590, 0.790221, 2556.756236, 0.917094, 2203.046789, 0.674586, 2995.026839
Ge99H100, 112985, 112985, 4282190, 0.847565, 2552.674602, 0.974224, 2220.800484, 0.695898, 3109.016592
gearbox, 153746, 153746, 4617075, 0.640410, 3629.838432, 0.936038, 2483.427418, 0.819520, 2836.518247
Geo_1438, 1437960, 1437960, 32297325, 5.048218, 3202.736761, 5.837005, 2769.933048, 7.218483, 2239.821401
gridgena, 48962, 48962, 280523, 0.049120, 2668.841694, 0.062362, 2102.151134, 0.029798, 4399.347020
gsm_106857, 589446, 589446, 11174185, 4.004176, 1391.118826, 6.767180, 823.132239, 5.042672, 1104.629566
gupta1, 31802, 31802, 1098006, 0.332790, 1664.824954, 0.184525, 3002.511125, 0.182906, 3029.091250
gupta2, 62064, 62064, 2155175, 0.518861, 2096.055783, 0.367206, 2961.716344, 0.351152, 3097.123879
gupta3, 16783, 16783, 4670105, 0.966656, 2469.127869, 0.936755, 2547.941407, 0.696013, 3429.243500
gyro, 17361, 17361, 519260, 0.075466, 3464.051146, 0.108646, 2406.123835, 0.057242, 4566.900656
gyro_k, 17361, 17361, 519260, 0.075981, 3440.562651, 0.108646, 2406.123835, 0.057232, 4567.666884
gyro_m, 17361, 17361, 178896, 0.042189, 2065.722118, 0.047638, 1829.413529, 0.037274, 2338.124956
H2O, 67024, 67024, 1141880, 0.227021, 2499.702430, 0.247302, 2294.698478, 0.242790, 2337.342999
halfb, 224617, 224617, 6306219, 0.694886, 4563.741906, 1.282970, 2471.829613, 1.196739, 2649.935913
Hamrle3, 1447360, 1447360, 5514242, 2.566381, 550.053175, 3.429683, 411.596590, 2.527027, 558.619231
hangGlider_4, 15561, 15561, 79088, 0.258352, 148.170686, 0.028570, 1339.892474, 0.025293, 1513.481849
hangGlider_5, 16011, 16011, 82070, 0.265421, 149.735728, 0.029286, 1357.045478, 0.025907, 1534.051349
helm2d03, 392257, 392257, 1567096, 0.729798, 961.820892, 1.059533, 662.495147, 0.760422, 923.086091
helm3d01, 32226, 32226, 230335, 0.053862, 2036.330841, 0.060896, 1801.130926, 0.043725, 2508.454381
hi2010, 25016, 25016, 62063, 0.021914, 1450.070096, 0.032051, 991.421735, 0.018115, 1754.121170
hollywood-2009, 1139905, 1139905, 57515616, 15.288320, 1907.088605, 12.131239, 2403.396782, 11.631514, 2506.653886
hood, 220542, 220542, 5494489, 0.716493, 3847.518958, 1.170330, 2355.507102, 1.148518, 2400.239895
Hook_1498, 1498023, 1498023, 31207734, 8.908092, 1750.640322, 5.966233, 2613.854464, 6.162519, 2530.599527
HTC_336_4438, 226340, 226340, 565431, 0.462467, 500.700666, 0.581734, 398.046986, 0.392874, 589.394741
HTC_336_9129, 226340, 226340, 554881, 0.454797, 497.268311, 0.580301, 389.722070, 0.390963, 578.458622
hugetric-00000, 5824554, 5824554, 8733523, 10.463315, 427.356326, 14.246298, 313.875486, 10.574541, 422.861276
human_gene1, 22283, 22283, 12345963, 2.016240, 3132.280299, 2.817501, 2241.500139, 2.950243, 2140.646790
human_gene2, 14340, 14340, 9041364, 1.501808, 3079.959224, 2.072259, 2232.108542, 2.096422, 2206.381385
HV15R, 2017169, 2017169, 283073458, 27.908194, 2596.613931, 28.522724, 2540.669215, 14.912176, 4859.572657
ibm_matrix_2, 51448, 51448, 1056610, 0.158099, 1710.901528, 0.093597, 2889.972363, 0.056934, 4750.944377
igbt3, 10938, 10938, 234006, 0.027341, 2191.067450, 0.032358, 1851.313346, 0.022528, 2659.159070
in-2004, 1382908, 1382908, 16917053, 2.645401, 1637.091930, 2.712986, 1596.309818, 2.215936, 1954.372958
inlet, 11730, 11730, 328323, 0.030925, 2717.905626, 0.034096, 2465.118753, 0.027546, 3051.328871
inline_1, 503712, 503712, 18660027, 3.532902, 2667.773447, 3.765043, 2503.286922, 3.138762, 3002.771472
ins2, 309412, 309412, 1530448, 9.805308, 71.836587, 1.060438, 664.234600, 0.757248, 930.183883
italy_osm, 6686493, 6686493, 7013978, 9.587098, 374.582252, 12.470154, 287.980148, 8.417757, 426.616839
jan99jac120sc, 41374, 41374, 260202, 0.035328, 1885.521697, 0.042701, 1559.964018, 0.024166, 2756.377035
juba40k, 40337, 40337, 144945, 0.026598, 1395.043317, 0.037254, 996.014456, 0.017923, 2070.273150
k3plates, 11107, 11107, 378927, 0.027034, 3588.323836, 0.040630, 2387.505699, 0.027219, 3563.856084
kim1, 38415, 38415, 933195, 0.060006, 3981.207473, 0.066947, 3568.452862, 0.047408, 5039.190049
kkt_power, 2063494, 2063494, 8130343, 6.182944, 605.025965, 5.480448, 682.579531, 4.386714, 852.766383
kron_g500-logn16, 65536, 65536, 2456398, 0.811827, 1549.088391, 0.616314, 2040.506753, 0.587776, 2139.577115
kron_g500-logn17, 131072, 131072, 5114375, 1.627507, 1608.877764, 1.249997, 2094.773562, 1.256621, 2083.731372
kron_g500-logn18, 262144, 262144, 10583222, 3.153206, 1718.400791, 2.592218, 2090.284540, 2.525389, 2145.599373
kron_g500-logn19, 524288, 524288, 21781478, 6.414439, 1738.568328, 4.993536, 2233.275148, 4.986880, 2236.255853
kron_g500-logn20, 1048576, 1048576, 44620272, 12.456653, 1833.988380, 10.983503, 2079.969846, 10.472836, 2181.391702
laminar_duct3D, 67173, 67173, 3833077, 0.200704, 4889.128769, 0.433050, 2265.947710, 0.229766, 4270.719057
language, 399130, 399130, 1216334, 0.865894, 359.606783, 0.871123, 357.448289, 0.561562, 554.492174
largebasis, 440020, 440020, 5560100, 1.032704, 1378.309408, 1.407568, 1011.237555, 1.067827, 1332.973694
ldoor, 952203, 952203, 23737339, 3.784909, 3146.642262, 4.874528, 2443.262876, 5.189837, 2294.822336
lhr34, 35152, 35152, 764014, 0.059085, 3310.285801, 0.087021, 2247.595729, 0.040960, 4775.087621
lhr34c, 35152, 35152, 764014, 0.058880, 3321.799926, 0.087040, 2247.099970, 0.040848, 4788.180314
lhr71, 70304, 70304, 1528092, 0.121446, 3221.104688, 0.174490, 2241.918944, 0.094083, 4157.931960
lhr71c, 70304, 70304, 1528092, 0.121107, 3230.126386, 0.174253, 2244.965708, 0.093917, 4165.299093
li, 22695, 22695, 1350309, 0.133734, 2584.818050, 0.146534, 2359.030475, 0.095718, 3611.417428
ljournal-2008, 5363260, 5363260, 79023142, 32.712910, 618.407993, 19.701645, 1026.813977, 18.136576, 1115.421407
Long_Coup_dt0, 1470152, 1470152, 44279572, 5.942170, 3751.959900, 8.763072, 2544.174170, 7.650503, 2914.159056
Long_Coup_dt6, 1470152, 1470152, 44279572, 5.948288, 3748.100645, 8.799744, 2533.571753, 7.650611, 2914.117790
lowThrust_10, 18260, 18260, 116074, 0.143565, 395.871978, 0.033766, 1683.131119, 0.031424, 1808.594655
lowThrust_11, 18368, 18368, 117002, 0.143974, 397.939190, 0.033923, 1688.904832, 0.030038, 1907.327060
lowThrust_12, 18458, 18458, 117423, 0.145408, 395.410215, 0.033997, 1691.212370, 0.029389, 1956.385000
lowThrust_13, 18476, 18476, 117580, 0.144765, 397.704622, 0.033894, 1698.617884, 0.029389, 1959.033083
lowThrust_4, 13562, 13562, 84240, 0.108198, 380.804433, 0.028563, 1442.500488, 0.026598, 1549.056793
lowThrust_5, 16262, 16262, 103701, 0.129229, 392.965547, 0.031629, 1605.576718, 0.028771, 1765.044997
lowThrust_6, 16928, 16928, 108376, 0.133642, 397.191771, 0.032563, 1630.102172, 0.028442, 1866.327698
lowThrust_7, 17378, 17378, 110607, 0.136294, 397.372274, 0.033382, 1622.400264, 0.029421, 1840.861493
lowThrust_8, 17702, 17702, 113139, 0.138547, 399.935312, 0.033485, 1654.778353, 0.029571, 1873.779931
lowThrust_9, 18044, 18044, 114806, 0.141005, 398.672837, 0.033792, 1663.552981, 0.030010, 1873.226668
lp1, 534388, 534388, 1088904, 7.845581, 53.624520, 1.104752, 380.823508, 0.764826, 550.080345
luxembourg_osm, 114599, 114599, 119666, 0.131379, 466.352303, 0.189434, 323.432551, 0.134214, 456.500878
m14b, 214765, 214765, 1679018, 0.524570, 1638.785787, 0.593715, 1447.928618, 0.413491, 2079.021786
mario001, 38434, 38434, 114643, 0.027955, 1887.875372, 0.042173, 1251.421244, 0.021402, 2465.980799
mario002, 389874, 389874, 1167685, 0.723530, 743.463666, 1.128141, 476.818086, 0.758170, 709.495540
mark3jac040sc, 18289, 18289, 113435, 0.019024, 1526.459244, 0.024560, 1182.384365, 0.014525, 1999.295056
mark3jac060sc, 27449, 27449, 170695, 0.026602, 1642.680100, 0.031731, 1377.127865, 0.019354, 2257.870388
me2010, 69518, 69518, 167738, 0.054163, 1585.612677, 0.069632, 1233.367652, 0.043725, 1964.145237
memplus, 17758, 17758, 126150, 0.027443, 1176.772373, 0.027818, 1160.934045, 0.019888, 1623.813339
mip1, 66463, 66463, 5209641, 1.942221, 1364.583036, 0.949658, 2790.818057, 0.406528, 6519.407494
ML_Laplace, 377002, 377002, 27689972, 1.263098, 5612.102333, 2.636288, 2688.868834, 2.088358, 3394.356614
mouse_gene, 45101, 45101, 14506196, 3.054592, 2427.697917, 3.355546, 2209.961588, 3.442995, 2153.830122
msc10848, 10848, 10848, 620313, 0.074176, 4244.272560, 0.137283, 2293.238951, 0.057040, 5519.340256
msc23052, 23052, 23052, 588933, 0.067974, 4349.172361, 0.116131, 2545.675822, 0.071763, 4119.554114
msdoor, 415863, 415863, 10328399, 1.541427, 3361.611406, 2.151219, 2408.717538, 2.176922, 2380.278294
m_t1, 97578, 97578, 4925574, 0.528765, 4722.163474, 1.052186, 2373.073578, 0.564838, 4420.580963
mult_dcop_01, 25187, 25187, 193276, 0.420947, 117.541235, 0.039046, 1267.175847, 0.029712, 1665.275148
mult_dcop_02, 25187, 25187, 193276, 0.421002, 117.526058, 0.039424, 1255.038987, 0.029798, 1660.446713
mult_dcop_03, 25187, 25187, 193216, 0.421069, 117.470814, 0.038902, 1271.471615, 0.029981, 1649.832451
NACA0015, 1039183, 1039183, 3114818, 3.508429, 454.558675, 3.782861, 421.582194, 2.865664, 556.515651
nasasrb, 54870, 54870, 1366097, 0.212275, 3228.803740, 0.248115, 2762.406044, 0.181862, 3768.755590
nd12k, 36000, 36000, 7128473, 1.522986, 2390.411496, 1.569690, 2319.288010, 0.644506, 5648.612204
nd24k, 72000, 72000, 14393817, 3.063171, 2399.866620, 3.176992, 2313.887546, 1.369805, 5366.605883
nd6k, 18000, 18000, 3457658, 0.737690, 2393.571658, 0.760013, 2323.267260, 0.282858, 6242.409046
net100, 29920, 29920, 1031560, 0.153805, 3384.154397, 0.225107, 2312.228202, 0.160458, 3243.842627
net125, 36720, 36720, 1306960, 0.190432, 3464.560575, 0.282010, 2339.506160, 0.198522, 3323.382407
net150, 43520, 43520, 1582360, 0.234490, 3407.516467, 0.338330, 2361.682800, 0.242483, 3295.185667
net4-1, 88343, 88343, 1265035, 0.345907, 1807.080314, 0.316634, 1974.149617, 0.266752, 2343.308021
net50, 16320, 16320, 480760, 0.073421, 3295.676484, 0.109635, 2207.057625, 0.074650, 3241.426517
net75, 23120, 23120, 756160, 0.117043, 3257.217927, 0.166483, 2289.931963, 0.118589, 3214.765503
netherlands_osm, 2216688, 2216688, 2441238, 3.511082, 355.991106, 4.145799, 301.489293, 2.815590, 443.926013
nh2010, 48837, 48837, 117275, 0.038810, 1547.163570, 0.048128, 1247.606386, 0.029686, 2022.636608
NLR, 4163763, 4163763, 12487976, 15.413658, 414.816759, 15.866879, 402.967944, 12.916941, 494.996769
NotreDame_www, 325729, 325729, 929849, 0.386061, 616.590283, 0.714854, 332.992774, 0.323994, 734.709993
nv2010, 84538, 84538, 208499, 0.081498, 1309.872819, 0.118781, 898.726770, 0.089565, 1191.891097
ohne2, 181343, 181343, 11063545, 1.039990, 2723.359227, 1.251421, 2263.241554, 1.086566, 2606.621779
oilpan, 73752, 73752, 1835470, 0.204877, 4494.799355, 0.356829, 2580.733689, 0.323379, 2847.678852
olafu, 16146, 16146, 515651, 0.085914, 3024.898740, 0.097914, 2654.176117, 0.054374, 4779.453618
onetone2, 36057, 36057, 227628, 0.032861, 1773.321614, 0.038589, 1510.095324, 0.021709, 2684.292465
OPF_10000, 43887, 43887, 255799, 0.047616, 2514.575323, 0.058266, 2054.969153, 0.036845, 3249.685695
opt1, 15449, 15449, 973052, 0.104013, 4751.796736, 0.203878, 2424.227743, 0.082227, 6010.756518
p2p-Gnutella31, 62586, 62586, 147892, 0.037581, 1007.438691, 0.047507, 796.939249, 0.023142, 1635.973424
parabolic_fem, 525825, 525825, 2100225, 1.415475, 664.585303, 2.113536, 445.085377, 1.613126, 583.155800
patents, 3774768, 3774768, 14970767, 9.866720, 388.428619, 10.677463, 358.935117, 7.407514, 517.382302
pattern1, 19242, 19242, 4671337, 0.708502, 3368.793998, 1.026765, 2324.581688, 0.969523, 2461.827108
pcrystk02, 13965, 13965, 491274, 0.050058, 4953.438408, 0.103322, 2399.858772, 0.049744, 4984.666349
pcrystk03, 24696, 24696, 887937, 0.088026, 5092.854459, 0.182989, 2449.885301, 0.088371, 5072.937464
pct20stif, 52329, 52329, 1375396, 0.193098, 3577.499234, 0.258858, 2668.673846, 0.157981, 4372.724593
pdb1HYS, 36417, 36417, 2190591, 0.317645, 3501.583538, 0.455267, 2443.092457, 0.181350, 6133.208705
pds10, 16558, 16558, 83108, 0.022835, 1677.780303, 0.027648, 1385.722276, 0.018230, 2101.569306
PFlow_742, 742793, 742793, 18940627, 3.348710, 2839.136654, 3.916599, 2427.475267, 3.628134, 2620.477802
pkustk01, 22044, 22044, 500712, 0.059398, 4221.010611, 0.096666, 2593.696955, 0.052624, 4764.390472
pkustk02, 10800, 10800, 410400, 0.038893, 5331.578134, 0.077018, 2692.371637, 0.036128, 5739.592651
pkustk03, 63336, 63336, 1596876, 0.157792, 5078.752512, 0.322755, 2482.954610, 0.215757, 3714.304737
pkustk04, 55590, 55590, 2137125, 0.275539, 3919.503761, 0.423213, 2551.853166, 0.205942, 5244.073101
pkustk05, 37164, 37164, 1121154, 0.111002, 5085.664260, 0.216250, 2610.487328, 0.117862, 4789.626274
pkustk06, 43164, 43164, 1307466, 0.129331, 5090.594007, 0.250880, 2624.253030, 0.135779, 4848.847234
pkustk07, 16860, 16860, 1217832, 0.139264, 4446.330900, 0.261427, 2368.589788, 0.117146, 5285.847995
pkustk08, 22209, 22209, 1624440, 0.182170, 4534.388594, 0.346291, 2385.355898, 0.162304, 5089.386558
pkustk09, 33960, 33960, 808800, 0.078438, 5168.537778, 0.158822, 2552.611133, 0.093062, 4356.344092
pkustk10, 80676, 80676, 2194830, 0.223744, 4930.187402, 0.454656, 2426.229831, 0.360653, 3058.620065
pkustk11, 87804, 87804, 2652858, 0.285382, 4680.686401, 0.522342, 2557.298590, 0.415203, 3217.184994
pkustk12, 94653, 94653, 3803485, 0.454042, 4235.632268, 0.767078, 2507.114205, 0.496128, 3876.324664
pkustk13, 94893, 94893, 3355860, 0.512205, 3307.090728, 0.698573, 2424.812079, 0.507904, 3335.094221
pkustk14, 151926, 151926, 7494215, 0.886976, 4282.128505, 1.551741, 2447.667119, 0.930838, 4080.348477
pli, 22695, 22695, 686502, 0.133632, 2586.798768, 0.146022, 2367.301841, 0.095949, 3602.745559
PR02R, 161070, 161070, 8185136, 0.570061, 3675.739321, 0.875418, 2393.594534, 0.752947, 2782.924023
Pres_Poisson, 14822, 14822, 365313, 0.041654, 4399.195001, 0.065920, 2779.821306, 0.048845, 3751.593338
pwtk, 217918, 217918, 5926171, 0.620237, 4802.057292, 1.199994, 2482.023669, 1.136026, 2621.782901
qa8fk, 66127, 66127, 863353, 0.128614, 3305.292549, 0.141926, 2995.272453, 0.110182, 3858.222425
qa8fm, 66127, 66127, 863353, 0.128410, 3310.564188, 0.141722, 2999.600915, 0.110147, 3859.455494
raefsky3, 21200, 21200, 1488768, 0.055936, 6813.583191, 0.119296, 3194.781052, 0.067274, 5665.292391
raefsky4, 19779, 19779, 674195, 0.076269, 4459.548654, 0.138445, 2456.751018, 0.069939, 4863.144073
rajat15, 37261, 37261, 443573, 0.103728, 1094.735192, 0.059370, 1912.673967, 0.044134, 2572.929275
rajat22, 39899, 39899, 197264, 0.092019, 548.793989, 0.037978, 1329.720253, 0.026179, 1928.996425
rajat26, 51032, 51032, 249302, 0.097277, 656.079470, 0.047142, 1353.798495, 0.030179, 2114.745020
rajat29, 643994, 643994, 4866270, 14.299853, 87.117334, 1.711616, 727.829817, 1.286842, 968.079627
rajat30, 643994, 643994, 6175377, 15.197798, 104.021418, 1.787187, 884.572426, 1.453805, 1087.420082
ramage02, 16830, 16830, 1441591, 0.198035, 3705.331656, 0.306781, 2391.890669, 0.195885, 3746.008430
Reuters911, 13332, 13332, 148038, 0.075674, 1001.610310, 0.046490, 1630.374472, 0.039341, 1926.637382
rgg_n_2_15_s0, 32768, 32768, 160240, 0.041779, 1963.725526, 0.050893, 1612.072432, 0.036554, 2244.454145
rgg_n_2_22_s0, 4194304, 4194304, 30359198, 22.300980, 697.005676, 9.047552, 1718.023820, 6.451168, 2409.472088
ri2010, 25181, 25181, 62875, 0.022006, 1462.847176, 0.032973, 976.319854, 0.018461, 1743.803109
rim, 22560, 22560, 1014951, 0.094925, 2737.192511, 0.103501, 2510.390911, 0.061030, 4257.344813
RM07R, 381689, 381689, 37464962, 2.460672, 3897.728053, 4.205600, 2280.537932, 1.984605, 4832.715360
rma10, 46835, 46835, 2374001, 0.178176, 3410.921020, 0.225856, 2690.848468, 0.128275, 4737.815559
roadNet-CA, 1971281, 1971281, 2766607, 3.432243, 412.704648, 3.522950, 402.078553, 2.356838, 601.018200
roadNet-PA, 1090920, 1090920, 1541898, 1.881946, 419.487031, 1.944474, 405.997673, 1.307440, 603.814920
roadNet-TX, 1393383, 1393383, 1921660, 2.384691, 412.585874, 2.479309, 396.840395, 1.663462, 591.471074
s3dkq4m2, 90449, 90449, 2455670, 0.241664, 5106.875968, 0.487219, 2533.044921, 0.458752, 2690.229281
s3dkt3m2, 90449, 90449, 1921955, 0.188928, 5085.990618, 0.386253, 2487.712697, 0.425984, 2255.685691
s4dkt3m2, 90449, 90449, 1921955, 0.188835, 5088.489844, 0.387891, 2477.205007, 0.426067, 2255.245171
Serena, 1391349, 1391349, 32961525, 9.261671, 1783.707931, 6.304336, 2620.436953, 7.358259, 2245.112038
shermanACb, 18510, 18510, 145149, 0.220672, 168.386302, 0.028979, 1282.234977, 0.026323, 1411.612001
ship_001, 34920, 34920, 2339575, 0.243491, 4882.816695, 0.499610, 2379.703769, 0.173546, 6850.780930
ship_003, 121728, 121728, 4103881, 0.479846, 4313.932085, 0.821430, 2520.024474, 0.656246, 3154.340548
shipsec1, 140874, 140874, 3977139, 0.453050, 4415.038377, 0.814797, 2454.883662, 0.738000, 2710.340641
shipsec5, 179860, 179860, 5146478, 0.600371, 4312.252985, 1.069875, 2419.863998, 0.944941, 2739.804114
shipsec8, 114919, 114919, 3384159, 0.386765, 4403.891445, 0.676352, 2518.319164, 0.608176, 2800.620484
Si10H16, 17077, 17077, 446500, 0.083558, 2683.587671, 0.106797, 2099.653601, 0.065126, 3443.093491
Si34H36, 97569, 97569, 2626974, 0.500326, 2638.343763, 0.601254, 2195.464998, 0.491315, 2686.733416
Si41Ge41H72, 185639, 185639, 7598452, 1.446912, 2655.920908, 1.725434, 2227.198991, 1.155379, 3326.080165
Si5H12, 19896, 19896, 379247, 0.071683, 2637.732310, 0.086835, 2177.470529, 0.069325, 2727.466868
Si87H76, 240369, 240369, 5451000, 1.083392, 2519.289099, 1.240371, 2200.452152, 1.183018, 2307.131740
sinc15, 11532, 11532, 568526, 0.052838, 2754.486589, 0.068477, 2125.430095, 0.050790, 2865.554474
SiO, 33401, 33401, 675528, 0.118886, 2837.327752, 0.148275, 2274.956890, 0.112006, 3011.610711
SiO2, 155331, 155331, 5719417, 0.714554, 4042.491410, 1.304195, 2214.834665, 1.169613, 2469.686374
skirt, 12598, 12598, 104559, 0.022221, 2264.055368, 0.027238, 1846.992563, 0.015974, 3149.359083
smallworld, 100000, 100000, 499998, 0.153293, 1670.000011, 0.204586, 1251.304960, 0.124195, 2061.263140
sme3Dc, 42930, 42930, 3148656, 0.339763, 2372.405145, 0.362422, 2224.078720, 0.343738, 2344.974570
smt, 25710, 25710, 1889447, 0.217498, 4417.589230, 0.398259, 2412.537057, 0.176970, 5429.266414
soc-LiveJournal1, 4847571, 4847571, 68993773, 29.815821, 592.383698, 25.107456, 703.472557, 22.156067, 797.181466
soc-sign-Slashdot090221, 82144, 82144, 549202, 0.089274, 1574.885624, 0.101069, 1391.089232, 0.070451, 1995.646802
sparsine, 50000, 50000, 799494, 0.192102, 2064.216456, 0.193338, 2051.028550, 0.180634, 2195.277723
srb1, 54924, 54924, 1508538, 0.122880, 6171.149707, 0.297075, 2552.589081, 0.193331, 3922.340983
Stanford, 281903, 281903, 2312497, 1.555149, 380.670477, 0.824717, 717.821271, 0.495411, 1194.965365
std1_Jac2, 21982, 21982, 1248731, 0.108851, 2936.808712, 0.145920, 2190.756103, 0.089056, 3589.596953
std1_Jac3, 21982, 21982, 1455848, 0.120115, 3102.830435, 0.163021, 2286.193446, 0.107008, 3482.889816
stokes128, 49666, 49666, 295938, 0.048128, 2971.244687, 0.075469, 1894.823548, 0.039936, 3580.730759
stokes64, 12546, 12546, 74242, 0.015430, 2323.251797, 0.028160, 1273.036371, 0.011878, 3017.974063
struct3, 53570, 53570, 613632, 0.103008, 2916.915923, 0.105949, 2835.951398, 0.069530, 4321.406545
t2dah, 11445, 11445, 93781, 0.019968, 2257.910250, 0.023654, 1906.028154, 0.011776, 3828.630350
t2dah_a, 11445, 11445, 93781, 0.019885, 2267.357646, 0.023347, 1931.107419, 0.011571, 3896.393741
t2dah_e, 11445, 11445, 93781, 0.020042, 2249.618408, 0.023552, 1914.315175, 0.011776, 3828.630350
t3dh, 79171, 79171, 2215638, 0.385149, 2892.749107, 0.463360, 2404.477779, 0.406323, 2742.001675
t3dh_a, 79171, 79171, 2215638, 0.385331, 2891.379871, 0.463254, 2405.025986, 0.406298, 2742.174485
t3dh_e, 79171, 79171, 2215638, 0.384922, 2894.456649, 0.463766, 2402.370931, 0.406320, 2742.023235
t3dl, 20360, 20360, 265113, 0.045434, 2872.889218, 0.056422, 2313.366587, 0.040038, 3260.012715
t3dl_a, 20360, 20360, 265113, 0.045363, 2877.347648, 0.056413, 2313.760357, 0.040208, 3246.261843
tandem_vtx, 18454, 18454, 135902, 0.032352, 2004.747745, 0.036442, 1779.768161, 0.023658, 2741.512174
ted_A, 10605, 10605, 424587, 0.032138, 3382.152787, 0.045859, 2370.173761, 0.024282, 4476.404828
ted_AB, 10605, 10605, 522387, 0.039050, 3424.646523, 0.064342, 2078.428490, 0.028979, 4614.726129
ted_AB_unscaled, 10605, 10605, 522387, 0.039082, 3421.842272, 0.064301, 2079.773087, 0.029082, 4598.476970
ted_A_unscaled, 10605, 10605, 424587, 0.032358, 3359.074467, 0.046112, 2357.179688, 0.024458, 4444.191942
ted_B_unscaled, 10605, 10605, 77592, 0.016589, 2231.157454, 0.022630, 1635.509088, 0.012390, 2987.169488
thread, 29736, 29736, 2249892, 0.239782, 4772.378059, 0.478435, 2391.823030, 0.197734, 5787.218952
tmt_sym, 726713, 726713, 2903837, 1.944032, 669.086763, 1.389878, 935.856004, 0.910643, 1428.359671
torso1, 116158, 116158, 8516500, 0.405232, 5380.187147, 0.955926, 2280.744583, 0.737485, 2956.296906
transient, 178866, 178866, 961790, 1.949424, 126.303073, 0.454656, 541.548446, 0.289382, 850.840381
trdheim, 22098, 22098, 978711, 0.095856, 5168.616980, 0.198554, 2495.260470, 0.079258, 6251.046393
Trefethen_20000, 20000, 20000, 287233, 0.055987, 2535.281336, 0.069184, 2051.678097, 0.054579, 2600.684881
Trefethen_20000b, 19999, 19999, 287217, 0.055706, 2547.954919, 0.068915, 2059.565372, 0.054374, 2610.334142
troll, 213453, 213453, 6099282, 0.722522, 4246.500663, 1.237002, 2480.343107, 1.129155, 2717.242526
TSOPF_FS_b162_c1, 10798, 10798, 305732, 0.131174, 1187.626877, 0.065024, 2395.826757, 0.044954, 3465.489782
TSOPF_FS_b162_c3, 30798, 30798, 904612, 0.408854, 1127.865598, 0.179405, 2570.348243, 0.112445, 4100.970644
TSOPF_FS_b162_c4, 40798, 40798, 1204322, 0.507773, 1209.092619, 0.231149, 2656.056804, 0.144282, 4255.180923
TSOPF_FS_b300, 29214, 29214, 2203949, 0.461091, 2442.968483, 0.419910, 2682.551509, 0.197325, 5708.513219
TSOPF_FS_b300_c1, 29214, 29214, 2203949, 0.474522, 2373.825043, 0.419965, 2682.203980, 0.197222, 5711.477163
TSOPF_FS_b300_c2, 56814, 56814, 4391071, 0.977722, 2295.613911, 0.871219, 2576.241896, 0.437837, 5126.273869
TSOPF_FS_b300_c3, 84414, 84414, 6578753, 1.599792, 2102.022058, 1.381274, 2434.563426, 0.701549, 4793.391435
TSOPF_FS_b39_c19, 76216, 76216, 998359, 0.942064, 537.400432, 0.216883, 2334.277552, 0.187802, 2695.747008
TSOPF_FS_b39_c30, 120216, 120216, 1575639, 1.741136, 458.905548, 0.419709, 1903.741367, 0.389222, 2052.854473
TSOPF_FS_b39_c7, 28216, 28216, 368599, 0.306688, 609.415695, 0.074874, 2496.213272, 0.070998, 2632.460433
TSOPF_FS_b9_c6, 14454, 14454, 75801, 0.143770, 263.482910, 0.026726, 1417.356277, 0.023418, 1617.622336
TSOPF_RS_b162_c3, 15374, 15374, 610299, 0.026003, 6008.358398, 0.052224, 2991.661862, 0.029184, 5353.500238
TSOPF_RS_b162_c4, 20374, 20374, 812749, 0.033114, 6283.332268, 0.066867, 3111.596361, 0.038400, 5418.326620
TSOPF_RS_b2052_c1, 25626, 25626, 6761100, 0.168755, 10256.523209, 0.622272, 2781.487130, 0.241373, 7170.822897
TSOPF_RS_b2383, 38120, 38120, 16171169, 0.454550, 9107.503104, 1.579725, 2620.595241, 0.463555, 8930.585456
TSOPF_RS_b2383_c1, 38120, 38120, 16171169, 0.455475, 9089.011607, 1.583718, 2613.986979, 0.464589, 8910.717168
TSOPF_RS_b300_c1, 14538, 14538, 1474325, 0.044851, 8415.097259, 0.130867, 2884.047447, 0.046285, 8154.452298
TSOPF_RS_b300_c2, 28338, 28338, 2943887, 0.083661, 9008.222233, 0.244429, 3083.249876, 0.087450, 8617.936349
TSOPF_RS_b300_c3, 42138, 42138, 4413449, 0.124147, 9100.833033, 0.363213, 3110.691429, 0.131075, 8619.806909
TSOPF_RS_b39_c19, 38098, 38098, 684206, 0.036438, 4806.927257, 0.057226, 3060.810673, 0.049178, 3561.717931
TSOPF_RS_b39_c30, 60098, 60098, 1079986, 0.054054, 5114.781213, 0.087728, 3151.518523, 0.076784, 3600.703349
TSOPF_RS_b39_c7, 14098, 14098, 252446, 0.015766, 4098.981099, 0.027546, 2346.152320, 0.019290, 3350.311989
TSOPF_RS_b678_c1, 18696, 18696, 4396289, 0.111616, 10083.231334, 0.380794, 2955.538113, 0.101878, 11046.992621
TSOPF_RS_b678_c2, 35696, 35696, 8781949, 0.247910, 9068.513890, 0.761869, 2950.874104, 0.230605, 9749.055638
tsyl201, 20685, 20685, 1237821, 0.133427, 4710.201363, 0.261616, 2402.257554, 0.112214, 5600.609200
tube1, 21498, 21498, 459277, 0.049664, 4624.000030, 0.086835, 2644.622654, 0.062243, 3689.500835
tube2, 21498, 21498, 459277, 0.050006, 4592.338759, 0.086630, 2650.874765, 0.061133, 3756.515877
turon_m, 189924, 189924, 912345, 0.315187, 1373.356110, 0.461517, 937.916555, 0.292426, 1480.254271
usroads, 129164, 129164, 165435, 0.158115, 535.702589, 0.233194, 363.229198, 0.152064, 557.020196
usroads-48, 126146, 126146, 161950, 0.153805, 539.114504, 0.226304, 366.402704, 0.148160, 559.654410
vanbody, 47072, 47072, 1191985, 0.157213, 3805.325432, 0.220877, 2708.505002, 0.138342, 4324.385504
venturiLevel3, 4026819, 4026819, 8054237, 6.140822, 671.533745, 8.531533, 483.356194, 5.847757, 705.188224
vibrobox, 12328, 12328, 177578, 0.040960, 2142.675054, 0.047206, 1859.154059, 0.032051, 2738.242839
viscorocks, 37762, 37762, 1162244, 0.080243, 3707.908754, 0.091853, 3239.252994, 0.063386, 4694.038783
vsp_barth5_1Ksep_50in_5Kout, 32212, 32212, 101805, 0.029798, 1749.226781, 0.040787, 1277.953895, 0.026112, 1996.176535
vsp_bcsstk30_500sep_10in_1Kout, 58348, 58348, 2016578, 0.446381, 2313.020457, 0.478294, 2158.686977, 0.489677, 2108.508952
vsp_befref_fxm_2_4_air02, 14109, 14109, 98224, 0.054784, 917.981310, 0.030512, 1648.226581, 0.027955, 1798.974277
vsp_bump2_e18_aa01_model1_crew1, 56438, 56438, 300801, 0.076294, 2018.629354, 0.081818, 1882.359265, 0.059990, 2567.245956
vsp_c-30_data_data, 11023, 11023, 62184, 0.055808, 570.495395, 0.021709, 1466.603780, 0.019558, 1627.853410
vsp_c-60_data_cti_cs4, 85830, 85830, 241080, 0.099418, 1241.560485, 0.120320, 1025.872355, 0.095450, 1293.174163
vsp_finan512_scagr7-2c_rlfddd, 139752, 139752, 552020, 0.218522, 1293.392719, 0.291635, 969.136225, 0.190243, 1485.647031
vsp_mod2_pgp2_slptsk, 101364, 101364, 389368, 0.152986, 1303.105785, 0.186163, 1070.869093, 0.122973, 1621.142388
vsp_model1_crew1_cr42_south31, 45101, 45101, 189976, 0.376320, 258.470745, 0.060211, 1615.442190, 0.042723, 2276.695393
vsp_msc10848_300sep_100in_1Kout, 21996, 21996, 1221028, 0.252496, 2475.945464, 0.285389, 2190.577655, 0.284531, 2197.180168
vsp_p0291_seymourl_iiasa, 10498, 10498, 53868, 0.021709, 1270.471704, 0.022717, 1214.097793, 0.014746, 1870.416601
vsp_sctap1-2b_and_seymourl, 40174, 40174, 140831, 0.077926, 925.302266, 0.050074, 1439.989780, 0.042710, 1688.241567
vsp_south31_slptsk, 39668, 39668, 189914, 0.380928, 255.260758, 0.057242, 1698.694074, 0.046614, 2085.964186
vsp_vibrobox_scagr7-2c_rlfddd, 77328, 77328, 435586, 0.115712, 1927.371699, 0.133427, 1671.473489, 0.089498, 2491.910700
vt2010, 32580, 32580, 77799, 0.027120, 1468.771675, 0.038582, 1032.416038, 0.021197, 1879.202857
wathen100, 30401, 30401, 251001, 0.045363, 2661.405209, 0.056611, 2132.614392, 0.031510, 3831.428768
wathen120, 36441, 36441, 301101, 0.051917, 2789.748417, 0.067075, 2159.290146, 0.037360, 3876.734840
web-Google, 916428, 916428, 5105039, 1.610752, 811.353984, 2.435401, 536.621976, 1.611232, 811.112235
web-NotreDame, 325729, 325729, 1497134, 0.500109, 766.365825, 0.654234, 585.824856, 0.412957, 928.102636
wikipedia-20051105, 1634989, 1634989, 19753078, 4.683059, 1079.804383, 5.731632, 882.259730, 4.241101, 1192.329146
wikipedia-20060925, 2983494, 2983494, 37269096, 10.271642, 928.857237, 12.337562, 773.320428, 9.376665, 1017.514017
wikipedia-20061104, 3148440, 3148440, 39383235, 10.968781, 919.163999, 13.181952, 764.841826, 10.038189, 1004.375214
wikipedia-20070206, 3566907, 3566907, 45030389, 12.884685, 894.688524, 15.379248, 749.567180, 11.813661, 975.800824
wiki-Talk, 2394385, 2394385, 5021410, 5.708697, 225.179379, 3.725715, 345.029309, 3.083674, 416.866731
windscreen, 22692, 22692, 752541, 0.069632, 5449.963256, 0.158208, 2398.689310, 0.081990, 4628.490975
wing_nodal, 10937, 10937, 75488, 0.021914, 1763.738320, 0.033997, 1136.867484, 0.019763, 1955.647670
wy2010, 86204, 86204, 213793, 0.085709, 1277.138546, 0.122778, 891.547086, 0.092979, 1177.274246
x104, 108384, 108384, 5138004, 0.561971, 4631.753018, 1.082406, 2404.745281, 0.597882, 4353.557176
Zd_Jac2, 22835, 22835, 1642833, 0.127590, 3296.213731, 0.182682, 2302.176336, 0.114445, 3674.830421
Zd_Jac3, 22835, 22835, 1916152, 0.138035, 3553.694310, 0.206234, 2378.540255, 0.134781, 3639.501403
Zd_Jac6, 22835, 22835, 1711983, 0.126560, 3462.923987, 0.190464, 2301.052468, 0.114758, 3819.046472
