dataSet,num_nodes,num_edges,1,2,3,4,5,6,7,8
pds-100,514578,1096002,0.97,0.03,0.0,0.0,0.0,0.0,0.0,0.0
c-49,21133,89087,0.79,0.09,0.05,0.02,0.02,0.0,0.01,0.02
ex19,12006,259879,0.22,0.49,0.0,0.29,0.0,0.0,0.0,0.0
vsp_model1_crew1_cr42_south31,45102,189976,0.8,0.09,0.03,0.01,0.01,0.01,0.01,0.04
Trefethen_20000,20001,287233,0.88,0.03,0.03,0.06,0.0,0.0,0.0,0.0
lhr71c,70305,1528092,0.24,0.12,0.06,0.51,0.07,0.0,0.0,0.0
ch7-9-b3,105841,423360,0.92,0.02,0.01,0.01,0.01,0.01,0.01,0.01
thermal1,82655,328556,0.64,0.24,0.1,0.02,0.01,0.0,0.0,0.0
ccc,49153,73728,1.0,0.0,0.0,0.0,0.0,0.0,0.0,0.0
c-62,41732,300537,0.73,0.15,0.02,0.06,0.0,0.01,0.0,0.02
vsp_bcsstk30_500sep_10in_1Kout,58349,2016578,0.99,0.01,0.0,0.0,0.0,0.0,0.0,0.0
pkustk11,87805,2652858,0.25,0.04,0.26,0.02,0.24,0.1,0.04,0.06
ch7-8-b4,141121,705600,0.88,0.06,0.03,0.01,0.01,0.0,0.0,0.0
IMDB,896309,3782463,0.98,0.01,0.0,0.0,0.0,0.0,0.0,0.0
in-2004,1382909,16917053,0.43,0.1,0.06,0.04,0.03,0.02,0.03,0.28
lhr14c,14271,307858,0.24,0.12,0.06,0.5,0.07,0.0,0.0,0.0
rgg_n_2_21_s0,2097153,14487995,0.98,0.02,0.0,0.0,0.0,0.0,0.0,0.0
lhr11,10965,233741,0.24,0.12,0.06,0.5,0.07,0.0,0.0,0.0
case9,14455,75801,0.38,0.33,0.09,0.03,0.03,0.05,0.0,0.09
TSOPF_RS_b162_c3,15375,610299,0.39,0.02,0.02,0.02,0.02,0.02,0.02,0.51
Zd_Jac2,22836,1642833,0.33,0.2,0.09,0.08,0.07,0.06,0.1,0.06
degme,659416,8127528,0.74,0.21,0.04,0.0,0.0,0.0,0.0,0.0
c-73,169423,724348,0.83,0.06,0.01,0.05,0.01,0.0,0.0,0.04
ABACUS_shell_ud,23413,218484,0.81,0.13,0.05,0.01,0.0,0.0,0.0,0.0
Ga10As10H30,113082,3114357,0.73,0.06,0.05,0.05,0.04,0.04,0.03,0.01
cant,62452,2034917,0.15,0.14,0.15,0.16,0.15,0.11,0.08,0.04
memplus,17759,126150,0.57,0.32,0.07,0.02,0.01,0.0,0.01,0.01
scfxm1-2b,33048,111052,0.82,0.1,0.05,0.01,0.0,0.0,0.0,0.0
gearbox,153747,4617075,0.14,0.16,0.26,0.11,0.12,0.1,0.04,0.07
brack2,62632,366559,0.59,0.24,0.11,0.03,0.01,0.0,0.0,0.0
cage10,11398,150645,0.83,0.14,0.03,0.0,0.0,0.0,0.0,0.0
Serena,1391350,32961525,0.16,0.17,0.37,0.08,0.09,0.07,0.02,0.04
rajat26,51033,249302,0.58,0.26,0.1,0.04,0.01,0.01,0.0,0.0
stormG2_1000,1377307,3459881,0.81,0.19,0.0,0.0,0.0,0.0,0.0,0.0
3D_51448_3D,51449,1056610,0.21,0.18,0.42,0.06,0.06,0.08,0.0,0.0
IG5-15,11988,323509,0.8,0.16,0.03,0.01,0.0,0.0,0.0,0.0
TF16,19322,216173,0.89,0.1,0.01,0.0,0.0,0.0,0.0,0.0
cont-300,180896,539396,0.77,0.06,0.17,0.0,0.0,0.0,0.0,0.0
ship_003,121729,4103881,0.03,0.28,0.02,0.26,0.01,0.26,0.01,0.13
nasasrb,54871,1366097,0.18,0.13,0.26,0.06,0.25,0.08,0.02,0.02
a5esindl,60009,145004,0.99,0.0,0.0,0.0,0.0,0.0,0.0,0.01
kron_g500-logn20,1048577,44620272,0.99,0.01,0.0,0.0,0.0,0.0,0.0,0.0
std1_Jac2,21983,1248731,0.36,0.2,0.08,0.08,0.06,0.06,0.1,0.05
mult_dcop_02,25188,193276,0.84,0.12,0.02,0.0,0.0,0.0,0.01,0.01
tn2010,240117,596983,0.93,0.06,0.01,0.0,0.0,0.0,0.0,0.0
vsp_bump2_e18_aa01_model1_crew1,56439,300801,0.79,0.12,0.04,0.03,0.01,0.0,0.0,0.0
trans4,116836,766396,0.66,0.21,0.05,0.03,0.01,0.0,0.0,0.03
ted_A,10606,424587,0.1,0.08,0.17,0.13,0.27,0.0,0.15,0.11
ABACUS_shell_md,23413,218484,0.81,0.13,0.05,0.01,0.0,0.0,0.0,0.0
invextr1_new,30413,1793881,0.36,0.34,0.15,0.1,0.03,0.02,0.0,0.0
ramage02,16831,1441591,0.09,0.14,0.15,0.2,0.11,0.24,0.04,0.02
bcsstm36,23053,166389,0.17,0.17,0.41,0.13,0.11,0.01,0.0,0.0
circuit5M_dc,3523318,19194193,0.56,0.26,0.18,0.0,0.0,0.0,0.0,0.0
Zhao1,33862,166453,0.88,0.12,0.0,0.0,0.0,0.0,0.0,0.0
as-caida,31380,106762,0.94,0.04,0.01,0.0,0.0,0.0,0.0,0.0
c-64b,51036,384438,0.64,0.07,0.05,0.03,0.03,0.01,0.02,0.14
rgg_n_2_15_s0,32769,160240,0.89,0.1,0.01,0.0,0.0,0.0,0.0,0.0
lowThrust_12,18459,117423,0.84,0.02,0.02,0.03,0.02,0.01,0.01,0.03
image_interp,240001,711683,0.76,0.06,0.18,0.0,0.0,0.0,0.0,0.0
dawson5,51538,531157,0.35,0.33,0.19,0.09,0.03,0.02,0.0,0.0
la2010,204448,490317,0.93,0.06,0.0,0.0,0.0,0.0,0.0,0.0
cnr-2000,325558,3216152,0.54,0.1,0.04,0.03,0.02,0.02,0.02,0.22
circuit_4,80210,307604,0.72,0.11,0.09,0.06,0.02,0.0,0.0,0.0
enron,69245,276143,0.81,0.1,0.04,0.02,0.01,0.01,0.0,0.0
c-67,57976,294955,0.72,0.08,0.02,0.04,0.0,0.02,0.0,0.11
ncvxqp5,62501,237483,1.0,0.0,0.0,0.0,0.0,0.0,0.0,0.0
g7jac160,47431,656616,0.61,0.29,0.04,0.03,0.01,0.01,0.01,0.0
ns3Da,20415,1679599,0.89,0.09,0.02,0.0,0.0,0.0,0.0,0.0
EternityII_E,262145,1503732,0.99,0.01,0.0,0.0,0.0,0.0,0.0,0.0
OPF_10000,43888,255799,0.25,0.26,0.11,0.37,0.0,0.0,0.0,0.01
144,144650,1074393,0.88,0.12,0.0,0.0,0.0,0.0,0.0,0.0
g7jac200sc,59311,837936,0.61,0.29,0.04,0.03,0.01,0.01,0.01,0.0
GL7d15,460262,6080381,1.0,0.0,0.0,0.0,0.0,0.0,0.0,0.0
ch7-9-b4,317521,1587600,0.9,0.05,0.01,0.01,0.01,0.01,0.0,0.0
fe_ocean,143438,409593,1.0,0.0,0.0,0.0,0.0,0.0,0.0,0.0
amazon-2008,735324,5158388,0.65,0.15,0.08,0.05,0.03,0.02,0.02,0.0
olesnik0,88264,402623,0.6,0.22,0.1,0.05,0.01,0.01,0.0,0.0
cfd2,123441,1605669,0.24,0.33,0.37,0.04,0.02,0.01,0.0,0.0
rel9,9888049,23667183,0.78,0.14,0.02,0.01,0.01,0.0,0.0,0.03
conf6_0-8x8-30,49153,1916928,0.12,0.21,0.43,0.12,0.04,0.08,0.0,0.0
ia2010,216008,510585,0.92,0.08,0.01,0.0,0.0,0.0,0.0,0.0
hugetric-00000,5824555,8733523,0.88,0.12,0.0,0.0,0.0,0.0,0.0,0.0
cyl6,13682,363961,0.17,0.02,0.17,0.02,0.16,0.02,0.16,0.27
PFlow_742,742794,18940627,0.18,0.15,0.13,0.16,0.13,0.12,0.07,0.07
ch7-9-b5,423361,2540160,0.88,0.07,0.02,0.02,0.0,0.0,0.0,0.0
flower_8_4,125362,375266,0.9,0.08,0.02,0.0,0.0,0.0,0.0,0.0
luxembourg_osm,114600,119666,0.98,0.02,0.0,0.0,0.0,0.0,0.0,0.0
3Dspectralwave,680944,17165766,0.59,0.21,0.13,0.05,0.01,0.0,0.0,0.0
tube2,21499,459277,0.1,0.15,0.1,0.15,0.1,0.16,0.07,0.17
smt,25711,1889447,0.1,0.12,0.28,0.08,0.14,0.08,0.04,0.17
gupta1,31803,1098006,0.49,0.16,0.08,0.05,0.04,0.05,0.06,0.08
NACA0015,1039184,3114818,0.84,0.16,0.0,0.0,0.0,0.0,0.0,0.0
laminar_duct3D,67174,3833077,0.16,0.26,0.11,0.1,0.1,0.11,0.08,0.08
Andrews,60001,410077,1.0,0.0,0.0,0.0,0.0,0.0,0.0,0.0
sgpf5y6,312541,831976,0.97,0.03,0.0,0.0,0.0,0.0,0.0,0.0
nd6k,18001,3457658,0.08,0.08,0.08,0.07,0.08,0.08,0.12,0.41
va2010,285763,701064,0.95,0.05,0.0,0.0,0.0,0.0,0.0,0.0
lowThrust_4,13563,84240,0.85,0.02,0.03,0.04,0.01,0.01,0.01,0.03
pkustk08,22210,1624440,0.14,0.16,0.36,0.06,0.1,0.08,0.02,0.07
pds-60,336422,719557,0.97,0.03,0.0,0.0,0.0,0.0,0.0,0.0
wikipedia-20070206,3566908,45030389,0.97,0.02,0.0,0.0,0.0,0.0,0.0,0.0
Emilia_923,923137,20964171,0.18,0.18,0.36,0.09,0.08,0.08,0.01,0.01
para-4,153227,5326228,0.59,0.26,0.11,0.03,0.01,0.0,0.0,0.0
crankseg_1,52805,5333507,0.11,0.14,0.24,0.08,0.12,0.11,0.04,0.14
lpl1,32461,180248,0.75,0.23,0.01,0.0,0.0,0.0,0.0,0.0
lowThrust_13,18477,117580,0.84,0.02,0.02,0.03,0.02,0.01,0.01,0.03
wi2010,253097,604702,0.92,0.08,0.01,0.0,0.0,0.0,0.0,0.0
RFdevice,74105,365580,0.75,0.17,0.09,0.0,0.0,0.0,0.0,0.0
cage14,1505786,27130349,0.87,0.1,0.02,0.0,0.0,0.0,0.0,0.0
pkustk12,94654,3803485,0.17,0.17,0.35,0.06,0.07,0.08,0.03,0.08
c-67b,57976,294955,0.72,0.08,0.02,0.04,0.0,0.02,0.0,0.11
nlpkkt80,1062401,14883536,0.34,0.17,0.49,0.0,0.0,0.0,0.0,0.0
g7jac060,17731,203316,0.64,0.26,0.03,0.03,0.01,0.01,0.01,0.0
gridgena,48963,280523,0.33,0.26,0.33,0.07,0.0,0.0,0.0,0.0
g7jac120,35551,475296,0.62,0.29,0.04,0.03,0.01,0.01,0.01,0.0
ex11,16615,1096948,0.13,0.14,0.14,0.14,0.14,0.13,0.1,0.08
cond-mat-2003,31164,120029,0.74,0.16,0.06,0.02,0.01,0.0,0.0,0.0
kneser_10_4_1,349652,992252,0.93,0.06,0.01,0.0,0.0,0.0,0.0,0.0
ks2010,238601,560899,0.92,0.07,0.01,0.0,0.0,0.0,0.0,0.0
ca-HepPh,12009,118521,0.94,0.06,0.0,0.0,0.0,0.0,0.0,0.0
pcrystk03,24697,887937,0.14,0.14,0.14,0.15,0.13,0.12,0.1,0.09
cvxbqp1,50001,199984,1.0,0.0,0.0,0.0,0.0,0.0,0.0,0.0
af_shell10,1508066,27090195,0.13,0.13,0.13,0.13,0.16,0.1,0.08,0.16
pkustk07,16861,1217832,0.13,0.17,0.33,0.08,0.11,0.08,0.03,0.08
rajat28,87191,607235,0.65,0.17,0.09,0.04,0.02,0.01,0.0,0.01
psse2,28635,115262,0.38,0.44,0.05,0.09,0.01,0.02,0.0,0.01
Freescale2,2999350,23042677,0.78,0.13,0.05,0.02,0.01,0.0,0.0,0.01
Si41Ge41H72,185640,7598452,0.62,0.08,0.07,0.07,0.06,0.05,0.04,0.01
Chebyshev4,68122,5377761,0.19,0.26,0.19,0.35,0.01,0.0,0.0,0.0
ch7-8-b5,141121,846720,0.86,0.08,0.05,0.0,0.0,0.0,0.0,0.0
circuit5M,5558327,59524291,0.77,0.12,0.01,0.0,0.01,0.0,0.0,0.08
soc-sign-Slashdot090216,81872,545671,0.96,0.03,0.01,0.0,0.0,0.0,0.0,0.0
LeGresley_87936,87937,593276,0.78,0.17,0.04,0.01,0.0,0.0,0.0,0.0
pds-70,390006,833465,0.97,0.03,0.0,0.0,0.0,0.0,0.0,0.0
F1,343792,13590452,0.16,0.17,0.37,0.06,0.08,0.07,0.02,0.08
xenon1,48601,1181120,0.2,0.23,0.52,0.02,0.02,0.01,0.0,0.0
apache1,80801,311492,0.71,0.29,0.0,0.0,0.0,0.0,0.0,0.0
hcircuit,105677,513072,0.55,0.15,0.28,0.01,0.0,0.0,0.0,0.0
torso2,115968,1033473,0.23,0.21,0.56,0.0,0.0,0.0,0.0,0.0
pkustk04,55591,2137125,0.15,0.18,0.28,0.09,0.08,0.1,0.02,0.09
vanbody,47073,1191985,0.15,0.14,0.16,0.11,0.13,0.12,0.06,0.13
barrier2-3,113077,3805068,0.63,0.24,0.11,0.02,0.0,0.0,0.0,0.0
cage13,445316,7479343,0.85,0.12,0.03,0.0,0.0,0.0,0.0,0.0
dbir2,45878,1158159,0.49,0.26,0.15,0.07,0.02,0.01,0.0,0.0
std1_Jac3_db,21983,531826,0.38,0.18,0.13,0.14,0.07,0.04,0.02,0.03
Long_Coup_dt6,1470153,44279572,0.29,0.02,0.23,0.2,0.12,0.01,0.09,0.03
Lin,256001,1011200,0.72,0.28,0.0,0.0,0.0,0.0,0.0,0.0
tx2010,914232,2228136,0.93,0.06,0.0,0.0,0.0,0.0,0.0,0.0
light_in_tissue,29283,406084,0.36,0.29,0.35,0.0,0.0,0.0,0.0,0.0
TSOPF_RS_b39_c7,14099,252446,0.6,0.0,0.05,0.0,0.05,0.0,0.05,0.25
nh2010,48838,117275,0.92,0.07,0.01,0.0,0.0,0.0,0.0,0.0
barrier2-11,115626,3897557,0.63,0.24,0.11,0.02,0.01,0.0,0.0,0.0
dielFilterV2clx,607233,12958252,0.49,0.22,0.13,0.06,0.04,0.03,0.01,0.01
pfinan512,74753,335872,0.71,0.27,0.01,0.01,0.0,0.0,0.0,0.0
eu-2005,862665,19235140,0.6,0.08,0.04,0.03,0.02,0.02,0.03,0.18
ML_Laplace,377003,27689972,0.18,0.06,0.21,0.01,0.21,0.05,0.13,0.16
Ga3As3H12,61350,3016148,0.57,0.08,0.08,0.06,0.07,0.05,0.05,0.04
g7jac080sc,23671,293976,0.63,0.28,0.04,0.03,0.01,0.01,0.01,0.0
IG5-18,47895,1790490,0.85,0.13,0.02,0.0,0.0,0.0,0.0,0.0
Dubcova1,16130,134569,0.52,0.26,0.1,0.06,0.02,0.01,0.01,0.0
fome20,108176,232647,0.97,0.03,0.0,0.0,0.0,0.0,0.0,0.0
cont11_l,1961395,5382999,0.89,0.03,0.08,0.0,0.0,0.0,0.0,0.0
bloweybl,30004,70001,0.81,0.05,0.14,0.0,0.0,0.0,0.0,0.0
TSOPF_FS_b162_c3,30799,904612,0.34,0.03,0.02,0.02,0.02,0.02,0.03,0.53
fem_filter,74063,1731206,0.36,0.24,0.24,0.14,0.03,0.01,0.0,0.0
c-59,41283,260909,0.72,0.12,0.07,0.03,0.02,0.01,0.01,0.03
Ga41As41H72,268097,9378286,0.67,0.07,0.06,0.06,0.05,0.05,0.03,0.01
oh2010,365345,884120,0.93,0.07,0.01,0.0,0.0,0.0,0.0,0.0
c-58,37596,295076,0.79,0.12,0.04,0.03,0.0,0.0,0.0,0.02
Flan_1565,1564795,59485419,0.14,0.14,0.17,0.14,0.13,0.12,0.07,0.08
Wordnet3,82671,132964,0.81,0.1,0.04,0.02,0.01,0.01,0.0,0.0
lhr17,17577,381975,0.24,0.12,0.06,0.51,0.07,0.0,0.0,0.0
trdheim,22099,978711,0.13,0.02,0.15,0.02,0.12,0.02,0.15,0.4
amazon0312,400728,3200440,0.81,0.12,0.04,0.02,0.01,0.0,0.0,0.0
crystm02,13966,168435,0.46,0.43,0.11,0.0,0.0,0.0,0.0,0.0
StocF-1465,1465138,11235263,0.51,0.38,0.09,0.02,0.0,0.0,0.0,0.0
onetone1,36058,341088,0.58,0.25,0.11,0.03,0.02,0.0,0.0,0.0
rajat29,643995,4866270,0.66,0.16,0.07,0.04,0.03,0.02,0.01,0.02
auto,448696,3314611,0.9,0.08,0.02,0.0,0.0,0.0,0.0,0.0
mark3jac060,27450,170695,0.73,0.18,0.05,0.02,0.01,0.0,0.0,0.0
GL7d14,171376,1831183,1.0,0.0,0.0,0.0,0.0,0.0,0.0,0.0
engine,143572,2424822,0.2,0.2,0.47,0.05,0.04,0.03,0.0,0.0
kron_g500-logn19,524289,21781478,0.98,0.02,0.0,0.0,0.0,0.0,0.0,0.0
world,67148,198883,0.89,0.08,0.02,0.01,0.0,0.0,0.0,0.0
cont-201,80596,239596,0.77,0.06,0.17,0.0,0.0,0.0,0.0,0.0
c-52,23949,113332,0.74,0.12,0.03,0.05,0.01,0.02,0.0,0.04
bcircuit,68903,375558,0.58,0.18,0.2,0.03,0.01,0.0,0.0,0.0
bbmat,38745,1771722,0.29,0.08,0.08,0.11,0.05,0.32,0.04,0.02
pa2010,421546,1029231,0.92,0.07,0.01,0.0,0.0,0.0,0.0,0.0
gupta2,62065,2155175,0.49,0.15,0.08,0.05,0.04,0.05,0.06,0.08
Zd_Jac6_db,22836,663643,0.33,0.22,0.17,0.19,0.05,0.02,0.01,0.02
mark3jac120sc,54930,342475,0.73,0.18,0.05,0.02,0.01,0.0,0.0,0.0
EAT_SR,23220,325589,0.93,0.06,0.01,0.0,0.0,0.0,0.0,0.0
dixmaanl,60001,179999,0.59,0.41,0.0,0.0,0.0,0.0,0.0,0.0
af23560,23561,484256,0.44,0.06,0.13,0.19,0.18,0.0,0.0,0.0
ch8-8-b4,376321,1881600,0.9,0.04,0.02,0.01,0.01,0.01,0.0,0.0
south31,36322,112398,0.77,0.02,0.03,0.02,0.02,0.02,0.04,0.09
c-48,18355,92217,0.72,0.11,0.08,0.03,0.0,0.01,0.0,0.04
msc10848,10849,620313,0.11,0.11,0.19,0.09,0.12,0.09,0.06,0.23
n4c6-b8,198896,1790055,0.9,0.06,0.03,0.01,0.0,0.0,0.0,0.0
Ge99H100,112986,4282190,0.62,0.09,0.08,0.07,0.06,0.04,0.03,0.0
c-43,11126,67400,0.69,0.08,0.02,0.04,0.01,0.03,0.01,0.13
citationCiteseer,268496,1156647,1.0,0.0,0.0,0.0,0.0,0.0,0.0,0.0
TSOPF_FS_b39_c30,120217,1575639,0.54,0.01,0.06,0.01,0.05,0.01,0.05,0.28
onetone2,36058,227628,0.6,0.22,0.11,0.04,0.03,0.0,0.0,0.0
Hook_1498,1498024,31207734,0.16,0.17,0.35,0.08,0.1,0.07,0.02,0.04
blockqp1,60013,340022,0.73,0.1,0.0,0.0,0.0,0.0,0.0,0.17
ch7-7-b5,52921,211680,0.84,0.14,0.03,0.0,0.0,0.0,0.0,0.0
mario001,38435,114643,0.8,0.16,0.04,0.0,0.0,0.0,0.0,0.0
net125,36721,1306960,0.81,0.0,0.0,0.0,0.0,0.0,0.0,0.17
igbt3,10939,234006,0.55,0.24,0.21,0.0,0.0,0.0,0.0,0.0
vsp_msc10848_300sep_100in_1Kout,21997,1221028,0.98,0.02,0.0,0.0,0.0,0.0,0.0,0.0
crashbasis,160001,1750416,0.48,0.13,0.39,0.0,0.0,0.0,0.0,0.0
ecology2,1000000,2997995,0.59,0.41,0.0,0.0,0.0,0.0,0.0,0.0
matrix_9,103431,2121550,0.18,0.18,0.46,0.04,0.04,0.04,0.04,0.04
webbase-1M,1000006,3105536,0.78,0.06,0.03,0.03,0.02,0.01,0.01,0.07
lowThrust_7,17379,110607,0.84,0.02,0.02,0.03,0.03,0.01,0.0,0.03
HEP-th-new,27771,352807,0.96,0.04,0.0,0.0,0.0,0.0,0.0,0.0
turon_m,189925,912345,0.6,0.22,0.1,0.05,0.01,0.01,0.0,0.0
rajat22,39900,197264,0.59,0.23,0.1,0.05,0.02,0.01,0.0,0.0
viscorocks,37763,1162244,0.11,0.0,0.46,0.05,0.07,0.1,0.21,0.0
ri2010,25182,62875,0.93,0.06,0.01,0.0,0.0,0.0,0.0,0.0
Maragal_8,75078,1308415,0.67,0.23,0.04,0.03,0.01,0.01,0.0,0.01
onera_dual,85568,252384,0.68,0.25,0.07,0.0,0.0,0.0,0.0,0.0
Dubcova3,146690,1891669,0.12,0.48,0.04,0.2,0.01,0.12,0.0,0.03
vsp_c-60_data_cti_cs4,85831,241080,0.77,0.13,0.04,0.03,0.0,0.01,0.0,0.01
Dubcova2,65026,547625,0.53,0.26,0.1,0.06,0.02,0.01,0.01,0.0
fome21,216351,465294,0.97,0.03,0.0,0.0,0.0,0.0,0.0,0.0
cbuckle,13682,345098,0.17,0.04,0.15,0.05,0.15,0.08,0.17,0.18
coPapersCiteseer,434103,16036720,0.25,0.12,0.09,0.07,0.07,0.07,0.08,0.26
coAuthorsDBLP,299068,977676,0.69,0.17,0.07,0.03,0.02,0.01,0.01,0.01
D6-6,120577,146880,0.77,0.23,0.0,0.0,0.0,0.0,0.0,0.0
darcy003,389875,1167685,0.79,0.17,0.04,0.0,0.0,0.0,0.0,0.0
c-55,32781,218115,0.7,0.16,0.04,0.05,0.01,0.01,0.0,0.03
rajat16,94295,641159,0.65,0.17,0.09,0.05,0.02,0.01,0.0,0.01
para-8,155925,5416358,0.59,0.26,0.11,0.03,0.01,0.0,0.0,0.0
bone010,986704,36326514,0.14,0.14,0.13,0.15,0.13,0.12,0.09,0.09
mono_500Hz,169411,5036288,0.61,0.22,0.1,0.05,0.02,0.01,0.0,0.0
kron_g500-logn16,65537,2456398,0.94,0.05,0.01,0.0,0.0,0.0,0.0,0.0
Ill_Stokes,20897,191368,0.98,0.02,0.0,0.0,0.0,0.0,0.0,0.0
bfly,49153,98304,0.98,0.02,0.0,0.0,0.0,0.0,0.0,0.0
fxm4_6,18893,258368,0.56,0.11,0.08,0.09,0.05,0.04,0.03,0.03
vsp_befref_fxm_2_4_air02,14110,98224,0.61,0.2,0.1,0.06,0.03,0.01,0.0,0.0
s3dkq4m2,90450,2455670,0.1,0.1,0.1,0.1,0.1,0.1,0.1,0.32
bauru5727,40367,145019,0.49,0.46,0.03,0.01,0.0,0.0,0.0,0.0
foldoc,13357,120238,0.68,0.13,0.09,0.05,0.03,0.02,0.0,0.0
flickr,820879,9837214,0.94,0.05,0.01,0.0,0.0,0.0,0.0,0.0
n4c6-b10,186559,1456422,0.91,0.07,0.02,0.0,0.0,0.0,0.0,0.0
SiO,33402,675528,0.81,0.04,0.03,0.03,0.03,0.02,0.02,0.0
lhr17c,17577,381975,0.24,0.12,0.06,0.51,0.07,0.0,0.0,0.0
n4c6-b5,51814,310878,0.88,0.06,0.03,0.01,0.01,0.0,0.0,0.0
tsyl201,20686,1237821,0.12,0.13,0.2,0.09,0.16,0.13,0.05,0.12
ldoor,952204,23737339,0.14,0.13,0.12,0.12,0.11,0.11,0.1,0.18
graphics,29494,117954,0.16,0.17,0.39,0.07,0.07,0.08,0.02,0.03
soc-Epinions1,75889,508837,0.89,0.07,0.02,0.01,0.0,0.0,0.0,0.0
rgg_n_2_20_s0,1048577,6891620,0.98,0.02,0.0,0.0,0.0,0.0,0.0,0.0
boyd1,93280,652246,0.34,0.37,0.12,0.12,0.05,0.0,0.0,0.0
std1_Jac2_db,21983,498771,0.37,0.2,0.15,0.14,0.06,0.03,0.02,0.03
net50,16321,480760,0.82,0.0,0.01,0.0,0.01,0.0,0.03,0.13
olafu,16147,515651,0.15,0.06,0.2,0.04,0.22,0.1,0.12,0.11
kron_g500-logn17,131073,5114375,0.96,0.04,0.0,0.0,0.0,0.0,0.0,0.0
ted_A_unscaled,10606,424587,0.1,0.08,0.17,0.13,0.27,0.0,0.15,0.11
Maragal_7,46846,1200537,0.62,0.25,0.06,0.04,0.01,0.01,0.0,0.01
struct3,53571,613632,0.17,0.28,0.27,0.16,0.08,0.03,0.0,0.0
atmosmodm,1489753,10319760,0.81,0.05,0.14,0.0,0.0,0.0,0.0,0.0
rajat15,37262,443573,0.64,0.2,0.09,0.03,0.01,0.01,0.0,0.0
venkat01,62425,1717792,0.32,0.0,0.32,0.33,0.01,0.0,0.01,0.0
neos,515906,1526794,0.87,0.05,0.03,0.02,0.01,0.01,0.01,0.02
Cube_Coup_dt0,2164761,64685452,0.28,0.02,0.22,0.17,0.16,0.01,0.12,0.02
Fault_639,638803,14626683,0.16,0.17,0.33,0.1,0.1,0.09,0.02,0.02
Si34H36,97570,2626974,0.73,0.07,0.05,0.05,0.04,0.03,0.02,0.0
Stanford,281904,2312497,1.0,0.0,0.0,0.0,0.0,0.0,0.0,0.0
wy2010,86205,213793,0.93,0.06,0.01,0.0,0.0,0.0,0.0,0.0
scagr7-2r,46680,120141,0.75,0.19,0.06,0.01,0.0,0.0,0.0,0.0
m_t1,97579,4925574,0.1,0.14,0.16,0.11,0.13,0.14,0.06,0.16
ohne2,181344,11063545,0.35,0.31,0.19,0.08,0.03,0.02,0.01,0.0
tandem_vtx,18455,135902,0.56,0.26,0.12,0.05,0.02,0.0,0.0,0.0
Rucci1,1977886,7791168,0.18,0.18,0.35,0.23,0.06,0.0,0.0,0.0
PR02R,161071,8185136,0.26,0.14,0.08,0.14,0.11,0.1,0.19,0.0
fe_tooth,78137,452591,0.59,0.25,0.11,0.03,0.01,0.0,0.0,0.0
gyro_m,17362,178896,0.63,0.26,0.11,0.0,0.0,0.0,0.0,0.0
c-73b,169423,724348,0.83,0.06,0.01,0.05,0.01,0.0,0.0,0.04
sc2010,181909,446580,0.94,0.06,0.0,0.0,0.0,0.0,0.0,0.0
bloweya,30005,80005,0.56,0.11,0.33,0.0,0.0,0.0,0.0,0.0
a2nnsnsl,80017,196115,0.99,0.0,0.0,0.0,0.0,0.0,0.0,0.01
lhr10c,10673,232633,0.24,0.13,0.05,0.51,0.07,0.0,0.0,0.0
GL7d17,1548651,25978098,1.0,0.0,0.0,0.0,0.0,0.0,0.0,0.0
dbir1,45776,1077025,0.49,0.25,0.15,0.08,0.02,0.01,0.0,0.0
me2010,69519,167738,0.91,0.08,0.01,0.0,0.0,0.0,0.0,0.0
largebasis,440021,5560100,0.38,0.09,0.17,0.15,0.22,0.0,0.0,0.0
c-70,68925,363955,0.72,0.14,0.06,0.04,0.0,0.02,0.0,0.03
p2p-Gnutella31,62587,147892,1.0,0.0,0.0,0.0,0.0,0.0,0.0,0.0
mk12-b3,51976,207900,0.9,0.04,0.01,0.02,0.01,0.01,0.0,0.01
vsp_mod2_pgp2_slptsk,101365,389368,0.85,0.1,0.03,0.01,0.0,0.0,0.0,0.01
mark3jac060sc,27450,170695,0.73,0.18,0.05,0.02,0.01,0.0,0.0,0.0
av41092,41093,1683902,0.28,0.37,0.16,0.13,0.05,0.0,0.0,0.0
filter3D,106438,1406808,0.64,0.17,0.1,0.08,0.01,0.0,0.0,0.0
dc2,116836,766396,0.66,0.21,0.05,0.03,0.01,0.0,0.0,0.03
n4c6-b9,198896,1865580,0.9,0.07,0.02,0.01,0.0,0.0,0.0,0.0
ut2010,115407,286033,0.94,0.05,0.0,0.0,0.0,0.0,0.0,0.0
bcsstk30,28925,1036208,0.11,0.14,0.16,0.13,0.16,0.08,0.08,0.12
cit-HepPh,34547,421578,0.98,0.02,0.0,0.0,0.0,0.0,0.0,0.0
e40r0100,17282,553562,0.41,0.21,0.13,0.09,0.07,0.05,0.03,0.02
fome13,97841,285056,1.0,0.0,0.0,0.0,0.0,0.0,0.0,0.0
ship_001,34921,2339575,0.04,0.17,0.04,0.18,0.04,0.18,0.02,0.34
af_shell5,504856,9046865,0.13,0.13,0.13,0.13,0.16,0.1,0.08,0.16
SiO2,155332,5719417,0.69,0.05,0.05,0.04,0.04,0.04,0.04,0.06
Chevron2,90250,803173,0.21,0.2,0.59,0.0,0.0,0.0,0.0,0.0
c-50,22402,108013,0.73,0.13,0.04,0.04,0.01,0.02,0.0,0.04
g7jac180sc,53371,747276,0.61,0.29,0.04,0.03,0.01,0.01,0.01,0.0
c-big,345242,1343126,0.8,0.08,0.05,0.02,0.02,0.0,0.01,0.02
ncvxbqp1,50001,199984,1.0,0.0,0.0,0.0,0.0,0.0,0.0,0.0
iChem_Jacobian,274088,4137369,0.64,0.16,0.11,0.05,0.03,0.01,0.0,0.0
Zd_Jac6,22836,1711983,0.34,0.2,0.09,0.07,0.06,0.07,0.05,0.13
pwtk,217919,5926171,0.04,0.17,0.04,0.17,0.04,0.17,0.03,0.35
pltexpa,70365,143059,0.99,0.01,0.0,0.0,0.0,0.0,0.0,0.0
web-Stanford,281904,2312497,0.97,0.03,0.0,0.0,0.0,0.0,0.0,0.0
garon2,13536,390607,0.39,0.41,0.11,0.05,0.04,0.01,0.0,0.0
TSOPF_RS_b162_c4,20375,812749,0.39,0.02,0.02,0.02,0.02,0.02,0.02,0.52
g7jac100,29611,384636,0.62,0.28,0.04,0.03,0.01,0.01,0.01,0.0
atmosmodd,1270433,8814880,0.81,0.05,0.14,0.0,0.0,0.0,0.0,0.0
shallow_water1,81921,204800,0.58,0.35,0.07,0.0,0.0,0.0,0.0,0.0
poisson3Db,85624,2374949,0.92,0.07,0.01,0.0,0.0,0.0,0.0,0.0
human_gene1,22284,12345963,0.58,0.22,0.11,0.06,0.03,0.01,0.0,0.0
cont1_l,1921597,7031999,0.83,0.03,0.1,0.0,0.0,0.0,0.0,0.03
Si10H16,17078,446500,0.69,0.08,0.07,0.06,0.05,0.03,0.02,0.0
tmt_sym,726714,2903837,0.31,0.61,0.08,0.0,0.0,0.0,0.0,0.0
cat_ears_4_4,44449,132888,0.86,0.09,0.04,0.0,0.0,0.0,0.0,0.0
nv2010,84539,208499,0.93,0.06,0.01,0.0,0.0,0.0,0.0,0.0
G3_circuit,1585479,4623152,0.58,0.42,0.0,0.0,0.0,0.0,0.0,0.0
mip1,66464,5209641,0.11,0.02,0.02,0.02,0.02,0.01,0.01,0.78
delaunay_n15,32769,98274,0.58,0.27,0.11,0.03,0.01,0.0,0.0,0.0
conf5_4-8x8-05,49153,1916928,0.12,0.21,0.43,0.12,0.04,0.08,0.0,0.0
c-63,44235,239469,0.71,0.14,0.04,0.05,0.0,0.02,0.0,0.04
web-BerkStan,685231,7600595,0.55,0.12,0.04,0.04,0.02,0.02,0.02,0.18
mri1,147457,589824,0.37,0.41,0.19,0.02,0.01,0.0,0.0,0.0
hangGlider_5,16012,82070,0.82,0.03,0.06,0.03,0.02,0.02,0.0,0.02
pkustk01,22045,500712,0.18,0.14,0.17,0.11,0.15,0.16,0.02,0.06
nd24k,72001,14393817,0.09,0.08,0.08,0.07,0.08,0.08,0.13,0.4
ok2010,269119,637074,0.95,0.05,0.0,0.0,0.0,0.0,0.0,0.0
c-71,76639,468096,0.72,0.15,0.04,0.05,0.0,0.01,0.0,0.02
s4dkt3m2,90450,1921955,0.11,0.11,0.11,0.11,0.11,0.11,0.11,0.21
af_0_k101,503626,9027150,0.13,0.12,0.13,0.12,0.16,0.1,0.08,0.16
rgg_n_2_19_s0,524289,3269766,0.97,0.03,0.0,0.0,0.0,0.0,0.0,0.0
pkustk02,10801,410400,0.22,0.03,0.22,0.01,0.2,0.06,0.09,0.16
mult_dcop_01,25188,193276,0.84,0.12,0.02,0.0,0.0,0.0,0.01,0.01
debr,1048577,2097149,0.77,0.23,0.0,0.0,0.0,0.0,0.0,0.0
nlpkkt120,3542401,50194096,0.34,0.17,0.5,0.0,0.0,0.0,0.0,0.0
lhr14,14271,307858,0.24,0.12,0.06,0.5,0.07,0.0,0.0,0.0
xenon2,157465,3866688,0.2,0.23,0.52,0.02,0.02,0.01,0.0,0.0
thermal2,1228046,4904179,0.67,0.21,0.09,0.02,0.0,0.0,0.0,0.0
bratu3d,27793,88627,0.82,0.05,0.12,0.0,0.0,0.0,0.0,0.0
soc-sign-epinions,131829,841372,0.94,0.04,0.01,0.0,0.0,0.0,0.0,0.0
ecology1,1000001,2998000,0.59,0.41,0.0,0.0,0.0,0.0,0.0,0.0
belgium_osm,1441296,1549970,0.97,0.03,0.0,0.0,0.0,0.0,0.0,0.0
Ge87H76,112986,4002590,0.64,0.08,0.07,0.07,0.06,0.04,0.03,0.0
ca-AstroPh,18773,198110,0.97,0.03,0.0,0.0,0.0,0.0,0.0,0.0
rajat10,30203,80202,0.75,0.25,0.0,0.0,0.0,0.0,0.0,0.0
GL7d21,1437548,18174775,1.0,0.0,0.0,0.0,0.0,0.0,0.0,0.0
c-72,84065,395811,0.76,0.09,0.08,0.02,0.01,0.0,0.01,0.02
g7jac140,41491,565956,0.61,0.29,0.04,0.03,0.01,0.01,0.01,0.0
ABACUS_shell_hd,23413,218484,0.81,0.13,0.05,0.01,0.0,0.0,0.0,0.0
gyro_k,17362,519260,0.15,0.16,0.3,0.08,0.09,0.07,0.04,0.11
vsp_c-30_data_data,11024,62184,0.43,0.17,0.18,0.08,0.02,0.02,0.0,0.12
c-65,48067,204297,0.76,0.12,0.03,0.05,0.0,0.01,0.0,0.03
chem_master1,40402,201201,0.69,0.08,0.23,0.0,0.0,0.0,0.0,0.0
jan99jac100,34455,215862,0.69,0.21,0.03,0.02,0.01,0.01,0.01,0.02
soc-LiveJournal1,4847572,68993773,0.89,0.06,0.02,0.01,0.01,0.0,0.0,0.0
Transport,1602112,23500731,0.22,0.68,0.09,0.0,0.0,0.0,0.0,0.0
lp_osa_60,243247,1408073,0.8,0.09,0.11,0.0,0.0,0.0,0.0,0.0
mark3jac100sc,45770,285215,0.73,0.18,0.05,0.02,0.01,0.0,0.0,0.0
n4c6-b11,132403,830820,0.91,0.07,0.02,0.0,0.0,0.0,0.0,0.0
dielFilterV3clx,420409,16653308,0.4,0.21,0.13,0.1,0.06,0.04,0.02,0.05
rgg_n_2_16_s0,65537,342127,0.92,0.08,0.0,0.0,0.0,0.0,0.0,0.0
lhr34c,35153,764014,0.24,0.12,0.06,0.51,0.07,0.0,0.0,0.0
vsp_south31_slptsk,39669,189914,0.72,0.14,0.05,0.02,0.01,0.01,0.01,0.05
conf5_4-8x8-20,49153,1916928,0.12,0.21,0.43,0.12,0.04,0.08,0.0,0.0
raefsky3,21201,1488768,0.25,0.0,0.0,0.0,0.0,0.0,0.25,0.5
dictionary28,52653,89038,0.9,0.07,0.02,0.0,0.0,0.0,0.0,0.0
wa2010,195575,473716,0.94,0.05,0.0,0.0,0.0,0.0,0.0,0.0
parabolic_fem,525826,2100225,0.61,0.35,0.03,0.0,0.0,0.0,0.0,0.0
para-6,155925,5416358,0.59,0.26,0.11,0.03,0.01,0.0,0.0,0.0
vsp_p0291_seymourl_iiasa,10499,53868,0.92,0.05,0.01,0.01,0.0,0.0,0.0,0.0
g7jac180,53371,747276,0.61,0.29,0.04,0.03,0.01,0.01,0.01,0.0
email-Enron,36693,183831,0.76,0.14,0.04,0.02,0.01,0.0,0.0,0.02
fl2010,484482,1173147,0.94,0.06,0.0,0.0,0.0,0.0,0.0,0.0
TSOPF_RS_b2383,38121,16171169,0.06,0.0,0.0,0.0,0.0,0.0,0.0,0.93
ckt11752_tr_0,49703,333029,0.7,0.12,0.1,0.02,0.01,0.0,0.01,0.04
hollywood-2009,1139906,57515616,0.73,0.11,0.04,0.02,0.01,0.01,0.01,0.06
bundle_adj,513352,10360701,0.16,0.15,0.22,0.03,0.07,0.04,0.01,0.32
rajat30,643995,6175377,0.68,0.13,0.07,0.05,0.03,0.02,0.01,0.01
bayer01,57736,277774,0.78,0.14,0.02,0.01,0.01,0.01,0.01,0.02
juba40k,40338,144945,0.45,0.5,0.03,0.01,0.0,0.0,0.0,0.0
cz10228,10229,102876,0.59,0.22,0.12,0.05,0.01,0.0,0.0,0.0
dc1,116836,766396,0.66,0.21,0.05,0.03,0.01,0.0,0.0,0.03
shar_te2-b3,200201,800800,0.85,0.07,0.07,0.01,0.0,0.0,0.0,0.0
rajat25,87191,607235,0.65,0.17,0.09,0.04,0.02,0.01,0.0,0.01
lung2,109461,492564,0.62,0.33,0.02,0.03,0.0,0.0,0.0,0.0
lhr71,70305,1528092,0.24,0.12,0.06,0.51,0.07,0.0,0.0,0.0
wing,62033,121544,1.0,0.0,0.0,0.0,0.0,0.0,0.0,0.0
lowThrust_8,17703,113139,0.84,0.02,0.02,0.03,0.03,0.02,0.0,0.03
caidaRouterLevel,192245,609066,0.93,0.05,0.01,0.0,0.0,0.0,0.0,0.0
venkat25,62425,1717792,0.32,0.0,0.32,0.33,0.01,0.0,0.01,0.0
apache2,715177,2766523,0.71,0.29,0.0,0.0,0.0,0.0,0.0,0.0
barrier2-4,113077,3805068,0.63,0.24,0.11,0.02,0.0,0.0,0.0,0.0
spal_004,321697,46168124,0.87,0.13,0.0,0.0,0.0,0.0,0.0,0.0
ljournal-2008,5363261,79023142,0.81,0.1,0.04,0.02,0.01,0.01,0.01,0.01
sc205-2r,62424,123239,0.75,0.23,0.02,0.0,0.0,0.0,0.0,0.0
333SP,3712816,11108633,0.76,0.23,0.01,0.0,0.0,0.0,0.0,0.0
3Dspectralwave2,292009,7307376,0.59,0.21,0.14,0.05,0.01,0.0,0.0,0.0
copter1,17223,114143,0.57,0.27,0.16,0.0,0.0,0.0,0.0,0.0
epb3,84618,463625,0.58,0.11,0.18,0.04,0.09,0.0,0.0,0.0
sme3Db,29068,2081063,0.88,0.11,0.01,0.0,0.0,0.0,0.0,0.0
CurlCurl_1,226452,1349261,0.26,0.36,0.37,0.0,0.0,0.0,0.0,0.0
bcsstk37,25504,583240,0.12,0.14,0.13,0.12,0.11,0.1,0.07,0.21
skirt,12599,104559,0.33,0.36,0.17,0.1,0.03,0.02,0.0,0.0
Ga19As19H42,133124,4508981,0.67,0.07,0.06,0.07,0.05,0.05,0.03,0.01
epb2,25229,175027,0.38,0.3,0.21,0.04,0.07,0.0,0.0,0.0
rail_20209,20210,79721,0.62,0.26,0.09,0.03,0.01,0.0,0.0,0.0
net75,23121,756160,0.8,0.01,0.01,0.01,0.01,0.01,0.01,0.15
barrier2-9,115626,3897557,0.63,0.24,0.11,0.02,0.01,0.0,0.0,0.0
HV15R,2017170,283073458,0.16,0.11,0.11,0.11,0.19,0.14,0.06,0.12
hood,220543,5494489,0.14,0.13,0.14,0.11,0.11,0.1,0.09,0.18
TSOPF_RS_b2052_c1,25627,6761100,0.08,0.01,0.0,0.0,0.0,0.0,0.0,0.9
boneS10,914899,28191660,0.14,0.14,0.14,0.15,0.14,0.14,0.07,0.07
patents,3774769,14970767,0.99,0.01,0.0,0.0,0.0,0.0,0.0,0.0
mark3jac100,45770,285215,0.73,0.18,0.05,0.02,0.01,0.0,0.0,0.0
af_3_k101,503626,9027150,0.13,0.12,0.13,0.12,0.16,0.1,0.08,0.16
delaunay_n19,524289,1572823,0.58,0.27,0.11,0.03,0.01,0.0,0.0,0.0
c-60,43641,171109,0.76,0.12,0.04,0.03,0.0,0.01,0.0,0.02
af_5_k101,503626,9027150,0.13,0.12,0.13,0.12,0.16,0.1,0.08,0.16
bundle1,10582,390741,0.11,0.11,0.18,0.03,0.09,0.05,0.03,0.39
c-47,15344,113372,0.89,0.05,0.02,0.01,0.01,0.0,0.01,0.02
shar_te2-b2,200201,600600,0.93,0.01,0.01,0.01,0.01,0.01,0.01,0.04
Hamrle3,1447361,5514242,0.73,0.02,0.13,0.12,0.0,0.0,0.0,0.0
astro-ph,16707,121251,0.71,0.14,0.06,0.03,0.02,0.01,0.01,0.03
aug3dcqp,35544,77829,0.9,0.1,0.0,0.0,0.0,0.0,0.0,0.0
denormal,89401,622812,0.43,0.14,0.43,0.0,0.0,0.0,0.0,0.0
nj2010,169589,414956,0.92,0.07,0.01,0.0,0.0,0.0,0.0,0.0
Delor64K,1785346,652140,0.77,0.19,0.04,0.0,0.0,0.0,0.0,0.0
vsp_finan512_scagr7-2c_rlfddd,139753,552020,0.75,0.15,0.02,0.02,0.02,0.01,0.01,0.01
HTC_336_4438,226341,565431,0.97,0.01,0.0,0.0,0.0,0.0,0.0,0.01
thread,29737,2249892,0.08,0.11,0.19,0.09,0.21,0.12,0.06,0.14
soc-sign-Slashdot081106,77358,516575,0.97,0.03,0.0,0.0,0.0,0.0,0.0,0.0
ASIC_680ks,682713,2329176,0.8,0.09,0.03,0.03,0.01,0.01,0.01,0.01
spmsrtls,29996,129971,0.18,0.18,0.18,0.35,0.12,0.0,0.0,0.0
3D_28984_Tetra,28985,599170,0.21,0.18,0.42,0.06,0.06,0.08,0.0,0.0
lowThrust_11,18369,117002,0.84,0.03,0.02,0.04,0.02,0.02,0.0,0.03
ibm_matrix_2,51449,1056610,0.21,0.18,0.42,0.06,0.06,0.08,0.0,0.0
ct2010,67579,168176,0.92,0.07,0.01,0.0,0.0,0.0,0.0,0.0
ga2010,291087,709028,0.94,0.06,0.0,0.0,0.0,0.0,0.0,0.0
shipsec8,114920,3384159,0.15,0.14,0.16,0.12,0.14,0.16,0.03,0.1
pdb1HYS,36418,2190591,0.08,0.09,0.16,0.07,0.12,0.08,0.05,0.35
pkustk05,37165,1121154,0.25,0.04,0.26,0.02,0.24,0.1,0.04,0.06
TSOPF_FS_b300,29215,2203949,0.17,0.01,0.01,0.01,0.01,0.01,0.03,0.74
ecl32,51994,380415,0.82,0.1,0.05,0.03,0.0,0.0,0.0,0.0
t3dh,79172,2215638,0.31,0.21,0.19,0.13,0.06,0.04,0.04,0.01
p010,19091,118000,0.93,0.07,0.0,0.0,0.0,0.0,0.0,0.0
soc-sign-Slashdot090221,82145,549202,0.96,0.03,0.0,0.0,0.0,0.0,0.0,0.0
bmw3_2,227363,5757996,0.14,0.15,0.14,0.12,0.12,0.13,0.05,0.15
ESOC,327063,6019939,0.4,0.54,0.03,0.02,0.0,0.0,0.0,0.0
Trefethen_20000b,20000,287217,0.88,0.03,0.03,0.06,0.0,0.0,0.0,0.0
af_shell9,504856,9046865,0.13,0.13,0.13,0.13,0.16,0.1,0.08,0.16
inlet,11731,328323,0.27,0.24,0.08,0.07,0.06,0.1,0.08,0.11
shermanACb,18511,145149,0.83,0.1,0.03,0.01,0.01,0.01,0.01,0.01
TSOPF_FS_b162_c4,40799,1204322,0.33,0.03,0.02,0.02,0.02,0.02,0.03,0.53
IG5-16,18847,588326,0.81,0.15,0.03,0.01,0.0,0.0,0.0,0.0
JP,87617,13734559,0.77,0.16,0.04,0.01,0.01,0.0,0.0,0.01
std1_Jac3,21983,1455848,0.35,0.2,0.09,0.07,0.06,0.06,0.06,0.1
ASIC_680k,682863,3871773,0.83,0.09,0.02,0.02,0.0,0.0,0.0,0.04
t3dh_a,79172,2215638,0.31,0.21,0.19,0.13,0.06,0.04,0.04,0.01
TSOPF_RS_b39_c19,38099,684206,0.6,0.0,0.05,0.0,0.05,0.0,0.05,0.25
GL7d19,1955310,37322725,1.0,0.0,0.0,0.0,0.0,0.0,0.0,0.0
TSOPF_FS_b300_c1,29215,2203949,0.17,0.01,0.01,0.01,0.01,0.01,0.03,0.74
torsion1,40001,118804,0.59,0.41,0.0,0.0,0.0,0.0,0.0,0.0
mark3jac040,18290,113435,0.73,0.18,0.05,0.02,0.01,0.0,0.0,0.0
ca2010,710146,1744683,0.94,0.05,0.0,0.0,0.0,0.0,0.0,0.0
neos3,518833,2055024,0.96,0.0,0.0,0.0,0.0,0.0,0.0,0.04
bodyy4,17547,69742,0.24,0.73,0.02,0.0,0.0,0.0,0.0,0.0
ford2,100197,322442,0.65,0.26,0.08,0.0,0.0,0.0,0.0,0.0
patents_main,240548,560943,0.99,0.01,0.0,0.0,0.0,0.0,0.0,0.0
sparsine,50001,799494,1.0,0.0,0.0,0.0,0.0,0.0,0.0,0.0
wave,156318,1059331,0.49,0.37,0.09,0.03,0.0,0.01,0.0,0.0
dielFilterV2real,1157457,24848204,0.49,0.23,0.14,0.06,0.04,0.02,0.01,0.01
bmwcra_1,148771,5396386,0.14,0.15,0.22,0.12,0.13,0.11,0.06,0.09
net4-1,88344,1265035,0.81,0.17,0.0,0.01,0.0,0.0,0.0,0.0
windscreen,22693,752541,0.13,0.13,0.13,0.15,0.13,0.12,0.1,0.1
g7jac060sc,17731,203316,0.64,0.26,0.03,0.03,0.01,0.01,0.01,0.0
gas_sensor,66918,885141,0.32,0.33,0.34,0.01,0.0,0.0,0.0,0.0
jan99jac120,41375,260202,0.69,0.21,0.03,0.02,0.01,0.01,0.01,0.02
t2dah_e,11446,93781,0.25,0.25,0.16,0.15,0.1,0.06,0.03,0.0
venturiLevel3,4026820,8054237,0.79,0.18,0.03,0.0,0.0,0.0,0.0,0.0
ncvxqp7,87501,312481,1.0,0.0,0.0,0.0,0.0,0.0,0.0,0.0
dc3,116836,766396,0.66,0.21,0.05,0.03,0.01,0.0,0.0,0.03
fullb,199188,5953632,0.05,0.2,0.05,0.2,0.05,0.19,0.03,0.23
lpl3,33687,100525,0.89,0.11,0.0,0.0,0.0,0.0,0.0,0.0
t3dh_e,79172,2215638,0.31,0.21,0.19,0.13,0.06,0.04,0.04,0.01
internet,124652,207214,0.9,0.08,0.01,0.0,0.0,0.0,0.0,0.0
vt2010,32581,77799,0.92,0.07,0.01,0.0,0.0,0.0,0.0,0.0
qa8fk,66128,863353,0.21,0.34,0.45,0.0,0.0,0.0,0.0,0.0
roadNet-TX,1393384,1921660,0.83,0.16,0.02,0.0,0.0,0.0,0.0,0.0
c-69,67459,345714,0.71,0.14,0.06,0.04,0.0,0.02,0.0,0.03
sme3Dc,42931,3148656,0.88,0.1,0.01,0.0,0.0,0.0,0.0,0.0
LargeRegFile,2111155,4944201,0.47,0.25,0.18,0.07,0.02,0.01,0.0,0.0
mk13-b5,270271,810810,0.84,0.15,0.01,0.0,0.0,0.0,0.0,0.0
as-Skitter,1696416,11095298,0.74,0.11,0.04,0.02,0.02,0.01,0.01,0.04
TSOPF_FS_b39_c7,28217,368599,0.54,0.01,0.06,0.01,0.05,0.01,0.05,0.27
helm3d01,32227,230335,0.66,0.24,0.07,0.02,0.01,0.0,0.0,0.0
human_gene2,14341,9041364,0.49,0.23,0.13,0.08,0.04,0.02,0.01,0.0
wathen100,30402,251001,0.18,0.4,0.28,0.05,0.1,0.0,0.0,0.0
thermomech_dM,204317,813716,1.0,0.0,0.0,0.0,0.0,0.0,0.0,0.0
s3dkt3m2,90450,1921955,0.11,0.11,0.11,0.11,0.11,0.11,0.11,0.21
bcsstk29,13993,316740,0.22,0.06,0.23,0.04,0.2,0.07,0.08,0.09
soc-Slashdot0811,77361,905468,0.96,0.03,0.0,0.0,0.0,0.0,0.0,0.0
tp-6,1014302,11537419,0.78,0.17,0.05,0.01,0.0,0.0,0.0,0.0
GL7d18,1955310,35590540,1.0,0.0,0.0,0.0,0.0,0.0,0.0,0.0
psse0,26723,102432,0.2,0.57,0.06,0.11,0.02,0.02,0.0,0.01
c-42,10472,60378,0.73,0.06,0.04,0.02,0.02,0.01,0.02,0.09
mn2010,259778,613551,0.92,0.08,0.01,0.0,0.0,0.0,0.0,0.0
opt1,15450,973052,0.08,0.13,0.18,0.1,0.15,0.12,0.06,0.18
F2,71506,2682895,0.16,0.17,0.37,0.07,0.08,0.06,0.02,0.06
c-61,43619,176817,0.79,0.1,0.05,0.02,0.01,0.0,0.01,0.02
barrier2-1,113077,3805068,0.63,0.24,0.11,0.02,0.0,0.0,0.0,0.0
wathen120,36442,301101,0.18,0.4,0.28,0.05,0.1,0.0,0.0,0.0
cfd1,70657,949510,0.34,0.34,0.27,0.03,0.01,0.01,0.0,0.0