dataSet,num_nodes,num_edges,spmm_tcu_ori,spmm_tcu_part,spmm_tcu_binary,spmm_tcu
twotone,120751,1224224,0.1902,0.1815,0.1799,0.1714
k1_san,67760,303364,0.0641,0.0663,0.0651,0.0677
TSOPF_RS_b39_c30,60099,1079986,0.0876,0.0903,0.0853,0.0885
EternityII_Etilde,204305,1170516,1.2789,0.3145,1.3104,0.3111
cit-HepTh,27771,352807,0.1208,0.0859,0.1182,0.0744
lp_pds_10,49933,107605,0.041,0.0365,0.0474,0.0355
pkustk03,63337,1596876,0.1136,0.1175,0.1076,0.1086
crystk02,13966,491274,0.0343,0.0343,0.0303,0.0307
barrier2-2,113077,3805068,1.3218,0.5502,1.2527,0.4815
Linux_call_graph,324086,1208908,0.2949,0.2947,0.2894,0.2903
af_2_k101,503626,9027150,0.5234,0.5435,0.5112,0.5365
ckt11752_dc_1,49703,333029,0.323,0.0599,0.361,0.0594
ky2010,161673,393889,0.1262,0.133,0.1274,0.1348
baxter,30734,111576,1.0234,0.0307,1.2467,0.0284
af_shell3,504856,9046865,0.5265,0.5455,0.5127,0.5375
Zd_Jac3,22836,1916152,0.2187,0.1359,0.2044,0.1168
boyd2,466317,890091,3.1155,0.3626,3.5507,0.3631
hi2010,25017,62063,0.0229,0.0236,0.0214,0.0224
TSOPF_FS_b300_c3,84415,6578753,0.2407,0.2354,0.2104,0.2103
Baumann,112212,760631,0.1469,0.1508,0.1345,0.14
AS365,3799276,11368076,4.1705,4.276,4.2032,4.3021
ASIC_320k,321822,2635364,25.6952,0.5366,25.3999,0.533
G_n_pin_pout,100001,501198,0.1355,0.1387,0.1314,0.1355
delaunay_n18,262145,786396,0.1967,0.2062,0.1994,0.2093
af_shell6,504856,9046865,0.5272,0.5462,0.5148,0.5387
mi2010,329886,789045,0.248,0.2608,0.2491,0.2623
fe_body,45088,163734,0.0406,0.0429,0.0413,0.0437
g7jac120sc,35551,475296,0.0882,0.0821,0.0823,0.0749
tomographic1,73160,647495,0.1308,0.1141,0.1266,0.1114
192bit,13692,154303,0.0354,0.0358,0.0307,0.0313
Stanford_Berkeley,683447,7583376,9.3861,1.2282,9.4272,1.1347
CurlCurl_3,1219575,7382096,1.0891,1.1355,1.0981,1.1475
Geo_1438,1437961,32297325,2.3626,2.3972,2.2081,2.242
mark3jac140,64090,399735,0.0807,0.0825,0.0768,0.0798
shallow_water2,81921,204800,0.0618,0.066,0.0621,0.066
coPapersDBLP,540487,15245729,0.969,0.9912,0.8958,0.9305
amazon0302,262112,1234877,0.3061,0.3137,0.3066,0.3148
Chevron1,37366,330633,0.0443,0.0465,0.0442,0.0464
memchip,2707525,14810202,3.1262,3.2005,3.145,3.2251
web-Google,916429,5105039,1.5177,1.52,1.5239,1.5254
shuttle_eddy,10430,57014,0.0135,0.0139,0.0133,0.0138
flower_7_4,67594,202218,0.0532,0.0544,0.0512,0.0526
kim2,456977,11330020,0.7607,0.7729,0.696,0.7179
ct20stif,52330,1375396,0.112,0.0913,0.1138,0.0888
pkustk13,94894,3355860,0.2843,0.2563,0.262,0.2313
cage15,5154860,99199551,20.2739,21.3904,18.9687,19.9907
torso1,116159,8516500,0.734,0.3423,0.8096,0.3119
hvdc2,189861,1347273,0.1785,0.1852,0.1767,0.185
TSOPF_FS_b39_c19,76217,998359,0.0771,0.0763,0.0728,0.0725
fome12,48921,142528,0.0613,0.0491,0.0574,0.0486
finance256,37377,167936,0.0403,0.0418,0.0382,0.04
ASIC_320ks,321672,1827807,0.4503,0.319,0.4493,0.3212
Delor338K,887059,4211599,0.3627,0.3756,0.3616,0.376
deltaX,68601,247424,0.0761,0.0599,0.0817,0.0592
wang3,26065,177168,0.0368,0.0374,0.0327,0.0335
e18,38603,156466,0.0281,0.0285,0.0251,0.0263
packing-500x100x100-b050,2145853,17488243,2.6099,2.663,2.442,2.5524
usroads-48,126147,161950,0.0877,0.0927,0.0869,0.0916
bcsstk35,30238,740200,0.0585,0.0516,0.0522,0.0474
n4c6-b6,104116,728805,0.1494,0.1522,0.1358,0.1404
para-7,155925,5416358,1.4682,0.7508,1.391,0.6566
rim,22561,1014951,0.0706,0.071,0.0607,0.0624
hangGlider_4,15562,79088,0.4618,0.0201,0.4886,0.0187
af_shell2,504856,9046865,0.5271,0.5462,0.513,0.5382
para-9,155925,5416358,1.4692,0.7534,1.3859,0.6565
jan99jac080,27535,171522,0.0342,0.0348,0.0311,0.0321
nug08-3rd,29857,148416,0.037,0.0377,0.0327,0.0335
adaptive,6815745,13624320,5.2393,5.4523,5.2817,5.5028
jan99jac060,20615,127182,0.027,0.0273,0.0243,0.0255
nm2010,168610,415485,0.1369,0.1436,0.1377,0.1444
email-EuAll,265215,420045,0.2392,0.1775,0.2405,0.1748
stomach,213361,3021648,0.4159,0.4203,0.3637,0.3724
rel8,345689,821839,0.1647,0.1489,0.1585,0.1451
Long_Coup_dt0,1470153,44279572,2.9979,3.0228,2.6609,2.7643
shock-9,36477,71290,0.0258,0.0273,0.0255,0.0275
neos2,134129,685087,0.1224,0.1298,0.1204,0.1286
af_shell1,504856,9046865,0.527,0.546,0.5131,0.5385
ted_B_unscaled,10606,77592,0.0135,0.0136,0.013,0.0133
FEM_3D_thermal1,17881,430740,0.0439,0.0446,0.0381,0.0389
crankseg_2,63839,7106348,0.4082,0.3833,0.3633,0.335
pkustk06,43165,1307466,0.1005,0.0945,0.0933,0.0889
ted_AB,10606,522387,0.0396,0.0406,0.0368,0.0366
lowThrust_5,16263,103701,0.022,0.0228,0.0208,0.0214
TSOPF_FS_b300_c2,56815,4391071,0.1695,0.1621,0.1497,0.1446
neos1,133474,599590,0.1282,0.1349,0.1258,0.1332
raefsky4,19780,674195,0.0469,0.0469,0.0421,0.0421
pattern1,19243,4671337,1.2572,1.0015,1.1468,0.8199
Pres_Poisson,14823,365313,0.0323,0.033,0.0305,0.031
rajat21,411677,1893370,14.858,0.3943,14.4675,0.4008
ny2010,350170,854772,0.2645,0.2787,0.2653,0.2793
tube1,21499,459277,0.0292,0.0298,0.026,0.0269
fxm3_16,85576,392252,0.0684,0.0706,0.0669,0.0684
ts-palko,47236,1076903,5.7463,0.2035,6.2767,0.1747
crystk03,24697,887937,0.0557,0.0561,0.0486,0.0495
kkt_power,2063495,8130343,2.2024,2.2817,2.1133,2.2077
inline_1,503713,18660027,1.4365,1.1979,1.3525,1.0941
Franz11,47105,329728,0.0743,0.0772,0.0664,0.0685
scircuit,170999,958936,0.2148,0.1855,0.2083,0.186
route,43020,206782,1.5585,0.0517,1.7467,0.0456
watson_2,677225,1846391,0.5264,0.4591,0.5241,0.4513
ch8-8-b5,564481,3386880,0.7006,0.7181,0.6622,0.6863
H2O,67025,1141880,0.1856,0.1871,0.1603,0.1626
ca-CondMat,23134,93497,0.0438,0.0329,0.0442,0.0313
TSOPF_FS_b9_c6,14455,75801,0.0123,0.0125,0.0113,0.0119
mac_econ_fwd500,206501,1273389,0.2406,0.2463,0.2277,0.2365
OPF_3754,15436,86854,0.0207,0.0207,0.0213,0.0215
Bump_2911,2911420,65320659,4.7149,4.7124,4.3873,4.5003
Chevron4,711451,6376412,0.6911,0.72,0.6771,0.7177
appu,14001,1853104,0.4368,0.3899,0.3687,0.3236
mc2depi,525826,2100225,0.4769,0.5033,0.4709,0.5024
ted_AB_unscaled,10606,522387,0.0388,0.0405,0.0365,0.0366
al2010,252267,615241,0.1971,0.207,0.198,0.2084
rma10,46836,2374001,0.1335,0.1287,0.1207,0.1197
pds10,16559,83108,0.0268,0.0261,0.0264,0.0257
conf5_4-8x8-15,49153,1916928,0.1514,0.1527,0.1341,0.1364
conf5_4-8x8-10,49153,1916928,0.1519,0.1536,0.135,0.1363
rajat20,86917,605045,3.6848,0.111,3.9862,0.1096
fe_rotor,99618,662431,0.1209,0.1233,0.1142,0.1184
obstclae,40001,118804,0.0347,0.0375,0.0361,0.0385
scfxm1-2r,65944,221388,0.0547,0.056,0.0536,0.0552
mt2010,132289,319334,0.1044,0.1097,0.1046,0.1103
stat96v3,1113781,3317736,0.9099,0.4177,0.9308,0.4155
wikipedia-20051105,1634990,19753078,4.4835,4.6508,4.4053,4.4472
nc2010,288988,708310,0.2213,0.2328,0.2213,0.2344
trans5,116836,766396,15.6156,0.1571,15.5773,0.1574
vsp_sctap1-2b_and_seymourl,40175,140831,0.1123,0.0462,0.1178,0.044
watson_1,386993,1055093,0.2621,0.2645,0.2606,0.2624
vfem,93477,1434636,0.1587,0.161,0.1442,0.1487
bmw7st_1,141348,3740507,0.2631,0.2169,0.2491,0.2074
ch7-8-b3,58801,235200,0.0546,0.0572,0.0502,0.0529
TSOPF_RS_b300_c3,42139,4413449,0.1706,0.1657,0.1527,0.1498
language,399131,1216334,1.9347,0.4061,1.9786,0.4112
t3dl_a,20361,265113,0.0408,0.0409,0.0361,0.0368
wheel_601,902104,2170814,0.8528,0.7241,0.8645,0.7194
rgg_n_2_22_s0,4194305,30359198,7.1307,7.237,6.5485,6.6338
Cube_Coup_dt6,2164761,64685452,4.3731,4.3948,3.8482,3.9318
thermomech_dK,204317,2846228,0.4219,0.4266,0.3939,0.4016
Zhao2,33862,166453,0.0422,0.0435,0.0385,0.0401
cvxqp3,17501,69981,0.0211,0.0217,0.0193,0.02
Reuters911,13333,148038,0.1667,0.0412,0.1906,0.0373
stat96v2,957433,2852184,0.7822,0.3625,0.8035,0.3608
IG5-17,30163,1035008,0.2003,0.1945,0.1687,0.1645
dbic1,226318,1081843,0.6255,0.2705,0.612,0.2573
nmos3,18589,386594,0.0624,0.0625,0.054,0.055
pct20stif,52330,1375396,0.1119,0.0918,0.1149,0.0894
web-NotreDame,325730,1497134,0.6659,0.2532,0.6586,0.2517
bcsstk36,23053,583096,0.043,0.042,0.0373,0.0376
n4c6-b7,163216,1305720,0.2652,0.2693,0.2379,0.2449
NLR,4163764,12487976,4.5849,4.6938,4.6189,4.726
mark3jac080,36610,227955,0.0511,0.0521,0.0476,0.0494
tandem_dual,94070,277281,0.0777,0.086,0.0803,0.0837
gsm_106857,589447,11174185,2.3126,2.3384,2.2948,2.3161
k3plates,11108,378927,0.0282,0.0287,0.025,0.0256
ak2010,45293,108549,0.0707,0.0461,0.0763,0.047
c-51,23197,113123,0.1216,0.0289,0.1317,0.0278
ch8-8-b3,117601,470400,0.1046,0.1088,0.0969,0.1029
af_4_k101,503626,9027150,0.5235,0.5429,0.5114,0.5379
mixtank_new,29958,1995041,0.2215,0.2283,0.1869,0.1961
delaunay_n21,2097153,6291408,1.5166,1.5876,1.5421,1.6153
bcsstk39,46773,1068033,0.0766,0.0783,0.0726,0.075
sinc18,16429,973826,0.1589,0.1514,0.1341,0.1272
ford1,18729,60152,0.0183,0.0189,0.0177,0.0183
bcsstk18,11949,80519,0.0181,0.0186,0.0172,0.0179
gyro,17362,519260,0.04,0.0405,0.0359,0.0366
boneS01,127225,3421188,0.2083,0.211,0.192,0.1977
c-64,51036,384438,0.072,0.0605,0.074,0.0605
TSOPF_RS_b300_c1,14539,1474325,0.0646,0.0602,0.058,0.0527
sinc15,11533,568526,0.1001,0.0909,0.0823,0.0778
stokes64,12547,74242,0.0148,0.0151,0.014,0.0146
rail_79841,79842,316881,0.0695,0.0732,0.0705,0.0739
bodyy5,18590,73935,0.0168,0.0172,0.0158,0.0165
az2010,241667,598047,0.1916,0.2007,0.1913,0.2009
598a,110972,741934,0.1874,0.1913,0.1802,0.1845
wiki-Talk,2394386,5021410,13.5918,1.4562,13.6088,1.4522
il2010,451555,1082232,0.345,0.3623,0.3458,0.3638
torso3,259157,4429042,0.5664,0.571,0.4917,0.5024
kron_g500-logn18,262145,10583222,4.4806,2.2124,4.3661,1.8651
audikw_1,943696,39297771,2.4344,2.4491,2.1522,2.265
t2dah,11446,93781,0.0128,0.0133,0.0119,0.0124
majorbasis,160001,1750416,0.2443,0.2489,0.2419,0.248
NotreDame_www,325730,929849,0.1936,0.1917,0.1944,0.193
wing_nodal,10938,75488,0.0244,0.0249,0.0227,0.0232
lhr11c,10965,233741,0.0246,0.0251,0.0229,0.0232
nd12k,36001,7128473,0.3466,0.2804,0.3265,0.2458
ins2,309413,1530448,33.4315,0.4668,34.1952,0.4691
pkustk14,151927,7494215,0.4733,0.4529,0.4222,0.4063
Maragal_6,21256,537694,0.5967,0.0753,0.6535,0.0663
d_pretok,182731,885416,0.1681,0.1751,0.1719,0.1797
shyy161,76481,329762,0.072,0.0755,0.0721,0.0764
t2dah_a,11446,93781,0.0131,0.0135,0.0121,0.0127
airfoil_2d,14215,259688,0.0533,0.0543,0.0465,0.0482
para-5,155925,5416358,1.4679,0.7508,1.3857,0.6575
water_tank,60741,2035281,0.1858,0.1893,0.1624,0.1682
bcsstk32,44610,1029655,0.078,0.0749,0.0775,0.0732
ex35,19717,228208,0.0353,0.0359,0.0309,0.0317
Zd_Jac3_db,22836,713907,0.09,0.0716,0.0825,0.0636
rajat17,94295,641159,3.5048,0.1176,3.4471,0.1171
Si87H76,240370,5451000,0.7349,0.7422,0.6178,0.6325
HTC_336_9129,226341,554881,0.2092,0.2093,0.2106,0.2107
conf6_0-8x8-80,49153,1916928,0.1522,0.1531,0.1339,0.1364
ncvxqp3,75001,274982,0.0753,0.078,0.0727,0.0764
mouse_gene,45102,14506196,2.826,2.3441,2.5367,1.9368
thermomech_TC,102159,406858,0.1145,0.1185,0.1111,0.1159
vibrobox,12329,177578,0.0384,0.0336,0.0378,0.0307
Chevron3,381382,3413113,0.3779,0.3934,0.3711,0.3922
minsurfo,40807,122214,0.0356,0.0383,0.0371,0.0396
mk12-b4,62371,311850,0.0705,0.0726,0.0674,0.0704
lowThrust_6,16929,108376,0.0226,0.0233,0.0213,0.0219
relat9,12360061,38955420,8.4974,8.4999,8.4636,8.4454
preferentialAttachment,100001,499985,0.1252,0.1282,0.1178,0.1222
md2010,145248,350189,0.1138,0.1198,0.1143,0.1208
RM07R,381690,37464962,2.0339,2.0792,1.7277,1.8099
barrier2-12,115626,3897557,1.6103,0.5612,1.4638,0.4912
matrix-new_3,125330,2678750,3.4027,0.2348,3.2155,0.2183
TF17,48631,586218,0.131,0.1276,0.1179,0.1134
helm2d03,392258,1567096,0.3377,0.3541,0.339,0.356
jan99jac120sc,41375,260202,0.0519,0.0532,0.0502,0.052
nsct,37564,697738,0.1772,0.0663,0.1932,0.0574
lp1,534389,1088904,0.3773,0.4032,0.3718,0.3961
barrier2-10,115626,3897557,1.6074,0.5609,1.4673,0.4917
bcsstk17,10975,219812,0.0226,0.0226,0.0216,0.0219
coAuthorsCiteseer,227321,814134,0.1646,0.1728,0.1641,0.1724
channel-500x100x100-b050,4802001,42681372,6.4383,6.5096,5.9894,6.1237
g7jac050sc,14761,157990,0.0389,0.0342,0.0379,0.0318
venkat50,62425,1717792,0.1435,0.145,0.1289,0.1319
GL7d24,105055,593892,0.431,0.1478,0.4355,0.1356
ted_B,10606,77592,0.0138,0.014,0.0134,0.0138
Raj1,263744,1302464,5.4449,0.2777,5.9444,0.2808
af_shell7,504856,9046865,0.5275,0.5459,0.5132,0.5385
dblp-2010,326187,807700,0.2194,0.2323,0.2182,0.2306
jan99jac100sc,34455,215862,0.0435,0.0446,0.0396,0.041
cca,49153,69632,0.0379,0.0403,0.0377,0.0401
FullChip,2987013,26621990,425.2003,4.5374,450.1071,4.534
2D_27628_bjtcai,27629,442898,0.0545,0.0474,0.0518,0.0437
tmt_unsym,917826,4584801,0.8356,0.8813,0.8254,0.8785
rajat09,24483,64982,0.0195,0.0202,0.0181,0.019
gupta3,16784,4670105,1.6109,0.1787,1.9827,0.1585
rajat24,358173,1948235,13.8783,0.383,14.7037,0.3868
m133-b3,200201,800800,0.204,0.2131,0.2049,0.2149
mod2,66410,199810,0.2759,0.0604,0.2957,0.0605
TSOPF_FS_b162_c1,10799,305732,0.0241,0.0228,0.0211,0.0212
t2em,921633,4590832,0.8362,0.886,0.8346,0.8928
g7jac160sc,47431,656616,0.1144,0.1092,0.1069,0.0996
atmosmodl,1489753,10319760,2.1159,2.173,2.1104,2.164
ar2010,186212,452155,0.1439,0.1513,0.1441,0.152
lp_nug20,72601,304800,0.0822,0.0843,0.0771,0.0815
para-10,155925,5416358,1.47,0.7508,1.3763,0.6569
thermomech_TK,102159,406858,0.1145,0.1185,0.1112,0.1159
pre2,659034,5959282,0.9187,0.871,0.8647,0.8177
mark3jac140sc,64090,399735,0.0803,0.0821,0.0768,0.0796
delaunay_n16,65537,196575,0.0526,0.0553,0.0533,0.056
CurlCurl_2,806530,4864159,0.7052,0.7365,0.7103,0.7441
c-45,13207,93829,0.0144,0.015,0.0135,0.014
offshore,259790,2251231,0.444,0.4494,0.3931,0.4037
mario002,389875,1167685,0.3759,0.3868,0.3793,0.3907
mark3jac040sc,18290,113435,0.0263,0.027,0.0245,0.0251
2D_54019_highK,54020,996414,0.2553,0.0874,0.2774,0.0853
mri2,147457,569160,0.0715,0.0736,0.072,0.0743
rajat23,110356,556938,0.4504,0.1114,0.4311,0.112
hvdc1,24843,159981,0.0396,0.0302,0.0403,0.0293
pkustk10,80677,2194830,0.1521,0.1412,0.1444,0.136
cop20k_A,121193,1362087,0.162,0.163,0.1517,0.1542
c-53,30236,201224,0.0488,0.0328,0.0489,0.0312
shipsec1,140875,3977139,0.27,0.2737,0.2454,0.2512
mark3jac080sc,36610,227955,0.0509,0.0522,0.0479,0.0495
amazon0601,403395,3387388,0.6969,0.7072,0.6915,0.7028
vsp_vibrobox_scagr7-2c_rlfddd,77329,435586,0.0731,0.0756,0.0681,0.0716
mark3jac120,54930,342475,0.0705,0.0722,0.0676,0.0699
troll,213454,6099282,0.342,0.34,0.3175,0.3202
srb1,54925,1508538,0.1414,0.0931,0.1465,0.0915
transient,178867,961790,9.9391,0.2285,10.5537,0.2329
cz40948,40949,412148,0.067,0.0681,0.0614,0.0641
lp_nug30,379351,1567800,0.471,0.4929,0.4712,0.4945
ne2010,193353,456927,0.1468,0.1551,0.1475,0.1555
stokes128,49667,295938,0.0472,0.0499,0.0459,0.0489
bcsstk25,15440,133840,0.0201,0.0205,0.0185,0.0192
rajat18,94295,485143,3.6132,0.1029,3.5651,0.1027
c-66,49990,274498,0.2931,0.0605,0.2993,0.0605
roadNet-PA,1090921,1541898,0.6709,0.713,0.6635,0.7029
ASIC_100ks,99191,578890,0.1786,0.1104,0.1784,0.111
sme3Da,12505,874887,0.2356,0.1671,0.2183,0.1404
jan99jac060sc,20615,127182,0.0267,0.0278,0.0245,0.0255
net150,43521,1582360,0.1946,0.1628,0.1735,0.1408
conf6_0-8x8-20,49153,1916928,0.1516,0.153,0.1344,0.1362
NotreDame_actors,392401,1470404,0.3925,0.3702,0.3676,0.3516
a0nsdsil,80017,200021,0.9558,0.0646,1.1697,0.0648
TSOPF_RS_b678_c1,18697,4396289,0.1844,0.1466,0.183,0.1301
cit-Patents,3774769,16518948,5.7719,5.5267,5.8165,5.5802
crystm03,24697,304233,0.0495,0.049,0.0422,0.0431
id2010,149843,364132,0.1207,0.1271,0.1222,0.1289
fem_hifreq_circuit,491101,20239237,1.8535,1.9081,1.6236,1.7146
af_shell4,504856,9046865,0.5272,0.546,0.5135,0.5384
stormg2-125,172432,433256,0.1091,0.111,0.1073,0.1098
t3dl,20361,265113,0.0407,0.0411,0.036,0.0366
EAT_RS,23220,325592,0.1306,0.0781,0.1257,0.0682
or2010,196622,489756,0.1554,0.1635,0.155,0.1635
wang4,26069,177196,0.0366,0.037,0.0325,0.0333
Freescale1,3428756,18920347,4.65,4.7311,4.7032,4.7898
karted,133116,1770349,19.1232,0.3521,20.2964,0.309
chipcool0,20083,281150,0.0643,0.0647,0.0558,0.0557
GL7d23,349444,2695430,0.9081,0.7214,0.8991,0.7141
msdoor,415864,10328399,0.5953,0.6074,0.5609,0.5801
vsp_barth5_1Ksep_50in_5Kout,32213,101805,0.0326,0.0338,0.0301,0.0314
delaunay_n17,131073,393176,0.1,0.1052,0.1016,0.1071
c-46,14914,72655,0.021,0.0196,0.0215,0.0202
smallworld,100001,499998,0.0913,0.0951,0.0921,0.0963
waveguide3D,21037,303468,0.0697,0.0698,0.0593,0.0605
TF18,123868,1597545,0.3374,0.3331,0.2907,0.2903
bcsstk31,35589,608502,0.0542,0.0557,0.0519,0.0534
c-54,31794,211743,0.1608,0.0363,0.1725,0.0342
lp_pds_20,108176,232647,0.0715,0.0703,0.0718,0.0702
Si5H12,19897,379247,0.0638,0.0637,0.0554,0.0552
lowThrust_10,18261,116074,0.0239,0.0242,0.0218,0.0225
CoupCons3D,416801,22322336,1.2386,1.2581,1.0973,1.1333
shipsec5,179861,5146478,0.3243,0.3278,0.2957,0.3027
pli,22696,686502,0.059,0.058,0.0508,0.0497
roadNet-CA,1971282,2766607,1.2136,1.2881,1.1999,1.2714
cage12,130229,2032536,0.3875,0.3896,0.3328,0.3389
co9,22925,109651,0.1274,0.0288,0.1342,0.0266
t60k,60006,89440,0.0432,0.0464,0.0426,0.046
viscoplastic2,32770,381326,0.0727,0.0672,0.068,0.0596
msc23052,23053,588933,0.0592,0.045,0.0553,0.0402
g7jac080,23671,293976,0.0581,0.053,0.0526,0.0475
FEM_3D_thermal2,147901,3489300,0.2867,0.2904,0.2589,0.2656
bayer04,20546,159082,0.0247,0.024,0.0213,0.0233
li,22696,1350309,0.1051,0.106,0.087,0.0905
crplat2,18011,489478,0.0306,0.0311,0.0278,0.0286
halfb,224618,6306219,0.3313,0.3376,0.3143,0.3232
c-66b,49990,274498,0.2927,0.0605,0.2981,0.0604
af_shell8,504856,9046865,0.527,0.5463,0.5127,0.538
qa8fm,66128,863353,0.0984,0.1008,0.092,0.0953
pcrystk02,13966,491274,0.0338,0.0341,0.0298,0.0303
af_1_k101,503626,9027150,0.5232,0.5426,0.5111,0.5371
pds-90,475449,1014136,0.2678,0.2715,0.266,0.2702
208bit,24431,299756,0.0609,0.0615,0.0517,0.0525
in2010,267072,640858,0.2035,0.2136,0.204,0.215
oilpan,73753,1835470,0.1,0.1025,0.0976,0.1011
jnlbrng1,40001,119600,0.0352,0.0378,0.037,0.0398
g7jac100sc,29611,384636,0.0749,0.0674,0.0679,0.062
sd2010,88361,205361,0.0701,0.0737,0.0705,0.0743
ABACUS_shell_ld,23413,218484,0.0447,0.0453,0.0389,0.0397
TSOPF_RS_b300_c2,28339,2943887,0.1208,0.1138,0.1064,0.1025
pds-30,158490,340635,0.097,0.0985,0.0974,0.098
lhr10,10673,232633,0.0248,0.0251,0.0225,0.0231
co2010,201063,487287,0.1565,0.1648,0.1568,0.1652
c-56,35911,208405,0.1692,0.0419,0.1556,0.0391
atmosmodj,1270433,8814880,1.7779,1.8249,1.7488,1.8028
lhr34,35153,764014,0.0659,0.067,0.0608,0.0624
delaunay_n22,4194305,12582869,3.0337,3.1769,3.0856,3.2352
poisson3Da,13515,352762,0.0772,0.0784,0.067,0.0681
g7jac200,59311,837936,0.1396,0.1361,0.1282,0.1231
delaunay_n20,1048577,3145686,0.764,0.7993,0.777,0.8137
mult_dcop_03,25188,193216,1.5673,0.0461,1.6932,0.0416
stokes64s,12547,74242,0.0147,0.0151,0.0139,0.0146
pds-80,434581,927826,0.2463,0.2499,0.2443,0.248
cond-mat-2005,40422,175693,0.0397,0.0408,0.0363,0.038
wikipedia-20061104,3148441,39383235,9.9133,9.8821,9.6994,9.5753
c-57,37834,221515,0.0434,0.0426,0.0418,0.0416
GL7d20,1911131,29893084,9.1998,10.0088,9.2437,10.0996
brainpc2,27608,96601,0.0183,0.0191,0.017,0.0183
sctap1-2r,63427,186366,0.0515,0.0526,0.0494,0.0508
g7jac040,11791,114671,0.0305,0.0275,0.0298,0.0262
pds-50,275815,590833,0.1603,0.1627,0.1587,0.1615
g7jac140sc,41491,565956,0.1037,0.0975,0.0952,0.0889
chipcool1,20083,281150,0.0641,0.0647,0.0554,0.0559
wv2010,135219,331461,0.1106,0.1162,0.1114,0.1175
x104,108385,5138004,0.2673,0.2665,0.2373,0.2407
jan99jac080sc,27535,171522,0.0347,0.0352,0.0316,0.0326
pwt,36520,181313,0.0352,0.0371,0.035,0.0367
de2010,24116,58028,0.0215,0.0221,0.0202,0.0273
copter2,55477,407714,0.072,0.0744,0.0685,0.0711
netherlands_osm,2216689,2441238,1.3668,1.4463,1.3503,1.423
CurlCurl_0,11084,62213,0.0124,0.0128,0.0116,0.0122
kim1,38416,933195,0.0709,0.0725,0.067,0.0692
rlfprim,62717,320591,0.0575,0.0603,0.0574,0.0598
CurlCurl_4,2380516,14448191,2.1743,2.2645,2.2054,2.2976
finan512,74753,335872,0.0776,0.0816,0.0765,0.0801
TSOPF_RS_b2383_c1,38121,16171169,0.5267,0.4786,0.4871,0.4099
case39,40217,526139,0.042,0.042,0.0371,0.0378
usroads,129165,165435,0.09,0.0953,0.0893,0.0938
bodyy6,19367,77057,0.0175,0.018,0.0164,0.0171
3dtube,45331,1629474,0.3506,0.1117,0.3726,0.1036
italy_osm,6686494,7013978,3.967,4.234,3.9226,4.1668
fcondp2,201823,5748069,0.3045,0.3097,0.2836,0.2928
consph,83335,3046907,0.1779,0.1794,0.1613,0.1645
soc-Slashdot0902,82169,948464,0.4384,0.2214,0.4475,0.1986
GaAsH6,61350,1721579,0.2572,0.2037,0.2563,0.1767
nd2010,133770,312973,0.1039,0.1095,0.1043,0.1099
pds-40,217532,466800,0.1289,0.1312,0.1282,0.1301
n4c6-b12,69236,332865,0.0749,0.0758,0.0682,0.0694
ASIC_100k,99341,954163,13.5667,0.1567,13.4834,0.1559
m14b,214766,1679018,0.3372,0.3438,0.3225,0.3293
GL7d16,955129,14488881,4.0267,4.2408,3.9915,4.2085
BenElechi1,245875,6698185,0.3269,0.3342,0.309,0.322
mo2010,343566,828284,0.2608,0.2732,0.2599,0.2745
sls,1748123,6804304,1.059,1.1685,1.0163,1.1234
relat8,345689,1334038,0.2288,0.2421,0.2192,0.2346
wikipedia-20060925,2983495,37269096,9.484,9.2584,9.2234,9.0466
c-68,64811,315408,0.3118,0.0803,0.3213,0.078
GL7d22,822923,8251000,2.5919,2.5009,2.5806,2.5061
lowThrust_9,18045,114806,0.0237,0.0241,0.0222,0.0225
G2_circuit,150103,438388,0.1204,0.1276,0.1229,0.1304
OPF_6000,29903,166160,0.0429,0.0367,0.0401,0.0352
CO,221120,3943588,0.6146,0.6202,0.5188,0.5267
2cubes_sphere,101493,874378,0.1666,0.1692,0.1499,0.1544
TF19,317956,4370721,0.895,0.9102,0.7906,0.8146
net100,29921,1031560,0.1384,0.1109,0.1275,0.0957
rgg_n_2_18_s0,262145,1547283,0.354,0.3607,0.3207,0.3322
TSOPF_RS_b678_c2,35697,8781949,0.3023,0.2797,0.2761,0.2445
amazon0505,410237,3356824,0.6944,0.7053,0.6881,0.6998
cage11,39083,559722,0.1157,0.1159,0.1025,0.1024
lp_ken_18,154700,358171,0.4597,0.1264,0.4536,0.1284
rgg_n_2_17_s0,131073,728753,0.1718,0.1756,0.1586,0.1638
12month1,872623,22624727,16.0731,4.6925,16.1054,4.3565
c-62ghs,41732,300537,0.5152,0.0624,0.5756,0.058
Zd_Jac2_db,22836,676439,0.0856,0.0705,0.0794,0.0624
cz20468,20469,206076,0.0349,0.036,0.031,0.0318
pkustk09,33961,808800,0.0659,0.0633,0.0635,0.0612
Delor295K,1823929,2401323,0.3871,0.3951,0.3632,0.3756
ms2010,171779,419990,0.135,0.1417,0.1354,0.1426
g7jac040sc,11791,114671,0.0307,0.0277,0.0297,0.0265
pds-100,514578,1096002,0.2886,0.2928,0.2857,0.2901
c-49,21133,89087,0.1182,0.0261,0.1227,0.025
ex19,12006,259879,0.0327,0.033,0.0294,0.0302
vsp_model1_crew1_cr42_south31,45102,189976,0.0415,0.0397,0.0362,0.0358
Trefethen_20000,20001,287233,0.0561,0.0566,0.0478,0.0485
lhr71c,70305,1528092,0.1243,0.1252,0.1135,0.1173
ch7-9-b3,105841,423360,0.0943,0.0983,0.0875,0.0937
thermal1,82655,328556,0.0762,0.0797,0.0775,0.0809
ccc,49153,73728,0.037,0.0395,0.037,0.0394
c-62,41732,300537,0.5126,0.0617,0.5857,0.0582
vsp_bcsstk30_500sep_10in_1Kout,58349,2016578,0.482,0.443,0.4143,0.3733
pkustk11,87805,2652858,0.1866,0.1794,0.1737,0.1665
ch7-8-b4,141121,705600,0.1495,0.1537,0.1405,0.1471
IMDB,896309,3782463,1.1008,1.0353,1.0903,1.0343
in-2004,1382909,16917053,1.5392,1.3426,1.5327,1.3104
lhr14c,14271,307858,0.0307,0.0309,0.0273,0.0277
rgg_n_2_21_s0,2097153,14487995,3.3206,3.3359,3.0085,3.062
lhr11,10965,233741,0.0247,0.0251,0.0225,0.023
case9,14455,75801,0.0122,0.0123,0.0112,0.0118
TSOPF_RS_b162_c3,15375,610299,0.0359,0.0358,0.0314,0.0323
Zd_Jac2,22836,1642833,0.1978,0.124,0.1975,0.1046
degme,659416,8127528,82.0216,1.3848,88.5764,1.2183
c-73,169423,724348,0.1629,0.1703,0.1588,0.1667
ABACUS_shell_ud,23413,218484,0.0447,0.0453,0.0388,0.0399
Ga10As10H30,113082,3114357,0.3705,0.3744,0.3122,0.3204
cant,62452,2034917,0.1265,0.1275,0.1153,0.1184
memplus,17759,126150,0.0681,0.0237,0.0756,0.0214
scfxm1-2b,33048,111052,0.029,0.0294,0.0261,0.027
gearbox,153747,4617075,0.2936,0.2928,0.2684,0.2682
brack2,62632,366559,0.0765,0.077,0.0762,0.0776
cage10,11398,150645,0.0374,0.0379,0.034,0.0346
Serena,1391350,32961525,2.3658,2.4204,2.174,2.2433
rajat26,51033,249302,0.5449,0.0612,0.5457,0.0607
stormG2_1000,1377307,3459881,0.7565,0.7721,0.749,0.7653
3D_51448_3D,51449,1056610,1.0827,0.1062,1.1168,0.0992
IG5-15,11988,323509,0.0725,0.065,0.0678,0.0569
TF16,19322,216173,0.0551,0.0511,0.0508,0.0453
cont-300,180896,539396,0.142,0.1506,0.1403,0.1506
ship_003,121729,4103881,0.232,0.2281,0.2165,0.2127
nasasrb,54871,1366097,0.0997,0.1014,0.0926,0.0956
a5esindl,60009,145004,0.5296,0.0472,0.5591,0.048
kron_g500-logn20,1048577,44620272,15.881,10.1805,14.7774,9.3898
std1_Jac2,21983,1248731,0.1672,0.0992,0.1565,0.0843
mult_dcop_02,25188,193276,1.6589,0.0468,1.8846,0.0423
tn2010,240117,596983,0.1859,0.1958,0.1864,0.1959
vsp_bump2_e18_aa01_model1_crew1,56439,300801,0.0643,0.0664,0.0594,0.0621
trans4,116836,766396,15.6274,0.1568,15.5093,0.1569
ted_A,10606,424587,0.031,0.0303,0.0286,0.0287
ABACUS_shell_md,23413,218484,0.045,0.0455,0.0391,0.0398
invextr1_new,30413,1793881,0.2024,0.1914,0.1758,0.1655
ramage02,16831,1441591,0.0966,0.0872,0.0837,0.0753
bcsstm36,23053,166389,0.023,0.0237,0.022,0.0231
circuit5M_dc,3523318,19194193,4.1553,4.2426,4.1871,4.286
Zhao1,33862,166453,0.0424,0.0433,0.0387,0.0402
as-caida,31380,106762,0.2743,0.0363,0.2749,0.0336
c-64b,51036,384438,0.0722,0.0609,0.074,0.0606
rgg_n_2_15_s0,32769,160240,0.0427,0.0439,0.0393,0.0408
lowThrust_12,18459,117423,0.024,0.0243,0.0218,0.0227
image_interp,240001,711683,0.1809,0.1918,0.179,0.1909
dawson5,51538,531157,0.069,0.0708,0.0665,0.069
la2010,204448,490317,0.1654,0.1656,0.1678,0.1661
cnr-2000,325558,3216152,0.4953,0.3159,0.499,0.3069
circuit_4,80210,307604,0.8879,0.0857,0.8664,0.0871
enron,69245,276143,0.2512,0.0703,0.2803,0.0688
c-67,57976,294955,0.1033,0.0634,0.1093,0.0639
ncvxqp5,62501,237483,0.0664,0.0697,0.0641,0.067
g7jac160,47431,656616,0.114,0.1088,0.1063,0.0995
ns3Da,20415,1679599,0.4077,0.3242,0.3626,0.2717
EternityII_E,262145,1503732,7.0349,0.406,7.04,0.408
OPF_10000,43888,255799,0.0453,0.0477,0.0455,0.0479
144,144650,1074393,0.2382,0.2423,0.2236,0.2299
g7jac200sc,59311,837936,0.1402,0.1364,0.1287,0.1228
GL7d15,460262,6080381,1.4267,1.4325,1.3551,1.3613
ch7-9-b4,317521,1587600,0.3303,0.3393,0.3126,0.3277
fe_ocean,143438,409593,0.1189,0.1256,0.1194,0.1269
amazon-2008,735324,5158388,0.8433,0.8642,0.8453,0.8682
olesnik0,88264,402623,0.0834,0.087,0.0852,0.0889
cfd2,123441,1605669,0.1723,0.1765,0.1605,0.1659
rel9,9888049,23667183,5.3447,5.0329,5.3377,5.0355
conf6_0-8x8-30,49153,1916928,0.1514,0.1527,0.1338,0.1362
ia2010,216008,510585,0.163,0.1718,0.1641,0.1726
hugetric-00000,5824555,8733523,4.2371,4.3132,4.2596,4.3463
cyl6,13682,363961,0.0674,0.0277,0.0731,0.0285
PFlow_742,742794,18940627,1.1285,1.1489,1.0362,1.0722
ch7-9-b5,423361,2540160,0.5294,0.5424,0.5012,0.5194
flower_8_4,125362,375266,0.0936,0.0954,0.0907,0.0931
luxembourg_osm,114600,119666,0.0728,0.0777,0.0718,0.0772
3Dspectralwave,680944,17165766,2.1688,2.2086,1.8471,1.8981
tube2,21499,459277,0.031,0.0318,0.0279,0.0287
smt,25711,1889447,0.1088,0.1099,0.0959,0.0961
gupta1,31803,1098006,0.0993,0.0989,0.0839,0.0843
NACA0015,1039184,3114818,1.1281,1.1549,1.1354,1.1621
laminar_duct3D,67174,3833077,0.228,0.238,0.2004,0.2149
Andrews,60001,410077,0.1064,0.1081,0.0975,0.0996
sgpf5y6,312541,831976,0.2379,0.2462,0.2409,0.2505
nd6k,18001,3457658,0.1787,0.1429,0.1629,0.1238
va2010,285763,701064,0.2196,0.2308,0.2196,0.2313
lowThrust_4,13563,84240,0.0193,0.0197,0.0173,0.0176
pkustk08,22210,1624440,0.1625,0.1134,0.1616,0.0979
pds-60,336422,719557,0.1931,0.1959,0.1916,0.1945
wikipedia-20070206,3566908,45030389,11.171,11.2916,10.9057,11.1339
Emilia_923,923137,20964171,1.5571,1.5746,1.4003,1.4399
para-4,153227,5326228,1.2064,0.7381,1.1638,0.6463
crankseg_1,52805,5333507,0.3131,0.2897,0.2799,0.2552
lpl1,32461,180248,0.0958,0.0462,0.1001,0.0426
lowThrust_13,18477,117580,0.0239,0.0245,0.0219,0.0228
wi2010,253097,604702,0.191,0.201,0.192,0.2023
RFdevice,74105,365580,0.1801,0.1042,0.1762,0.1051
cage14,1505786,27130349,5.5342,5.6634,5.0507,5.2702
pkustk12,94654,3803485,1.03,0.2638,1.0906,0.2379
c-67b,57976,294955,0.1029,0.0632,0.109,0.0639
nlpkkt80,1062401,14883536,1.7153,1.7523,1.535,1.5837
g7jac060,17731,203316,0.0458,0.0406,0.0427,0.0367
gridgena,48963,280523,0.0464,0.0488,0.0472,0.0496
g7jac120,35551,475296,0.0877,0.0819,0.0814,0.0749
ex11,16615,1096948,0.0668,0.0677,0.0576,0.0591
cond-mat-2003,31164,120029,0.0274,0.0285,0.0254,0.0268
kneser_10_4_1,349652,992252,0.2948,0.3085,0.2932,0.3074
ks2010,238601,560899,0.1806,0.1904,0.1815,0.1913
ca-HepPh,12009,118521,0.0638,0.0359,0.0666,0.0342
pcrystk03,24697,887937,0.056,0.0565,0.0489,0.0502
cvxbqp1,50001,199984,0.058,0.0599,0.056,0.0582
af_shell10,1508066,27090195,1.557,1.6109,1.5096,1.5849
pkustk07,16861,1217832,0.1209,0.0837,0.111,0.0723
rajat28,87191,607235,3.4442,0.1112,3.6443,0.1099
psse2,28635,115262,0.0231,0.0239,0.0221,0.0233
Freescale2,2999350,23042677,7.5124,4.4125,7.5322,4.2161
Si41Ge41H72,185640,7598452,0.7393,0.7447,0.6238,0.6338
Chebyshev4,68122,5377761,8.3407,0.4423,9.2444,0.3881
ch7-8-b5,141121,846720,0.182,0.1869,0.1724,0.179
circuit5M,5558327,59524291,178.3201,10.1603,178.4542,10.2041
soc-sign-Slashdot090216,81872,545671,0.1505,0.1374,0.1311,0.1248
LeGresley_87936,87937,593276,0.1252,0.1281,0.1214,0.125
pds-70,390006,833465,0.2214,0.2243,0.2197,0.2233
F1,343792,13590452,0.9711,0.9485,0.913,0.9023
xenon1,48601,1181120,0.1161,0.1173,0.1047,0.1069
apache1,80801,311492,0.0773,0.0828,0.0766,0.0813
hcircuit,105677,513072,0.4573,0.1149,0.464,0.1164
torso2,115968,1033473,0.1217,0.1263,0.1182,0.1247
pkustk04,55591,2137125,0.5744,0.1476,0.57,0.1345
vanbody,47073,1191985,0.0799,0.0814,0.0763,0.0788
barrier2-3,113077,3805068,1.3313,0.5488,1.2534,0.4817
cage13,445316,7479343,1.394,1.4193,1.2113,1.2569
dbir2,45878,1158159,0.7225,0.1432,0.8419,0.1208
std1_Jac3_db,21983,531826,0.0714,0.0563,0.0673,0.0504
Long_Coup_dt6,1470153,44279572,2.9207,3.0532,2.7159,2.7214
Lin,256001,1011200,0.2323,0.2449,0.2294,0.2443
tx2010,914232,2228136,0.6838,0.719,0.683,0.7202
light_in_tissue,29283,406084,0.0525,0.0534,0.0466,0.0481
TSOPF_RS_b39_c7,14099,252446,0.0223,0.0228,0.0202,0.0209
nh2010,48838,117275,0.0447,0.0469,0.0449,0.047
barrier2-11,115626,3897557,1.6023,0.5612,1.461,0.4908
dielFilterV2clx,607233,12958252,1.363,1.3757,1.1829,1.2156
pfinan512,74753,335872,0.0779,0.0816,0.0767,0.08
eu-2005,862665,19235140,1.9643,1.6035,1.8663,1.4605
ML_Laplace,377003,27689972,1.3338,1.3667,1.1401,1.203
Ga3As3H12,61350,3016148,0.3334,0.2651,0.3083,0.2279
g7jac080sc,23671,293976,0.0579,0.0531,0.0529,0.0474
IG5-18,47895,1790490,0.3349,0.3338,0.282,0.2822
Dubcova1,16130,134569,0.0227,0.0229,0.0204,0.021
fome20,108176,232647,0.0713,0.0704,0.0717,0.07
cont11_l,1961395,5382999,1.6082,1.6451,1.6143,1.6633
bloweybl,30004,70001,0.6971,0.0234,0.8083,0.0228
TSOPF_FS_b162_c3,30799,904612,0.0498,0.0503,0.0427,0.0434
fem_filter,74063,1731206,0.2498,0.1832,0.2418,0.1646
c-59,41283,260909,0.3197,0.0571,0.3195,0.0529
Ga41As41H72,268097,9378286,0.9784,0.9943,0.819,0.8437
oh2010,365345,884120,0.275,0.2892,0.2756,0.2907
c-58,37596,295076,0.5126,0.0646,0.5037,0.0591
Flan_1565,1564795,59485419,3.3565,3.3507,3.0126,3.0894
Wordnet3,82671,132964,0.0504,0.0537,0.049,0.0535
lhr17,17577,381975,0.0357,0.0362,0.0321,0.0327
trdheim,22099,978711,0.0473,0.048,0.0413,0.0424
amazon0312,400728,3200440,0.6695,0.6804,0.6658,0.6773
crystm02,13966,168435,0.0299,0.0303,0.0264,0.027
StocF-1465,1465138,11235263,1.7457,1.79,1.6882,1.7469
onetone1,36058,341088,0.0601,0.065,0.0564,0.0576
rajat29,643995,4866270,56.9418,0.8383,59.8503,0.846
auto,448696,3314611,0.7676,0.7789,0.7511,0.7652
mark3jac060,27450,170695,0.0368,0.0376,0.0334,0.0345
GL7d14,171376,1831183,0.4057,0.4086,0.3462,0.3521
engine,143572,2424822,0.2645,0.246,0.2573,0.2402
kron_g500-logn19,524289,21781478,10.7852,4.7485,10.2081,4.2568
world,67148,198883,0.2999,0.0604,0.2905,0.0598
cont-201,80596,239596,0.0627,0.067,0.0616,0.0661
c-52,23949,113332,0.1282,0.0282,0.1358,0.0271
bcircuit,68903,375558,0.0715,0.0738,0.0714,0.0742
bbmat,38745,1771722,0.1153,0.1176,0.1037,0.1091
pa2010,421546,1029231,0.3174,0.334,0.317,0.3346
gupta2,62065,2155175,0.1847,0.1861,0.1579,0.1597
Zd_Jac6_db,22836,663643,0.0834,0.0696,0.0735,0.0614
mark3jac120sc,54930,342475,0.071,0.0729,0.0684,0.0704
EAT_SR,23220,325589,0.0822,0.077,0.0708,0.0674
dixmaanl,60001,179999,0.057,0.0603,0.0567,0.0599
af23560,23561,484256,0.0469,0.0476,0.0409,0.0417
ch8-8-b4,376321,1881600,0.3904,0.4018,0.371,0.3883
south31,36322,112398,0.0281,0.0246,0.0278,0.0243
c-48,18355,92217,0.0727,0.024,0.0818,0.0239
msc10848,10849,620313,0.0533,0.0401,0.0524,0.036
n4c6-b8,198896,1790055,0.3615,0.3657,0.3248,0.3327
Ge99H100,112986,4282190,0.4382,0.4446,0.3722,0.3805
c-43,11126,67400,0.0239,0.0168,0.0233,0.0164
citationCiteseer,268496,1156647,0.4271,0.3383,0.4199,0.3337
TSOPF_FS_b39_c30,120217,1575639,0.1233,0.1221,0.1195,0.1193
onetone2,36058,227628,0.0421,0.0433,0.0403,0.0417
Hook_1498,1498024,31207734,2.2453,2.2734,2.0966,2.1227
blockqp1,60013,340022,4.1683,0.0594,4.7465,0.057
ch7-7-b5,52921,211680,0.0511,0.0526,0.0482,0.0502
mario001,38435,114643,0.0301,0.0315,0.028,0.0297
net125,36721,1306960,0.1677,0.1363,0.155,0.1189
igbt3,10939,234006,0.0418,0.0417,0.0376,0.0368
vsp_msc10848_300sep_100in_1Kout,21997,1221028,0.3218,0.2649,0.3063,0.2232
crashbasis,160001,1750416,0.2445,0.249,0.2419,0.2476
ecology2,1000000,2997995,0.7509,0.8114,0.7798,0.8384
matrix_9,103431,2121550,1.1778,0.1896,1.2235,0.1772
webbase-1M,1000006,3105536,0.9571,0.8033,0.9455,0.7917
lowThrust_7,17379,110607,0.0228,0.0235,0.0215,0.0219
HEP-th-new,27771,352807,0.1188,0.0858,0.1186,0.0738
turon_m,189925,912345,0.1741,0.1814,0.1775,0.1853
rajat22,39900,197264,0.3758,0.0512,0.4476,0.0515
viscorocks,37763,1162244,0.0737,0.0751,0.07,0.0723
ri2010,25182,62875,0.0233,0.0242,0.0223,0.0228
Maragal_8,75078,1308415,1.0323,0.2012,1.1635,0.1758
onera_dual,85568,252384,0.0719,0.0757,0.0736,0.0773
Dubcova3,146690,1891669,0.1765,0.1822,0.174,0.1801
vsp_c-60_data_cti_cs4,85831,241080,0.3333,0.0602,0.3455,0.0603
Dubcova2,65026,547625,0.0871,0.0896,0.0852,0.0879
fome21,216351,465294,0.1297,0.1316,0.1283,0.1307
cbuckle,13682,345098,0.0543,0.0266,0.0576,0.0255
coPapersCiteseer,434103,16036720,0.8506,0.8721,0.7736,0.8074
coAuthorsDBLP,299068,977676,0.2242,0.2348,0.224,0.2347
D6-6,120577,146880,0.0534,0.0552,0.052,0.0541
darcy003,389875,1167685,0.3764,0.3874,0.38,0.3908
c-55,32781,218115,0.3042,0.0467,0.3057,0.0423
rajat16,94295,641159,3.4996,0.1173,3.4502,0.1167
para-8,155925,5416358,1.4695,0.7512,1.3821,0.6566
bone010,986704,36326514,1.9224,1.9371,1.7339,1.7605
mono_500Hz,169411,5036288,0.7352,0.6753,0.6694,0.605
kron_g500-logn16,65537,2456398,1.1949,0.5063,1.2264,0.4252
Ill_Stokes,20897,191368,0.0487,0.0492,0.0419,0.0429
bfly,49153,98304,0.0408,0.0434,0.0418,0.0439
fxm4_6,18893,258368,0.0467,0.0366,0.0437,0.0335
vsp_befref_fxm_2_4_air02,14110,98224,0.0199,0.0198,0.018,0.0181
s3dkq4m2,90450,2455670,0.1226,0.1255,0.1171,0.1219
bauru5727,40367,145019,0.0406,0.0426,0.0413,0.043
foldoc,13357,120238,0.0268,0.0239,0.0248,0.022
flickr,820879,9837214,2.3454,2.1874,2.0413,1.9541
n4c6-b10,186559,1456422,0.2978,0.3009,0.2688,0.274
SiO,33402,675528,0.1297,0.1024,0.1234,0.0896
lhr17c,17577,381975,0.0359,0.0367,0.0326,0.0332
n4c6-b5,51814,310878,0.0669,0.0684,0.0599,0.0622
tsyl201,20686,1237821,0.0912,0.0762,0.0812,0.0658
ldoor,952204,23737339,1.2844,1.3104,1.2259,1.265
graphics,29494,117954,0.0165,0.0176,0.0153,0.0165
soc-Epinions1,75889,508837,0.3135,0.1302,0.3254,0.1192
rgg_n_2_20_s0,1048577,6891620,1.5471,1.5686,1.3735,1.4113
boyd1,93280,652246,10.892,0.1262,12.2693,0.1233
std1_Jac2_db,21983,498771,0.0686,0.0537,0.066,0.0486
net50,16321,480760,0.0865,0.0576,0.0816,0.0502
olafu,16147,515651,0.0332,0.0339,0.0296,0.0304
kron_g500-logn17,131073,5114375,3.847,1.0593,3.7546,0.8883
ted_A_unscaled,10606,424587,0.0312,0.0306,0.0293,0.0288
Maragal_7,46846,1200537,1.6756,0.1765,1.7511,0.1561
struct3,53571,613632,0.0662,0.0686,0.0642,0.0666
atmosmodm,1489753,10319760,2.1155,2.1729,2.1076,2.1636
rajat15,37262,443573,0.3336,0.0735,0.3678,0.0681
venkat01,62425,1717792,0.1431,0.1446,0.1285,0.1313
neos,515906,1526794,0.3916,0.4096,0.4035,0.4229
Cube_Coup_dt0,2164761,64685452,4.349,4.3266,3.8789,3.9856
Fault_639,638803,14626683,1.0362,1.0499,0.941,0.9685
Si34H36,97570,2626974,0.324,0.3256,0.279,0.2791
Stanford,281904,2312497,5.324,0.6515,5.7064,0.6513
wy2010,86205,213793,0.08,0.0782,0.0798,0.0786
scagr7-2r,46680,120141,0.0348,0.0364,0.0348,0.0364
m_t1,97579,4925574,0.2589,0.2559,0.2346,0.2302
ohne2,181344,11063545,1.3894,1.0662,1.3047,0.9229
tandem_vtx,18455,135902,0.0272,0.0274,0.0251,0.026
Rucci1,1977886,7791168,1.0457,1.1789,0.9792,1.1206
PR02R,161071,8185136,0.4819,0.4846,0.4212,0.4284
fe_tooth,78137,452591,0.0894,0.0925,0.0889,0.092
gyro_m,17362,178896,0.0354,0.0361,0.0318,0.0324
c-73b,169423,724348,0.1631,0.1708,0.1587,0.1669
sc2010,181909,446580,0.1449,0.1522,0.1456,0.1534
bloweya,30005,80005,0.7307,0.0235,0.7697,0.0225
a2nnsnsl,80017,196115,0.9865,0.0633,1.1791,0.0639
lhr10c,10673,232633,0.0246,0.025,0.0226,0.0233
GL7d17,1548651,25978098,7.7866,8.6497,7.7861,8.7062
dbir1,45776,1077025,0.5601,0.13,0.6273,0.1119
me2010,69519,167738,0.0641,0.0643,0.0655,0.0655
largebasis,440021,5560100,0.6115,0.6284,0.6241,0.6424
c-70,68925,363955,0.501,0.0858,0.4895,0.0828
p2p-Gnutella31,62587,147892,0.0592,0.0609,0.0603,0.0624
mk12-b3,51976,207900,0.0481,0.05,0.0431,0.0452
vsp_mod2_pgp2_slptsk,101365,389368,0.1512,0.1035,0.1581,0.0995
mark3jac060sc,27450,170695,0.0376,0.038,0.0339,0.0345
av41092,41093,1683902,0.3079,0.1751,0.3255,0.1546
filter3D,106438,1406808,0.2009,0.203,0.1786,0.1832
dc2,116836,766396,15.6241,0.1576,15.5566,0.1573
n4c6-b9,198896,1865580,0.3805,0.3847,0.342,0.3489
ut2010,115407,286033,0.0964,0.1009,0.0977,0.1022
bcsstk30,28925,1036208,0.0772,0.0684,0.0731,0.0633
cit-HepPh,34547,421578,0.12,0.1037,0.109,0.0903
e40r0100,17282,553562,0.0597,0.0582,0.0519,0.0506
fome13,97841,285056,0.0977,0.0865,0.0951,0.0841
ship_001,34921,2339575,0.1203,0.1107,0.1104,0.1012
af_shell5,504856,9046865,0.5271,0.5463,0.5131,0.5387
SiO2,155332,5719417,0.6972,0.5622,0.6191,0.4781
Chevron2,90250,803173,0.0943,0.098,0.0938,0.0983
c-50,22402,108013,0.1079,0.0257,0.121,0.0249
g7jac180sc,53371,747276,0.1282,0.1218,0.1158,0.111
c-big,345242,1343126,2.7056,0.3424,2.7081,0.3402
ncvxbqp1,50001,199984,0.0579,0.0599,0.0558,0.0582
iChem_Jacobian,274088,4137369,0.5481,0.554,0.4941,0.5059
Zd_Jac6,22836,1711983,0.1916,0.1258,0.1779,0.1059
pwtk,217919,5926171,0.2978,0.2934,0.2857,0.2853
pltexpa,70365,143059,0.0481,0.0494,0.0483,0.0494
web-Stanford,281904,2312497,0.5496,0.5434,0.5133,0.509
garon2,13536,390607,0.0566,0.0539,0.0501,0.0468
TSOPF_RS_b162_c4,20375,812749,0.0458,0.0462,0.04,0.0409
g7jac100,29611,384636,0.0752,0.0681,0.0677,0.0622
atmosmodd,1270433,8814880,1.7745,1.8251,1.7517,1.8025
shallow_water1,81921,204800,0.0618,0.0659,0.0622,0.0658
poisson3Db,85624,2374949,0.4712,0.4879,0.4045,0.4275
human_gene1,22284,12345963,1.9355,1.4563,1.8327,1.2058
cont1_l,1921597,7031999,1.8105,1.8677,1.8046,1.8814
Si10H16,17078,446500,0.0676,0.0611,0.0601,0.0528
tmt_sym,726714,2903837,0.5499,0.5884,0.5671,0.6059
cat_ears_4_4,44449,132888,0.0354,0.0361,0.0318,0.0326
nv2010,84539,208499,0.0717,0.0755,0.0722,0.0765
G3_circuit,1585479,4623152,1.2921,1.3592,1.3139,1.3856
mip1,66464,5209641,0.2163,0.1905,0.2122,0.1772
delaunay_n15,32769,98274,0.024,0.026,0.0228,0.0241
conf5_4-8x8-05,49153,1916928,0.1527,0.1534,0.1344,0.1364
c-63,44235,239469,0.344,0.0554,0.4049,0.0546
web-BerkStan,685231,7600595,0.7545,0.7568,0.7197,0.7268
mri1,147457,589824,0.089,0.0913,0.0876,0.0905
hangGlider_5,16012,82070,0.4723,0.0201,0.5483,0.0192
pkustk01,22045,500712,0.0475,0.0427,0.0471,0.0404
nd24k,72001,14393817,0.6015,0.5536,0.5205,0.4823
ok2010,269119,637074,0.2047,0.2151,0.206,0.2172
c-71,76639,468096,0.796,0.1072,0.8922,0.1023
s4dkt3m2,90450,1921955,0.1085,0.1116,0.105,0.1095
af_0_k101,503626,9027150,0.5237,0.5427,0.511,0.5374
rgg_n_2_19_s0,524289,3269766,0.7396,0.7516,0.661,0.6826
pkustk02,10801,410400,0.0373,0.0323,0.0371,0.03
mult_dcop_01,25188,193276,1.6316,0.0463,1.8901,0.0421
debr,1048577,2097149,0.8701,0.923,0.8719,0.9256
nlpkkt120,3542401,50194096,6.0618,6.1704,5.6002,5.7809
lhr14,14271,307858,0.0303,0.0307,0.0273,0.028
xenon2,157465,3866688,0.3549,0.358,0.312,0.3185
thermal2,1228046,4904179,1.033,1.0771,1.046,1.0931
bratu3d,27793,88627,0.0226,0.0227,0.0204,0.0209
soc-sign-epinions,131829,841372,0.384,0.2102,0.3916,0.1941
ecology1,1000001,2998000,0.7495,0.8129,0.7822,0.8443
belgium_osm,1441296,1549970,0.8859,0.9379,0.8752,0.9232
Ge87H76,112986,4002590,0.4248,0.4294,0.3623,0.3673
ca-AstroPh,18773,198110,0.0685,0.0531,0.064,0.0477
rajat10,30203,80202,0.0233,0.0243,0.0217,0.0228
GL7d21,1437548,18174775,5.642,5.8853,5.6931,5.9309
c-72,84065,395811,0.5964,0.101,0.5815,0.098
g7jac140,41491,565956,0.104,0.0974,0.0948,0.089
ABACUS_shell_hd,23413,218484,0.0447,0.0453,0.0389,0.0398
gyro_k,17362,519260,0.0402,0.0403,0.0357,0.0361
vsp_c-30_data_data,11024,62184,0.0106,0.0109,0.0099,0.0104
c-65,48067,204297,0.3349,0.056,0.3406,0.0542
chem_master1,40402,201201,0.0427,0.0447,0.0428,0.0451
jan99jac100,34455,215862,0.0435,0.0445,0.0394,0.0411
soc-LiveJournal1,4847572,68993773,16.1383,16.4028,15.9501,16.2302
Transport,1602112,23500731,2.8839,2.974,2.7666,2.8297
lp_osa_60,243247,1408073,30.7709,0.3153,30.9249,0.3154
mark3jac100sc,45770,285215,0.0602,0.0616,0.0572,0.0594
n4c6-b11,132403,830820,0.175,0.1772,0.1607,0.1641
dielFilterV3clx,420409,16653308,1.4111,1.4081,1.2081,1.2265
rgg_n_2_16_s0,65537,342127,0.0843,0.0866,0.0796,0.083
lhr34c,35153,764014,0.0659,0.0669,0.0608,0.0623
vsp_south31_slptsk,39669,189914,0.041,0.0434,0.0382,0.0391
conf5_4-8x8-20,49153,1916928,0.1517,0.1528,0.1342,0.136
raefsky3,21201,1488768,0.0606,0.0614,0.0517,0.0529
dictionary28,52653,89038,0.0358,0.0384,0.0352,0.038
wa2010,195575,473716,0.1546,0.1625,0.1542,0.1623
parabolic_fem,525826,2100225,0.5943,0.6092,0.5973,0.615
para-6,155925,5416358,1.4703,0.7509,1.3748,0.6571
vsp_p0291_seymourl_iiasa,10499,53868,0.0455,0.0182,0.0511,0.0174
g7jac180,53371,747276,0.1279,0.1218,0.1158,0.1111
email-Enron,36693,183831,0.0384,0.0392,0.0342,0.0354
fl2010,484482,1173147,0.3659,0.3849,0.3656,0.3863
TSOPF_RS_b2383,38121,16171169,0.5289,0.4799,0.4898,0.409
ckt11752_tr_0,49703,333029,0.3247,0.06,0.3618,0.0597
hollywood-2009,1139906,57515616,7.3664,7.3058,6.7583,6.5947
bundle_adj,513352,10360701,0.5905,0.6061,0.551,0.5742
rajat30,643995,6175377,57.1763,0.9922,62.1506,0.9827
bayer01,57736,277774,0.058,0.0603,0.058,0.0606
juba40k,40338,144945,0.0401,0.0421,0.0401,0.0424
cz10228,10229,102876,0.0214,0.0216,0.0194,0.02
dc1,116836,766396,15.6184,0.1572,15.5463,0.1572
shar_te2-b3,200201,800800,0.2024,0.2112,0.2036,0.2129
rajat25,87191,607235,3.4084,0.1109,3.6314,0.11
lung2,109461,492564,0.0997,0.1045,0.0995,0.1052
lhr71,70305,1528092,0.1234,0.1251,0.1137,0.117
wing,62033,121544,0.0489,0.0517,0.0494,0.0524
lowThrust_8,17703,113139,0.0235,0.024,0.0215,0.0222
caidaRouterLevel,192245,609066,0.17,0.1766,0.1651,0.1725
venkat25,62425,1717792,0.1432,0.1446,0.1292,0.132
apache2,715177,2766523,0.6308,0.6648,0.6214,0.6612
barrier2-4,113077,3805068,1.3233,0.5498,1.2508,0.4813
spal_004,321697,46168124,11.8759,11.5544,11.3992,11.6027
ljournal-2008,5363261,79023142,14.2941,14.4422,13.7155,13.9295
sc205-2r,62424,123239,0.0387,0.0405,0.0395,0.0409
333SP,3712816,11108633,3.8247,3.918,3.8588,3.9583
3Dspectralwave2,292009,7307376,0.9329,0.9442,0.7848,0.8118
copter1,17223,114143,0.022,0.0223,0.0198,0.0205
epb3,84618,463625,0.076,0.0809,0.0772,0.0819
sme3Db,29068,2081063,0.4717,0.3998,0.4103,0.3358
CurlCurl_1,226452,1349261,0.1969,0.2062,0.1981,0.2088
bcsstk37,25504,583240,0.0397,0.0403,0.0367,0.0382
skirt,12599,104559,0.0177,0.0181,0.0166,0.0173
Ga19As19H42,133124,4508981,0.4889,0.4845,0.4202,0.414
epb2,25229,175027,0.0261,0.0272,0.0244,0.0255
rail_20209,20210,79721,0.0199,0.019,0.0169,0.0177
net75,23121,756160,0.1133,0.0828,0.1064,0.0714
barrier2-9,115626,3897557,1.601,0.5613,1.46,0.49
HV15R,2017170,283073458,14.0599,14.8311,12.5306,13.2824
hood,220543,5494489,0.3055,0.3116,0.29,0.3003
TSOPF_RS_b2052_c1,25627,6761100,0.2475,0.2153,0.2362,0.1886
boneS10,914899,28191660,1.5761,1.5946,1.4252,1.4642
patents,3774769,14970767,5.2803,5.0663,5.3195,5.1143
mark3jac100,45770,285215,0.0602,0.0613,0.0569,0.0594
af_3_k101,503626,9027150,0.523,0.5425,0.511,0.5371
delaunay_n19,524289,1572823,0.3849,0.4025,0.3909,0.4093
c-60,43641,171109,0.2446,0.049,0.2416,0.0481
af_5_k101,503626,9027150,0.5228,0.5423,0.511,0.5371
bundle1,10582,390741,0.0333,0.0281,0.0332,0.0263
c-47,15344,113372,0.0503,0.0301,0.055,0.0273
shar_te2-b2,200201,600600,0.1357,0.1466,0.1353,0.1486
Hamrle3,1447361,5514242,1.3177,1.3636,1.3267,1.3751
astro-ph,16707,121251,0.0249,0.0247,0.0225,0.0223
aug3dcqp,35544,77829,0.0282,0.0305,0.0269,0.0295
denormal,89401,622812,0.0883,0.0929,0.0873,0.0928
nj2010,169589,414956,0.1317,0.1387,0.1317,0.1391
Delor64K,1785346,652140,0.1307,0.1327,0.1222,0.1247
vsp_finan512_scagr7-2c_rlfddd,139753,552020,0.1164,0.1219,0.1148,0.1209
HTC_336_4438,226341,565431,0.2093,0.2092,0.2087,0.2095
thread,29737,2249892,0.1416,0.121,0.1353,0.1095
soc-sign-Slashdot081106,77358,516575,0.1422,0.1288,0.1313,0.1165
ASIC_680ks,682713,2329176,0.616,0.5815,0.6099,0.5783
spmsrtls,29996,129971,0.0183,0.0192,0.0165,0.0177
3D_28984_Tetra,28985,599170,0.6589,0.067,0.7217,0.0607
lowThrust_11,18369,117002,0.0242,0.0246,0.022,0.0228
ibm_matrix_2,51449,1056610,1.0825,0.1067,1.1162,0.0999
ct2010,67579,168176,0.0579,0.0609,0.058,0.0611
ga2010,291087,709028,0.2226,0.234,0.2222,0.2344
shipsec8,114920,3384159,0.204,0.2061,0.1873,0.1915
pdb1HYS,36418,2190591,0.1089,0.1053,0.1027,0.0989
pkustk05,37165,1121154,0.0916,0.0826,0.0855,0.0781
TSOPF_FS_b300,29215,2203949,0.095,0.0869,0.0813,0.0726
ecl32,51994,380415,0.0754,0.0768,0.0689,0.0712
t3dh,79172,2215638,0.1922,0.1906,0.1719,0.1715
p010,19091,118000,0.5433,0.0302,0.6421,0.0264
soc-sign-Slashdot090221,82145,549202,0.159,0.1364,0.1549,0.1247
bmw3_2,227363,5757996,0.3589,0.3397,0.3352,0.3244
ESOC,327063,6019939,0.8024,0.8061,0.6618,0.6728
Trefethen_20000b,20000,287217,0.0559,0.0566,0.0474,0.0484
af_shell9,504856,9046865,0.527,0.5461,0.5131,0.5383
inlet,11731,328323,0.0268,0.0271,0.0237,0.0242
shermanACb,18511,145149,0.7054,0.0345,0.7413,0.0317
TSOPF_FS_b162_c4,40799,1204322,0.0636,0.0644,0.0556,0.0556
IG5-16,18847,588326,0.1194,0.1125,0.1048,0.0959
JP,87617,13734559,2.0911,2.0984,1.7325,1.737
std1_Jac3,21983,1455848,0.1869,0.1089,0.1785,0.0928
ASIC_680k,682863,3871773,53.154,0.9628,56.618,0.9695
t3dh_a,79172,2215638,0.1925,0.1904,0.1717,0.1713
TSOPF_RS_b39_c19,38099,684206,0.0542,0.0554,0.0503,0.0521
GL7d19,1955310,37322725,11.51,12.7434,11.5559,12.8741
TSOPF_FS_b300_c1,29215,2203949,0.0951,0.0864,0.0806,0.0723
torsion1,40001,118804,0.0346,0.0373,0.0358,0.0384
mark3jac040,18290,113435,0.0264,0.0269,0.0243,0.0251
ca2010,710146,1744683,0.5522,0.5763,0.5509,0.5767
neos3,518833,2055024,0.7735,0.4836,0.8037,0.4776
bodyy4,17547,69742,0.0158,0.0163,0.0148,0.0156
ford2,100197,322442,0.0867,0.0907,0.0878,0.0921
patents_main,240548,560943,0.1953,0.1931,0.1922,0.1931
sparsine,50001,799494,0.1868,0.187,0.1629,0.1642
wave,156318,1059331,0.1706,0.1753,0.1652,0.1711
dielFilterV2real,1157457,24848204,2.6534,2.6808,2.2818,2.3694
bmwcra_1,148771,5396386,0.3335,0.3208,0.2995,0.2944
net4-1,88344,1265035,0.2778,0.2551,0.2497,0.2267
windscreen,22693,752541,0.0476,0.0479,0.0416,0.0423
g7jac060sc,17731,203316,0.0454,0.0403,0.0424,0.0368
gas_sensor,66918,885141,0.1081,0.1096,0.0987,0.1018
jan99jac120,41375,260202,0.0517,0.0533,0.0502,0.0524
t2dah_e,11446,93781,0.0127,0.0131,0.0117,0.0124
venturiLevel3,4026820,8054237,2.9089,3.0412,2.928,3.0601
ncvxqp7,87501,312481,0.0855,0.0889,0.0823,0.0869
dc3,116836,766396,15.6273,0.157,15.5738,0.1567
fullb,199188,5953632,0.3036,0.3088,0.2901,0.2984
lpl3,33687,100525,0.198,0.0296,0.2254,0.0282
t3dh_e,79172,2215638,0.1921,0.1906,0.1716,0.1716
internet,124652,207214,0.1124,0.1084,0.1161,0.1094
vt2010,32581,77799,0.0281,0.029,0.0262,0.0278
qa8fk,66128,863353,0.0978,0.1,0.0915,0.0949
roadNet-TX,1393384,1921660,0.85,0.904,0.8403,0.8917
c-69,67459,345714,0.4813,0.0819,0.5553,0.0823
sme3Dc,42931,3148656,0.6238,0.602,0.5263,0.5036
LargeRegFile,2111155,4944201,1.1481,1.2625,1.1185,1.2312
mk13-b5,270271,810810,0.1963,0.2014,0.1947,0.2003
as-Skitter,1696416,11095298,1.8436,1.8995,1.7732,1.8384
TSOPF_FS_b39_c7,28217,368599,0.0295,0.0298,0.0267,0.0271
helm3d01,32227,230335,0.0435,0.0444,0.0389,0.0402
human_gene2,14341,9041364,1.4161,0.9359,1.3164,0.7777
wathen100,30402,251001,0.0327,0.034,0.0291,0.0305
thermomech_dM,204317,813716,0.2301,0.2374,0.2252,0.2332
s3dkt3m2,90450,1921955,0.1076,0.111,0.1044,0.1088
bcsstk29,13993,316740,0.0268,0.0271,0.0246,0.0253
soc-Slashdot0811,77361,905468,0.4373,0.2079,0.4271,0.1862
tp-6,1014302,11537419,115.3984,2.1318,116.4621,1.9995
GL7d18,1955310,35590540,10.9293,12.2326,10.9487,12.3601
psse0,26723,102432,0.0174,0.0182,0.0164,0.0173
c-42,10472,60378,0.0545,0.0174,0.059,0.0174
mn2010,259778,613551,0.1942,0.2047,0.1947,0.2052
opt1,15450,973052,0.0612,0.056,0.0558,0.0497
F2,71506,2682895,0.2,0.1947,0.1836,0.178
c-61,43619,176817,0.2816,0.0501,0.2856,0.0485
barrier2-1,113077,3805068,1.3244,0.549,1.2476,0.4816
wathen120,36442,301101,0.0397,0.0415,0.0382,0.0405
cfd1,70657,949510,0.1134,0.1152,0.1034,0.1067
