Dataset,Dim,Initial-16x1,with-8x1-v2,with-8x1-MR-v2,Speedup1-v2,Speedup2-v2
blog,64,1.0264,1.5824,1.2097,0.6486,0.8485
blog,128,1.3154,1.641,1.2576,0.8016,1.046
blog,256,2.0158,1.7563,1.4561,1.1478,1.3844
blog,512,3.5573,2.6886,2.2228,1.3231,1.6004
blog,1024,7.1249,5.5118,4.588,1.2927,1.5529
reddit,64,7.1623,5.994,5.0787,1.1949,1.4103
reddit,128,12.6135,11.4152,9.8909,1.105,1.2753
reddit,256,24.2133,22.753,19.9961,1.0642,1.2109
reddit,512,49.6283,47.0334,42.0395,1.0552,1.1805
reddit,1024,105.9155,99.6554,91.1298,1.0628,1.1622
amazon,64,1.5727,1.6593,1.4167,0.9478,1.1101
amazon,128,2.169,1.8045,1.5864,1.202,1.3672
amazon,256,3.7008,2.9921,2.443,1.2369,1.5149
amazon,512,7.0341,6.0983,5.0742,1.1535,1.3862
amazon,1024,14.1839,12.6318,10.7426,1.1229,1.3203
IGB_medium,64,15.0119,14.9232,10.3585,1.0059,1.4492
IGB_medium,128,28.479,28.5339,20.4162,0.9981,1.3949
IGB_medium,256,56.9317,57.0464,40.3892,0.998,1.4096
IGB_medium,512,112.6832,112.7572,80.5499,0.9993,1.3989
AmazonProducts,64,23.0438,17.8902,14.5023,1.2881,1.589
AmazonProducts,128,43.2411,34.1687,28.6261,1.2655,1.5105
AmazonProducts,256,87.2616,70.1729,60.886,1.2435,1.4332
AmazonProducts,512,183.4261,146.4478,131.8625,1.2525,1.391
